Datetime,Open,High,Low,Close,Adj Close,Volume
2024-03-18 09:55:00+03:00,10.270000457763672,10.270000457763672,10.270000457763672,10.270000457763672,10.270000457763672,0.0
2024-03-18 10:00:00+03:00,10.279999732971191,10.3100004196167,10.25,10.260000228881836,10.260000228881836,6818984.0
2024-03-18 10:05:00+03:00,10.260000228881836,10.3100004196167,10.220000267028809,10.300000190734863,10.300000190734863,6070294.0
2024-03-18 10:10:00+03:00,10.300000190734863,10.3100004196167,10.25,10.270000457763672,10.270000457763672,3960076.0
2024-03-18 10:15:00+03:00,10.270000457763672,10.3100004196167,10.260000228881836,10.270000457763672,10.270000457763672,2067934.0
2024-03-18 10:20:00+03:00,10.270000457763672,10.279999732971191,10.25,10.25,10.25,968882.0
2024-03-18 10:25:00+03:00,10.260000228881836,10.289999961853027,10.239999771118164,10.279999732971191,10.279999732971191,2007415.0
2024-03-18 10:30:00+03:00,10.279999732971191,10.319999694824219,10.270000457763672,10.3100004196167,10.3100004196167,3136087.0
2024-03-18 10:35:00+03:00,10.319999694824219,10.34000015258789,10.300000190734863,10.319999694824219,10.319999694824219,2581722.0
2024-03-18 10:40:00+03:00,10.319999694824219,10.380000114440918,10.3100004196167,10.329999923706055,10.329999923706055,4284876.0
2024-03-18 10:45:00+03:00,10.329999923706055,10.359999656677246,10.3100004196167,10.359999656677246,10.359999656677246,1645873.0
2024-03-18 10:50:00+03:00,10.359999656677246,10.359999656677246,10.319999694824219,10.329999923706055,10.329999923706055,1385469.0
2024-03-18 10:55:00+03:00,10.329999923706055,10.369999885559082,10.319999694824219,10.359999656677246,10.359999656677246,2121024.0
2024-03-18 11:00:00+03:00,10.350000381469727,10.369999885559082,10.350000381469727,10.359999656677246,10.359999656677246,1388003.0
2024-03-18 11:05:00+03:00,10.369999885559082,10.369999885559082,10.350000381469727,10.350000381469727,10.350000381469727,798748.0
2024-03-18 11:10:00+03:00,10.359999656677246,10.359999656677246,10.34000015258789,10.350000381469727,10.350000381469727,1014836.0
2024-03-18 11:15:00+03:00,10.350000381469727,10.350000381469727,10.319999694824219,10.34000015258789,10.34000015258789,1052672.0
2024-03-18 11:20:00+03:00,10.34000015258789,10.369999885559082,10.319999694824219,10.369999885559082,10.369999885559082,2520099.0
2024-03-18 11:25:00+03:00,10.359999656677246,10.390000343322754,10.359999656677246,10.380000114440918,10.380000114440918,2347875.0
2024-03-18 11:30:00+03:00,10.380000114440918,10.4399995803833,10.380000114440918,10.430000305175781,10.430000305175781,7615213.0
2024-03-18 11:35:00+03:00,10.4399995803833,10.460000038146973,10.40999984741211,10.430000305175781,10.430000305175781,5529138.0
2024-03-18 11:40:00+03:00,10.430000305175781,10.449999809265137,10.420000076293945,10.4399995803833,10.4399995803833,1457493.0
2024-03-18 11:45:00+03:00,10.4399995803833,10.470000267028809,10.430000305175781,10.449999809265137,10.449999809265137,2069872.0
2024-03-18 11:50:00+03:00,10.460000038146973,10.5,10.4399995803833,10.5,10.5,8831519.0
2024-03-18 11:55:00+03:00,10.5,10.520000457763672,10.479999542236328,10.489999771118164,10.489999771118164,4090221.0
2024-03-18 12:00:00+03:00,10.5,10.510000228881836,10.449999809265137,10.470000267028809,10.470000267028809,4619888.0
2024-03-18 12:05:00+03:00,10.479999542236328,10.479999542236328,10.449999809265137,10.449999809265137,10.449999809265137,2023273.0
2024-03-18 12:10:00+03:00,10.460000038146973,10.479999542236328,10.4399995803833,10.470000267028809,10.470000267028809,1141804.0
2024-03-18 12:15:00+03:00,10.470000267028809,10.489999771118164,10.449999809265137,10.479999542236328,10.479999542236328,2072533.0
2024-03-18 12:20:00+03:00,10.470000267028809,10.489999771118164,10.449999809265137,10.449999809265137,10.449999809265137,709245.0
2024-03-18 12:25:00+03:00,10.460000038146973,10.470000267028809,10.430000305175781,10.4399995803833,10.4399995803833,2815546.0
2024-03-18 12:30:00+03:00,10.4399995803833,10.479999542236328,10.430000305175781,10.470000267028809,10.470000267028809,2403641.0
2024-03-18 12:35:00+03:00,10.470000267028809,10.479999542236328,10.449999809265137,10.460000038146973,10.460000038146973,2657268.0
2024-03-18 12:40:00+03:00,10.460000038146973,10.470000267028809,10.4399995803833,10.4399995803833,10.4399995803833,928113.0
2024-03-18 12:45:00+03:00,10.4399995803833,10.449999809265137,10.40999984741211,10.430000305175781,10.430000305175781,1256724.0
2024-03-18 12:50:00+03:00,10.430000305175781,10.460000038146973,10.420000076293945,10.449999809265137,10.449999809265137,1165485.0
2024-03-18 12:55:00+03:00,10.449999809265137,10.449999809265137,10.40999984741211,10.40999984741211,10.40999984741211,1072355.0
2024-03-18 13:00:00+03:00,10.420000076293945,10.430000305175781,10.399999618530273,10.420000076293945,10.420000076293945,1390824.0
2024-03-18 13:05:00+03:00,10.420000076293945,10.430000305175781,10.390000343322754,10.399999618530273,10.399999618530273,1678482.0
2024-03-18 13:10:00+03:00,10.399999618530273,10.399999618530273,10.359999656677246,10.390000343322754,10.390000343322754,2413439.0
2024-03-18 13:15:00+03:00,10.390000343322754,10.399999618530273,10.380000114440918,10.390000343322754,10.390000343322754,345025.0
2024-03-18 13:20:00+03:00,10.390000343322754,10.40999984741211,10.369999885559082,10.40999984741211,10.40999984741211,911458.0
2024-03-18 13:25:00+03:00,10.399999618530273,10.420000076293945,10.390000343322754,10.399999618530273,10.399999618530273,1329755.0
2024-03-18 13:30:00+03:00,10.40999984741211,10.40999984741211,10.390000343322754,10.399999618530273,10.399999618530273,555875.0
2024-03-18 13:35:00+03:00,10.390000343322754,10.40999984741211,10.380000114440918,10.380000114440918,10.380000114440918,644711.0
2024-03-18 13:40:00+03:00,10.390000343322754,10.420000076293945,10.380000114440918,10.40999984741211,10.40999984741211,1017761.0
2024-03-18 13:45:00+03:00,10.40999984741211,10.40999984741211,10.380000114440918,10.380000114440918,10.380000114440918,826276.0
2024-03-18 13:50:00+03:00,10.380000114440918,10.390000343322754,10.369999885559082,10.380000114440918,10.380000114440918,743836.0
2024-03-18 13:55:00+03:00,10.390000343322754,10.390000343322754,10.359999656677246,10.380000114440918,10.380000114440918,1624617.0
2024-03-18 14:00:00+03:00,10.380000114440918,10.380000114440918,10.350000381469727,10.359999656677246,10.359999656677246,1129908.0
2024-03-18 14:05:00+03:00,10.359999656677246,10.359999656677246,10.350000381469727,10.359999656677246,10.359999656677246,1058463.0
2024-03-18 14:10:00+03:00,10.350000381469727,10.359999656677246,10.3100004196167,10.34000015258789,10.34000015258789,1481425.0
2024-03-18 14:15:00+03:00,10.329999923706055,10.369999885559082,10.319999694824219,10.369999885559082,10.369999885559082,778411.0
2024-03-18 14:20:00+03:00,10.369999885559082,10.369999885559082,10.329999923706055,10.329999923706055,10.329999923706055,1150588.0
2024-03-18 14:25:00+03:00,10.329999923706055,10.350000381469727,10.329999923706055,10.329999923706055,10.329999923706055,813836.0
2024-03-18 14:30:00+03:00,10.34000015258789,10.34000015258789,10.319999694824219,10.319999694824219,10.319999694824219,744273.0
2024-03-18 14:35:00+03:00,10.329999923706055,10.34000015258789,10.319999694824219,10.34000015258789,10.34000015258789,331416.0
2024-03-18 14:40:00+03:00,10.34000015258789,10.350000381469727,10.319999694824219,10.34000015258789,10.34000015258789,953150.0
2024-03-18 14:45:00+03:00,10.329999923706055,10.34000015258789,10.300000190734863,10.319999694824219,10.319999694824219,2055660.0
2024-03-18 14:50:00+03:00,10.319999694824219,10.34000015258789,10.3100004196167,10.329999923706055,10.329999923706055,1156137.0
2024-03-18 14:55:00+03:00,10.329999923706055,10.329999923706055,10.3100004196167,10.319999694824219,10.319999694824219,483369.0
2024-03-18 15:00:00+03:00,10.319999694824219,10.34000015258789,10.300000190734863,10.34000015258789,10.34000015258789,1467424.0
2024-03-18 15:05:00+03:00,10.329999923706055,10.359999656677246,10.329999923706055,10.359999656677246,10.359999656677246,890135.0
2024-03-18 15:10:00+03:00,10.350000381469727,10.380000114440918,10.34000015258789,10.369999885559082,10.369999885559082,660614.0
2024-03-18 15:15:00+03:00,10.380000114440918,10.380000114440918,10.359999656677246,10.369999885559082,10.369999885559082,964671.0
2024-03-18 15:20:00+03:00,10.380000114440918,10.399999618530273,10.359999656677246,10.390000343322754,10.390000343322754,1228503.0
2024-03-18 15:25:00+03:00,10.380000114440918,10.399999618530273,10.380000114440918,10.390000343322754,10.390000343322754,919758.0
2024-03-18 15:30:00+03:00,10.380000114440918,10.399999618530273,10.369999885559082,10.380000114440918,10.380000114440918,1056760.0
2024-03-18 15:35:00+03:00,10.390000343322754,10.390000343322754,10.359999656677246,10.369999885559082,10.369999885559082,800574.0
2024-03-18 15:40:00+03:00,10.359999656677246,10.369999885559082,10.34000015258789,10.350000381469727,10.350000381469727,1220550.0
2024-03-18 15:45:00+03:00,10.350000381469727,10.359999656677246,10.34000015258789,10.359999656677246,10.359999656677246,231671.0
2024-03-18 15:50:00+03:00,10.359999656677246,10.359999656677246,10.329999923706055,10.34000015258789,10.34000015258789,732910.0
2024-03-18 15:55:00+03:00,10.329999923706055,10.34000015258789,10.319999694824219,10.34000015258789,10.34000015258789,815448.0
2024-03-18 16:00:00+03:00,10.34000015258789,10.350000381469727,10.329999923706055,10.34000015258789,10.34000015258789,374957.0
2024-03-18 16:05:00+03:00,10.350000381469727,10.369999885559082,10.329999923706055,10.359999656677246,10.359999656677246,516916.0
2024-03-18 16:10:00+03:00,10.359999656677246,10.390000343322754,10.350000381469727,10.390000343322754,10.390000343322754,668174.0
2024-03-18 16:15:00+03:00,10.390000343322754,10.390000343322754,10.350000381469727,10.359999656677246,10.359999656677246,1926062.0
2024-03-18 16:20:00+03:00,10.350000381469727,10.380000114440918,10.350000381469727,10.380000114440918,10.380000114440918,823331.0
2024-03-18 16:25:00+03:00,10.380000114440918,10.380000114440918,10.329999923706055,10.350000381469727,10.350000381469727,3130778.0
2024-03-18 16:30:00+03:00,10.34000015258789,10.369999885559082,10.34000015258789,10.350000381469727,10.350000381469727,825483.0
2024-03-18 16:35:00+03:00,10.359999656677246,10.359999656677246,10.329999923706055,10.359999656677246,10.359999656677246,1097217.0
2024-03-18 16:40:00+03:00,10.350000381469727,10.399999618530273,10.350000381469727,10.390000343322754,10.390000343322754,2746182.0
2024-03-18 16:45:00+03:00,10.399999618530273,10.420000076293945,10.380000114440918,10.399999618530273,10.399999618530273,5032107.0
2024-03-18 16:50:00+03:00,10.390000343322754,10.40999984741211,10.359999656677246,10.369999885559082,10.369999885559082,2012657.0
2024-03-18 16:55:00+03:00,10.359999656677246,10.380000114440918,10.359999656677246,10.369999885559082,10.369999885559082,649181.0
2024-03-18 17:00:00+03:00,10.359999656677246,10.380000114440918,10.34000015258789,10.380000114440918,10.380000114440918,920825.0
2024-03-18 17:05:00+03:00,10.380000114440918,10.380000114440918,10.350000381469727,10.350000381469727,10.350000381469727,1576077.0
2024-03-18 17:10:00+03:00,10.359999656677246,10.369999885559082,10.319999694824219,10.329999923706055,10.329999923706055,3123399.0
2024-03-18 17:15:00+03:00,10.329999923706055,10.34000015258789,10.289999961853027,10.300000190734863,10.300000190734863,3126057.0
2024-03-18 17:20:00+03:00,10.289999961853027,10.329999923706055,10.279999732971191,10.329999923706055,10.329999923706055,2993800.0
2024-03-18 17:25:00+03:00,10.319999694824219,10.380000114440918,10.3100004196167,10.369999885559082,10.369999885559082,3951423.0
2024-03-18 17:30:00+03:00,10.380000114440918,10.380000114440918,10.329999923706055,10.359999656677246,10.359999656677246,4846166.0
2024-03-18 17:35:00+03:00,10.350000381469727,10.369999885559082,10.329999923706055,10.34000015258789,10.34000015258789,1629200.0
2024-03-18 17:40:00+03:00,10.329999923706055,10.350000381469727,10.329999923706055,10.34000015258789,10.34000015258789,2272257.0
2024-03-18 17:45:00+03:00,10.350000381469727,10.369999885559082,10.329999923706055,10.359999656677246,10.359999656677246,1935405.0
2024-03-18 17:50:00+03:00,10.359999656677246,10.359999656677246,10.329999923706055,10.359999656677246,10.359999656677246,2714098.0
2024-03-18 17:55:00+03:00,10.350000381469727,10.359999656677246,10.34000015258789,10.350000381469727,10.350000381469727,3986450.0
2024-03-19 09:55:00+03:00,10.329999923706055,10.329999923706055,10.329999923706055,10.329999923706055,10.329999923706055,0.0
2024-03-19 10:00:00+03:00,10.34000015258789,10.390000343322754,10.329999923706055,10.359999656677246,10.359999656677246,6242045.0
2024-03-19 10:05:00+03:00,10.359999656677246,10.430000305175781,10.34000015258789,10.390000343322754,10.390000343322754,6488837.0
2024-03-19 10:10:00+03:00,10.399999618530273,10.40999984741211,10.369999885559082,10.380000114440918,10.380000114440918,2616357.0
2024-03-19 10:15:00+03:00,10.390000343322754,10.399999618530273,10.350000381469727,10.350000381469727,10.350000381469727,2063163.0
2024-03-19 10:20:00+03:00,10.359999656677246,10.369999885559082,10.319999694824219,10.329999923706055,10.329999923706055,3948721.0
2024-03-19 10:25:00+03:00,10.319999694824219,10.380000114440918,10.319999694824219,10.359999656677246,10.359999656677246,2001795.0
2024-03-19 10:30:00+03:00,10.369999885559082,10.369999885559082,10.34000015258789,10.350000381469727,10.350000381469727,855565.0
2024-03-19 10:35:00+03:00,10.359999656677246,10.369999885559082,10.329999923706055,10.34000015258789,10.34000015258789,1844564.0
2024-03-19 10:40:00+03:00,10.329999923706055,10.34000015258789,10.319999694824219,10.34000015258789,10.34000015258789,970458.0
2024-03-19 10:45:00+03:00,10.34000015258789,10.34000015258789,10.319999694824219,10.319999694824219,10.319999694824219,1228466.0
2024-03-19 10:50:00+03:00,10.329999923706055,10.329999923706055,10.319999694824219,10.319999694824219,10.319999694824219,521666.0
2024-03-19 10:55:00+03:00,10.329999923706055,10.350000381469727,10.289999961853027,10.34000015258789,10.34000015258789,3648274.0
2024-03-19 11:00:00+03:00,10.329999923706055,10.350000381469727,10.3100004196167,10.329999923706055,10.329999923706055,1054240.0
2024-03-19 11:05:00+03:00,10.319999694824219,10.350000381469727,10.319999694824219,10.34000015258789,10.34000015258789,983174.0
2024-03-19 11:10:00+03:00,10.34000015258789,10.350000381469727,10.329999923706055,10.329999923706055,10.329999923706055,807651.0
2024-03-19 11:15:00+03:00,10.329999923706055,10.350000381469727,10.329999923706055,10.34000015258789,10.34000015258789,337747.0
2024-03-19 11:20:00+03:00,10.329999923706055,10.34000015258789,10.319999694824219,10.329999923706055,10.329999923706055,553027.0
2024-03-19 11:25:00+03:00,10.329999923706055,10.350000381469727,10.319999694824219,10.34000015258789,10.34000015258789,2007059.0
2024-03-19 11:30:00+03:00,10.34000015258789,10.350000381469727,10.319999694824219,10.350000381469727,10.350000381469727,1727672.0
2024-03-19 11:35:00+03:00,10.350000381469727,10.350000381469727,10.319999694824219,10.34000015258789,10.34000015258789,673490.0
2024-03-19 11:40:00+03:00,10.34000015258789,10.380000114440918,10.329999923706055,10.369999885559082,10.369999885559082,3410794.0
2024-03-19 11:45:00+03:00,10.369999885559082,10.380000114440918,10.350000381469727,10.369999885559082,10.369999885559082,1657325.0
2024-03-19 11:50:00+03:00,10.380000114440918,10.399999618530273,10.380000114440918,10.399999618530273,10.399999618530273,4395593.0
2024-03-19 11:55:00+03:00,10.399999618530273,10.460000038146973,10.399999618530273,10.449999809265137,10.449999809265137,9278180.0
2024-03-19 12:00:00+03:00,10.449999809265137,10.470000267028809,10.430000305175781,10.430000305175781,10.430000305175781,3114008.0
2024-03-19 12:05:00+03:00,10.4399995803833,10.4399995803833,10.40999984741211,10.420000076293945,10.420000076293945,1949891.0
2024-03-19 12:10:00+03:00,10.420000076293945,10.430000305175781,10.40999984741211,10.420000076293945,10.420000076293945,997830.0
2024-03-19 12:15:00+03:00,10.40999984741211,10.449999809265137,10.40999984741211,10.4399995803833,10.4399995803833,1436189.0
2024-03-19 12:20:00+03:00,10.4399995803833,10.489999771118164,10.430000305175781,10.479999542236328,10.479999542236328,3792703.0
2024-03-19 12:25:00+03:00,10.489999771118164,10.529999732971191,10.479999542236328,10.489999771118164,10.489999771118164,6874118.0
2024-03-19 12:30:00+03:00,10.489999771118164,10.520000457763672,10.479999542236328,10.489999771118164,10.489999771118164,3564072.0
2024-03-19 12:35:00+03:00,10.479999542236328,10.510000228881836,10.470000267028809,10.489999771118164,10.489999771118164,2739137.0
2024-03-19 12:40:00+03:00,10.489999771118164,10.5,10.479999542236328,10.489999771118164,10.489999771118164,956967.0
2024-03-19 12:45:00+03:00,10.489999771118164,10.520000457763672,10.489999771118164,10.5,10.5,2042389.0
2024-03-19 12:50:00+03:00,10.489999771118164,10.539999961853027,10.489999771118164,10.529999732971191,10.529999732971191,2646208.0
2024-03-19 12:55:00+03:00,10.539999961853027,10.619999885559082,10.529999732971191,10.59000015258789,10.59000015258789,12257553.0
2024-03-19 13:00:00+03:00,10.600000381469727,10.619999885559082,10.579999923706055,10.600000381469727,10.600000381469727,5229117.0
2024-03-19 13:05:00+03:00,10.600000381469727,10.630000114440918,10.59000015258789,10.619999885559082,10.619999885559082,4589035.0
2024-03-19 13:10:00+03:00,10.630000114440918,10.649999618530273,10.600000381469727,10.640000343322754,10.640000343322754,5765085.0
2024-03-19 13:15:00+03:00,10.649999618530273,10.65999984741211,10.630000114440918,10.640000343322754,10.640000343322754,5205893.0
2024-03-19 13:20:00+03:00,10.640000343322754,10.680000305175781,10.630000114440918,10.670000076293945,10.670000076293945,4295021.0
2024-03-19 13:25:00+03:00,10.670000076293945,10.720000267028809,10.649999618530273,10.670000076293945,10.670000076293945,7518767.0
2024-03-19 13:30:00+03:00,10.680000305175781,10.6899995803833,10.65999984741211,10.670000076293945,10.670000076293945,5972473.0
2024-03-19 13:35:00+03:00,10.670000076293945,10.6899995803833,10.649999618530273,10.680000305175781,10.680000305175781,1994654.0
2024-03-19 13:40:00+03:00,10.6899995803833,10.75,10.670000076293945,10.739999771118164,10.739999771118164,7899933.0
2024-03-19 13:45:00+03:00,10.739999771118164,10.75,10.720000267028809,10.720000267028809,10.720000267028809,2730432.0
2024-03-19 13:50:00+03:00,10.720000267028809,10.739999771118164,10.6899995803833,10.710000038146973,10.710000038146973,3289642.0
2024-03-19 13:55:00+03:00,10.710000038146973,10.720000267028809,10.6899995803833,10.720000267028809,10.720000267028809,1295615.0
2024-03-19 14:00:00+03:00,10.720000267028809,10.729999542236328,10.699999809265137,10.729999542236328,10.729999542236328,2669074.0
2024-03-19 14:05:00+03:00,10.720000267028809,10.75,10.710000038146973,10.720000267028809,10.720000267028809,7964546.0
2024-03-19 14:10:00+03:00,10.710000038146973,10.739999771118164,10.710000038146973,10.739999771118164,10.739999771118164,2117849.0
2024-03-19 14:15:00+03:00,10.729999542236328,10.739999771118164,10.720000267028809,10.729999542236328,10.729999542236328,1783336.0
2024-03-19 14:20:00+03:00,10.729999542236328,10.739999771118164,10.699999809265137,10.699999809265137,10.699999809265137,1941553.0
2024-03-19 14:25:00+03:00,10.699999809265137,10.710000038146973,10.680000305175781,10.699999809265137,10.699999809265137,3451430.0
2024-03-19 14:30:00+03:00,10.6899995803833,10.720000267028809,10.680000305175781,10.710000038146973,10.710000038146973,2439347.0
2024-03-19 14:35:00+03:00,10.720000267028809,10.729999542236328,10.699999809265137,10.729999542236328,10.729999542236328,2242104.0
2024-03-19 14:40:00+03:00,10.720000267028809,10.75,10.720000267028809,10.75,10.75,3606937.0
2024-03-19 14:45:00+03:00,10.75,10.779999732971191,10.739999771118164,10.760000228881836,10.760000228881836,4522096.0
2024-03-19 14:50:00+03:00,10.75,10.789999961853027,10.739999771118164,10.789999961853027,10.789999961853027,3691694.0
2024-03-19 14:55:00+03:00,10.789999961853027,10.8100004196167,10.760000228881836,10.770000457763672,10.770000457763672,6038321.0
2024-03-19 15:00:00+03:00,10.760000228881836,10.770000457763672,10.729999542236328,10.75,10.75,2714062.0
2024-03-19 15:05:00+03:00,10.739999771118164,10.760000228881836,10.739999771118164,10.760000228881836,10.760000228881836,1272983.0
2024-03-19 15:10:00+03:00,10.75,10.800000190734863,10.75,10.760000228881836,10.760000228881836,4057398.0
2024-03-19 15:15:00+03:00,10.760000228881836,10.770000457763672,10.739999771118164,10.75,10.75,1305208.0
2024-03-19 15:20:00+03:00,10.739999771118164,10.789999961853027,10.739999771118164,10.760000228881836,10.760000228881836,2449735.0
2024-03-19 15:25:00+03:00,10.760000228881836,10.779999732971191,10.75,10.760000228881836,10.760000228881836,963585.0
2024-03-19 15:30:00+03:00,10.75,10.779999732971191,10.75,10.760000228881836,10.760000228881836,4849745.0
2024-03-19 15:35:00+03:00,10.760000228881836,10.770000457763672,10.75,10.770000457763672,10.770000457763672,1431308.0
2024-03-19 15:40:00+03:00,10.760000228881836,10.779999732971191,10.75,10.760000228881836,10.760000228881836,3089228.0
2024-03-19 15:45:00+03:00,10.75,10.779999732971191,10.75,10.779999732971191,10.779999732971191,1477008.0
2024-03-19 15:50:00+03:00,10.779999732971191,10.779999732971191,10.729999542236328,10.779999732971191,10.779999732971191,2947583.0
2024-03-19 15:55:00+03:00,10.770000457763672,10.800000190734863,10.770000457763672,10.789999961853027,10.789999961853027,3528980.0
2024-03-19 16:00:00+03:00,10.779999732971191,10.8100004196167,10.729999542236328,10.75,10.75,4617601.0
2024-03-19 16:05:00+03:00,10.760000228881836,10.760000228881836,10.710000038146973,10.739999771118164,10.739999771118164,1466770.0
2024-03-19 16:10:00+03:00,10.739999771118164,10.75,10.720000267028809,10.720000267028809,10.720000267028809,1389036.0
2024-03-19 16:15:00+03:00,10.729999542236328,10.729999542236328,10.710000038146973,10.720000267028809,10.720000267028809,983319.0
2024-03-19 16:20:00+03:00,10.710000038146973,10.710000038146973,10.680000305175781,10.699999809265137,10.699999809265137,1828340.0
2024-03-19 16:25:00+03:00,10.699999809265137,10.729999542236328,10.699999809265137,10.720000267028809,10.720000267028809,1074310.0
2024-03-19 16:30:00+03:00,10.720000267028809,10.779999732971191,10.720000267028809,10.760000228881836,10.760000228881836,2012735.0
2024-03-19 16:35:00+03:00,10.770000457763672,10.779999732971191,10.75,10.760000228881836,10.760000228881836,1347842.0
2024-03-19 16:40:00+03:00,10.770000457763672,10.800000190734863,10.760000228881836,10.779999732971191,10.779999732971191,3325782.0
2024-03-19 16:45:00+03:00,10.779999732971191,10.800000190734863,10.739999771118164,10.75,10.75,2208138.0
2024-03-19 16:50:00+03:00,10.739999771118164,10.770000457763672,10.739999771118164,10.770000457763672,10.770000457763672,1077287.0
2024-03-19 16:55:00+03:00,10.760000228881836,10.779999732971191,10.75,10.760000228881836,10.760000228881836,1804162.0
2024-03-19 17:00:00+03:00,10.760000228881836,10.770000457763672,10.739999771118164,10.739999771118164,10.739999771118164,1483649.0
2024-03-19 17:05:00+03:00,10.75,10.75,10.720000267028809,10.729999542236328,10.729999542236328,1153738.0
2024-03-19 17:10:00+03:00,10.720000267028809,10.739999771118164,10.720000267028809,10.729999542236328,10.729999542236328,892204.0
2024-03-19 17:15:00+03:00,10.720000267028809,10.75,10.720000267028809,10.729999542236328,10.729999542236328,2298960.0
2024-03-19 17:20:00+03:00,10.739999771118164,10.75,10.699999809265137,10.710000038146973,10.710000038146973,1432870.0
2024-03-19 17:25:00+03:00,10.720000267028809,10.739999771118164,10.699999809265137,10.729999542236328,10.729999542236328,1827863.0
2024-03-19 17:30:00+03:00,10.739999771118164,10.75,10.720000267028809,10.739999771118164,10.739999771118164,1659338.0
2024-03-19 17:35:00+03:00,10.739999771118164,10.760000228881836,10.720000267028809,10.75,10.75,2425983.0
2024-03-19 17:40:00+03:00,10.75,10.760000228881836,10.739999771118164,10.739999771118164,10.739999771118164,1534321.0
2024-03-19 17:45:00+03:00,10.75,10.760000228881836,10.729999542236328,10.729999542236328,10.729999542236328,3234332.0
2024-03-19 17:50:00+03:00,10.739999771118164,10.760000228881836,10.729999542236328,10.739999771118164,10.739999771118164,2268769.0
2024-03-19 17:55:00+03:00,10.75,10.779999732971191,10.739999771118164,10.770000457763672,10.770000457763672,4240853.0
2024-03-20 09:55:00+03:00,10.760000228881836,10.760000228881836,10.760000228881836,10.760000228881836,10.760000228881836,0.0
2024-03-20 10:00:00+03:00,10.75,10.770000457763672,10.640000343322754,10.6899995803833,10.6899995803833,8001508.0
2024-03-20 10:05:00+03:00,10.6899995803833,10.760000228881836,10.670000076293945,10.729999542236328,10.729999542236328,7963251.0
2024-03-20 10:10:00+03:00,10.729999542236328,10.760000228881836,10.699999809265137,10.739999771118164,10.739999771118164,1998488.0
2024-03-20 10:15:00+03:00,10.75,10.760000228881836,10.729999542236328,10.75,10.75,1161802.0
2024-03-20 10:20:00+03:00,10.739999771118164,10.75,10.670000076293945,10.680000305175781,10.680000305175781,3558269.0
2024-03-20 10:25:00+03:00,10.680000305175781,10.699999809265137,10.670000076293945,10.680000305175781,10.680000305175781,2654779.0
2024-03-20 10:30:00+03:00,10.670000076293945,10.680000305175781,10.649999618530273,10.670000076293945,10.670000076293945,1868133.0
2024-03-20 10:35:00+03:00,10.680000305175781,10.6899995803833,10.649999618530273,10.670000076293945,10.670000076293945,2705730.0
2024-03-20 10:40:00+03:00,10.65999984741211,10.680000305175781,10.65999984741211,10.65999984741211,10.65999984741211,1305040.0
2024-03-20 10:45:00+03:00,10.670000076293945,10.680000305175781,10.649999618530273,10.65999984741211,10.65999984741211,2127765.0
2024-03-20 10:50:00+03:00,10.670000076293945,10.829999923706055,10.65999984741211,10.8100004196167,10.8100004196167,15376526.0
2024-03-20 10:55:00+03:00,10.8100004196167,10.819999694824219,10.760000228881836,10.770000457763672,10.770000457763672,5276001.0
2024-03-20 11:00:00+03:00,10.779999732971191,10.829999923706055,10.770000457763672,10.829999923706055,10.829999923706055,7193142.0
2024-03-20 11:05:00+03:00,10.829999923706055,10.829999923706055,10.770000457763672,10.789999961853027,10.789999961853027,8428158.0
2024-03-20 11:10:00+03:00,10.779999732971191,10.789999961853027,10.760000228881836,10.789999961853027,10.789999961853027,4009709.0
2024-03-20 11:15:00+03:00,10.779999732971191,10.789999961853027,10.760000228881836,10.779999732971191,10.779999732971191,2281829.0
2024-03-20 11:20:00+03:00,10.770000457763672,10.829999923706055,10.760000228881836,10.770000457763672,10.770000457763672,3590076.0
2024-03-20 11:25:00+03:00,10.760000228881836,10.770000457763672,10.729999542236328,10.739999771118164,10.739999771118164,3220091.0
2024-03-20 11:30:00+03:00,10.739999771118164,10.75,10.699999809265137,10.720000267028809,10.720000267028809,2822000.0
2024-03-20 11:35:00+03:00,10.720000267028809,10.75,10.699999809265137,10.75,10.75,2468701.0
2024-03-20 11:40:00+03:00,10.739999771118164,10.760000228881836,10.729999542236328,10.75,10.75,2275160.0
2024-03-20 11:45:00+03:00,10.75,10.760000228881836,10.729999542236328,10.75,10.75,1097660.0
2024-03-20 11:50:00+03:00,10.75,10.75,10.720000267028809,10.729999542236328,10.729999542236328,963271.0
2024-03-20 11:55:00+03:00,10.729999542236328,10.760000228881836,10.720000267028809,10.739999771118164,10.739999771118164,2488469.0
2024-03-20 12:00:00+03:00,10.739999771118164,10.739999771118164,10.720000267028809,10.720000267028809,10.720000267028809,703234.0
2024-03-20 12:05:00+03:00,10.720000267028809,10.739999771118164,10.710000038146973,10.720000267028809,10.720000267028809,1422311.0
2024-03-20 12:10:00+03:00,10.720000267028809,10.729999542236328,10.710000038146973,10.729999542236328,10.729999542236328,925396.0
2024-03-20 12:15:00+03:00,10.729999542236328,10.729999542236328,10.699999809265137,10.699999809265137,10.699999809265137,1644881.0
2024-03-20 12:20:00+03:00,10.710000038146973,10.720000267028809,10.699999809265137,10.720000267028809,10.720000267028809,871294.0
2024-03-20 12:25:00+03:00,10.710000038146973,10.720000267028809,10.680000305175781,10.699999809265137,10.699999809265137,2081762.0
2024-03-20 12:30:00+03:00,10.6899995803833,10.699999809265137,10.680000305175781,10.6899995803833,10.6899995803833,641783.0
2024-03-20 12:35:00+03:00,10.6899995803833,10.720000267028809,10.6899995803833,10.699999809265137,10.699999809265137,1029876.0
2024-03-20 12:40:00+03:00,10.699999809265137,10.720000267028809,10.699999809265137,10.720000267028809,10.720000267028809,205928.0
2024-03-20 12:45:00+03:00,10.720000267028809,10.739999771118164,10.6899995803833,10.729999542236328,10.729999542236328,1179095.0
2024-03-20 12:50:00+03:00,10.739999771118164,10.760000228881836,10.720000267028809,10.739999771118164,10.739999771118164,2221110.0
2024-03-20 12:55:00+03:00,10.739999771118164,10.75,10.729999542236328,10.729999542236328,10.729999542236328,1386028.0
2024-03-20 13:00:00+03:00,10.729999542236328,10.729999542236328,10.710000038146973,10.729999542236328,10.729999542236328,1083883.0
2024-03-20 13:05:00+03:00,10.720000267028809,10.739999771118164,10.720000267028809,10.720000267028809,10.720000267028809,459288.0
2024-03-20 13:10:00+03:00,10.729999542236328,10.729999542236328,10.699999809265137,10.720000267028809,10.720000267028809,1479286.0
2024-03-20 13:15:00+03:00,10.720000267028809,10.729999542236328,10.710000038146973,10.710000038146973,10.710000038146973,254442.0
2024-03-20 13:20:00+03:00,10.710000038146973,10.739999771118164,10.699999809265137,10.729999542236328,10.729999542236328,1645489.0
2024-03-20 13:25:00+03:00,10.720000267028809,10.760000228881836,10.720000267028809,10.75,10.75,1309192.0
2024-03-20 13:30:00+03:00,10.75,10.770000457763672,10.739999771118164,10.760000228881836,10.760000228881836,2875505.0
2024-03-20 13:35:00+03:00,10.760000228881836,10.770000457763672,10.739999771118164,10.739999771118164,10.739999771118164,1462592.0
2024-03-20 13:40:00+03:00,10.75,10.760000228881836,10.739999771118164,10.75,10.75,845462.0
2024-03-20 13:45:00+03:00,10.760000228881836,10.770000457763672,10.75,10.770000457763672,10.770000457763672,950007.0
2024-03-20 13:50:00+03:00,10.770000457763672,10.779999732971191,10.739999771118164,10.739999771118164,10.739999771118164,887128.0
2024-03-20 13:55:00+03:00,10.75,10.75,10.720000267028809,10.729999542236328,10.729999542236328,961437.0
2024-03-20 14:00:00+03:00,10.720000267028809,10.770000457763672,10.720000267028809,10.770000457763672,10.770000457763672,2311006.0
2024-03-20 14:05:00+03:00,10.760000228881836,10.819999694824219,10.739999771118164,10.8100004196167,10.8100004196167,9453112.0
2024-03-20 14:10:00+03:00,10.8100004196167,10.890000343322754,10.800000190734863,10.850000381469727,10.850000381469727,21615785.0
2024-03-20 14:15:00+03:00,10.859999656677246,10.859999656677246,10.819999694824219,10.84000015258789,10.84000015258789,6959161.0
2024-03-20 14:20:00+03:00,10.84000015258789,10.859999656677246,10.829999923706055,10.829999923706055,10.829999923706055,2022017.0
2024-03-20 14:25:00+03:00,10.84000015258789,10.84000015258789,10.8100004196167,10.829999923706055,10.829999923706055,2106730.0
2024-03-20 14:30:00+03:00,10.819999694824219,10.829999923706055,10.8100004196167,10.829999923706055,10.829999923706055,1170973.0
2024-03-20 14:35:00+03:00,10.829999923706055,10.829999923706055,10.8100004196167,10.819999694824219,10.819999694824219,713073.0
2024-03-20 14:40:00+03:00,10.829999923706055,10.829999923706055,10.789999961853027,10.789999961853027,10.789999961853027,1751608.0
2024-03-20 14:45:00+03:00,10.800000190734863,10.829999923706055,10.789999961853027,10.829999923706055,10.829999923706055,2291169.0
2024-03-20 14:50:00+03:00,10.829999923706055,10.850000381469727,10.819999694824219,10.84000015258789,10.84000015258789,1776850.0
2024-03-20 14:55:00+03:00,10.84000015258789,10.880000114440918,10.829999923706055,10.880000114440918,10.880000114440918,4058520.0
2024-03-20 15:00:00+03:00,10.880000114440918,10.920000076293945,10.859999656677246,10.920000076293945,10.920000076293945,11707363.0
2024-03-20 15:05:00+03:00,10.90999984741211,10.970000267028809,10.90999984741211,10.9399995803833,10.9399995803833,9299320.0
2024-03-20 15:10:00+03:00,10.930000305175781,10.989999771118164,10.930000305175781,10.979999542236328,10.979999542236328,6583217.0
2024-03-20 15:15:00+03:00,10.989999771118164,11.0,10.949999809265137,10.960000038146973,10.960000038146973,6623424.0
2024-03-20 15:20:00+03:00,10.960000038146973,10.989999771118164,10.949999809265137,10.989999771118164,10.989999771118164,3860461.0
2024-03-20 15:25:00+03:00,10.989999771118164,10.989999771118164,10.960000038146973,10.970000267028809,10.970000267028809,3334993.0
2024-03-20 15:30:00+03:00,10.979999542236328,10.979999542236328,10.960000038146973,10.979999542236328,10.979999542236328,1955835.0
2024-03-20 15:35:00+03:00,10.979999542236328,10.979999542236328,10.960000038146973,10.970000267028809,10.970000267028809,1478366.0
2024-03-20 15:40:00+03:00,10.960000038146973,11.0,10.930000305175781,10.979999542236328,10.979999542236328,7202386.0
2024-03-20 15:45:00+03:00,10.970000267028809,10.979999542236328,10.930000305175781,10.930000305175781,10.930000305175781,3362378.0
2024-03-20 15:50:00+03:00,10.9399995803833,10.9399995803833,10.850000381469727,10.90999984741211,10.90999984741211,8011296.0
2024-03-20 15:55:00+03:00,10.90999984741211,10.920000076293945,10.890000343322754,10.90999984741211,10.90999984741211,2680737.0
2024-03-20 16:00:00+03:00,10.920000076293945,10.930000305175781,10.890000343322754,10.930000305175781,10.930000305175781,2267246.0
2024-03-20 16:05:00+03:00,10.920000076293945,10.930000305175781,10.880000114440918,10.880000114440918,10.880000114440918,1985073.0
2024-03-20 16:10:00+03:00,10.880000114440918,10.880000114440918,10.829999923706055,10.850000381469727,10.850000381469727,5379187.0
2024-03-20 16:15:00+03:00,10.84000015258789,10.890000343322754,10.819999694824219,10.890000343322754,10.890000343322754,2256041.0
2024-03-20 16:20:00+03:00,10.880000114440918,10.90999984741211,10.880000114440918,10.899999618530273,10.899999618530273,1600044.0
2024-03-20 16:25:00+03:00,10.899999618530273,10.899999618530273,10.859999656677246,10.869999885559082,10.869999885559082,1277662.0
2024-03-20 16:30:00+03:00,10.869999885559082,10.880000114440918,10.850000381469727,10.880000114440918,10.880000114440918,1257945.0
2024-03-20 16:35:00+03:00,10.869999885559082,10.9399995803833,10.869999885559082,10.920000076293945,10.920000076293945,5656114.0
2024-03-20 16:40:00+03:00,10.930000305175781,10.930000305175781,10.899999618530273,10.90999984741211,10.90999984741211,1349963.0
2024-03-20 16:45:00+03:00,10.920000076293945,10.920000076293945,10.899999618530273,10.920000076293945,10.920000076293945,2178101.0
2024-03-20 16:50:00+03:00,10.920000076293945,10.920000076293945,10.890000343322754,10.90999984741211,10.90999984741211,1418240.0
2024-03-20 16:55:00+03:00,10.90999984741211,10.979999542236328,10.899999618530273,10.970000267028809,10.970000267028809,7785791.0
2024-03-20 17:00:00+03:00,10.979999542236328,11.020000457763672,10.949999809265137,10.960000038146973,10.960000038146973,13834594.0
2024-03-20 17:05:00+03:00,10.960000038146973,10.960000038146973,10.899999618530273,10.920000076293945,10.920000076293945,5064055.0
2024-03-20 17:10:00+03:00,10.930000305175781,10.930000305175781,10.880000114440918,10.899999618530273,10.899999618530273,3673159.0
2024-03-20 17:15:00+03:00,10.90999984741211,10.90999984741211,10.869999885559082,10.890000343322754,10.890000343322754,1872891.0
2024-03-20 17:20:00+03:00,10.899999618530273,10.899999618530273,10.859999656677246,10.880000114440918,10.880000114440918,1906920.0
2024-03-20 17:25:00+03:00,10.869999885559082,10.880000114440918,10.829999923706055,10.869999885559082,10.869999885559082,3139633.0
2024-03-20 17:30:00+03:00,10.859999656677246,10.869999885559082,10.829999923706055,10.859999656677246,10.859999656677246,2980646.0
2024-03-20 17:35:00+03:00,10.859999656677246,10.859999656677246,10.829999923706055,10.84000015258789,10.84000015258789,2398876.0
2024-03-20 17:40:00+03:00,10.850000381469727,10.869999885559082,10.84000015258789,10.84000015258789,10.84000015258789,2476757.0
2024-03-20 17:45:00+03:00,10.84000015258789,10.880000114440918,10.84000015258789,10.869999885559082,10.869999885559082,2664763.0
2024-03-20 17:50:00+03:00,10.869999885559082,10.880000114440918,10.770000457763672,10.770000457763672,10.770000457763672,8191233.0
2024-03-20 17:55:00+03:00,10.779999732971191,10.779999732971191,10.720000267028809,10.729999542236328,10.729999542236328,8157846.0
2024-03-21 09:55:00+03:00,10.899999618530273,10.899999618530273,10.899999618530273,10.899999618530273,10.899999618530273,0.0
2024-03-21 10:00:00+03:00,10.90999984741211,10.9399995803833,10.84000015258789,10.850000381469727,10.850000381469727,9829380.0
2024-03-21 10:05:00+03:00,10.850000381469727,10.979999542236328,10.84000015258789,10.949999809265137,10.949999809265137,7560428.0
2024-03-21 10:10:00+03:00,10.9399995803833,10.960000038146973,10.880000114440918,10.899999618530273,10.899999618530273,5006360.0
2024-03-21 10:15:00+03:00,10.899999618530273,10.899999618530273,10.880000114440918,10.890000343322754,10.890000343322754,2015811.0
2024-03-21 10:20:00+03:00,10.899999618530273,10.970000267028809,10.890000343322754,10.90999984741211,10.90999984741211,6095344.0
2024-03-21 10:25:00+03:00,10.899999618530273,10.9399995803833,10.899999618530273,10.920000076293945,10.920000076293945,2316976.0
2024-03-21 10:30:00+03:00,10.90999984741211,10.920000076293945,10.880000114440918,10.90999984741211,10.90999984741211,3437628.0
2024-03-21 10:35:00+03:00,10.899999618530273,10.90999984741211,10.859999656677246,10.899999618530273,10.899999618530273,3861957.0
2024-03-21 10:40:00+03:00,10.90999984741211,10.930000305175781,10.899999618530273,10.920000076293945,10.920000076293945,2290782.0
2024-03-21 10:45:00+03:00,10.90999984741211,10.930000305175781,10.880000114440918,10.930000305175781,10.930000305175781,2338087.0
2024-03-21 10:50:00+03:00,10.920000076293945,10.949999809265137,10.920000076293945,10.920000076293945,10.920000076293945,2718207.0
2024-03-21 10:55:00+03:00,10.930000305175781,10.970000267028809,10.920000076293945,10.930000305175781,10.930000305175781,3343715.0
2024-03-21 11:00:00+03:00,10.930000305175781,10.9399995803833,10.899999618530273,10.90999984741211,10.90999984741211,1349088.0
2024-03-21 11:05:00+03:00,10.899999618530273,10.920000076293945,10.850000381469727,10.859999656677246,10.859999656677246,4134694.0
2024-03-21 11:10:00+03:00,10.859999656677246,10.869999885559082,10.829999923706055,10.869999885559082,10.869999885559082,4049304.0
2024-03-21 11:15:00+03:00,10.869999885559082,10.869999885559082,10.84000015258789,10.84000015258789,10.84000015258789,1617969.0
2024-03-21 11:20:00+03:00,10.84000015258789,10.869999885559082,10.84000015258789,10.869999885559082,10.869999885559082,589288.0
2024-03-21 11:25:00+03:00,10.859999656677246,10.880000114440918,10.859999656677246,10.880000114440918,10.880000114440918,626413.0
2024-03-21 11:30:00+03:00,10.880000114440918,10.899999618530273,10.859999656677246,10.890000343322754,10.890000343322754,1432460.0
2024-03-21 11:35:00+03:00,10.890000343322754,10.899999618530273,10.880000114440918,10.899999618530273,10.899999618530273,659122.0
2024-03-21 11:40:00+03:00,10.890000343322754,10.899999618530273,10.890000343322754,10.899999618530273,10.899999618530273,492484.0
2024-03-21 11:45:00+03:00,10.899999618530273,10.899999618530273,10.880000114440918,10.880000114440918,10.880000114440918,574476.0
2024-03-21 11:50:00+03:00,10.890000343322754,10.890000343322754,10.850000381469727,10.869999885559082,10.869999885559082,1044160.0
2024-03-21 11:55:00+03:00,10.869999885559082,10.880000114440918,10.84000015258789,10.850000381469727,10.850000381469727,2021375.0
2024-03-21 12:00:00+03:00,10.850000381469727,10.859999656677246,10.84000015258789,10.850000381469727,10.850000381469727,1347131.0
2024-03-21 12:05:00+03:00,10.850000381469727,10.850000381469727,10.829999923706055,10.84000015258789,10.84000015258789,1168809.0
2024-03-21 12:10:00+03:00,10.84000015258789,10.850000381469727,10.829999923706055,10.850000381469727,10.850000381469727,907254.0
2024-03-21 12:15:00+03:00,10.84000015258789,10.850000381469727,10.829999923706055,10.850000381469727,10.850000381469727,1338562.0
2024-03-21 12:20:00+03:00,10.850000381469727,10.850000381469727,10.829999923706055,10.84000015258789,10.84000015258789,315310.0
2024-03-21 12:25:00+03:00,10.829999923706055,10.859999656677246,10.829999923706055,10.84000015258789,10.84000015258789,1025559.0
2024-03-21 12:30:00+03:00,10.850000381469727,10.850000381469727,10.829999923706055,10.850000381469727,10.850000381469727,296752.0
2024-03-21 12:35:00+03:00,10.84000015258789,10.850000381469727,10.84000015258789,10.84000015258789,10.84000015258789,299484.0
2024-03-21 12:40:00+03:00,10.850000381469727,10.859999656677246,10.84000015258789,10.850000381469727,10.850000381469727,560122.0
2024-03-21 12:45:00+03:00,10.850000381469727,10.880000114440918,10.850000381469727,10.880000114440918,10.880000114440918,503755.0
2024-03-21 12:50:00+03:00,10.869999885559082,10.880000114440918,10.859999656677246,10.859999656677246,10.859999656677246,1166935.0
2024-03-21 12:55:00+03:00,10.869999885559082,10.880000114440918,10.859999656677246,10.869999885559082,10.869999885559082,256954.0
2024-03-21 13:00:00+03:00,10.880000114440918,10.880000114440918,10.859999656677246,10.880000114440918,10.880000114440918,295899.0
2024-03-21 13:05:00+03:00,10.869999885559082,10.880000114440918,10.859999656677246,10.869999885559082,10.869999885559082,657601.0
2024-03-21 13:10:00+03:00,10.880000114440918,10.880000114440918,10.859999656677246,10.869999885559082,10.869999885559082,208357.0
2024-03-21 13:15:00+03:00,10.859999656677246,10.880000114440918,10.859999656677246,10.869999885559082,10.869999885559082,360482.0
2024-03-21 13:20:00+03:00,10.880000114440918,10.890000343322754,10.859999656677246,10.880000114440918,10.880000114440918,1188699.0
2024-03-21 13:25:00+03:00,10.880000114440918,10.880000114440918,10.859999656677246,10.859999656677246,10.859999656677246,446294.0
2024-03-21 13:30:00+03:00,10.859999656677246,10.880000114440918,10.850000381469727,10.859999656677246,10.859999656677246,687535.0
2024-03-21 13:35:00+03:00,10.869999885559082,10.890000343322754,10.859999656677246,10.880000114440918,10.880000114440918,1331660.0
2024-03-21 13:40:00+03:00,10.880000114440918,10.899999618530273,10.869999885559082,10.869999885559082,10.869999885559082,1158828.0
2024-03-21 13:45:00+03:00,10.880000114440918,10.890000343322754,10.859999656677246,10.859999656677246,10.859999656677246,853883.0
2024-03-21 13:50:00+03:00,10.869999885559082,10.880000114440918,10.859999656677246,10.869999885559082,10.869999885559082,799913.0
2024-03-21 13:55:00+03:00,10.869999885559082,10.869999885559082,10.859999656677246,10.859999656677246,10.859999656677246,1086907.0
2024-03-21 14:00:00+03:00,10.859999656677246,11.130000114440918,10.859999656677246,11.050000190734863,11.050000190734863,63828371.0
2024-03-21 14:05:00+03:00,11.050000190734863,11.100000381469727,10.930000305175781,10.979999542236328,10.979999542236328,36320638.0
2024-03-21 14:10:00+03:00,10.989999771118164,11.010000228881836,10.890000343322754,10.890000343322754,10.890000343322754,11954960.0
2024-03-21 14:15:00+03:00,10.899999618530273,11.050000190734863,10.859999656677246,11.0,11.0,24120057.0
2024-03-21 14:20:00+03:00,11.0,11.050000190734863,10.970000267028809,10.989999771118164,10.989999771118164,10470127.0
2024-03-21 14:25:00+03:00,10.979999542236328,11.050000190734863,10.979999542236328,11.039999961853027,11.039999961853027,8841183.0
2024-03-21 14:30:00+03:00,11.039999961853027,11.119999885559082,11.029999732971191,11.0600004196167,11.0600004196167,27481406.0
2024-03-21 14:35:00+03:00,11.069999694824219,11.079999923706055,11.029999732971191,11.0600004196167,11.0600004196167,6926511.0
2024-03-21 14:40:00+03:00,11.0600004196167,11.109999656677246,11.050000190734863,11.09000015258789,11.09000015258789,9801799.0
2024-03-21 14:45:00+03:00,11.100000381469727,11.109999656677246,11.079999923706055,11.109999656677246,11.109999656677246,7496958.0
2024-03-21 14:50:00+03:00,11.100000381469727,11.109999656677246,11.050000190734863,11.069999694824219,11.069999694824219,6960162.0
2024-03-21 14:55:00+03:00,11.069999694824219,11.069999694824219,10.989999771118164,11.0,11.0,11995453.0
2024-03-21 15:00:00+03:00,11.010000228881836,11.079999923706055,11.0,11.039999961853027,11.039999961853027,6876244.0
2024-03-21 15:05:00+03:00,11.050000190734863,11.069999694824219,11.029999732971191,11.039999961853027,11.039999961853027,3872061.0
2024-03-21 15:10:00+03:00,11.050000190734863,11.079999923706055,11.029999732971191,11.0600004196167,11.0600004196167,4023822.0
2024-03-21 15:15:00+03:00,11.0600004196167,11.079999923706055,11.029999732971191,11.0600004196167,11.0600004196167,3395954.0
2024-03-21 15:20:00+03:00,11.0600004196167,11.079999923706055,11.050000190734863,11.0600004196167,11.0600004196167,3710122.0
2024-03-21 15:25:00+03:00,11.050000190734863,11.0600004196167,11.029999732971191,11.039999961853027,11.039999961853027,1710796.0
2024-03-21 15:30:00+03:00,11.039999961853027,11.119999885559082,11.020000457763672,11.09000015258789,11.09000015258789,10568703.0
2024-03-21 15:35:00+03:00,11.100000381469727,11.180000305175781,11.09000015258789,11.180000305175781,11.180000305175781,20848882.0
2024-03-21 15:40:00+03:00,11.170000076293945,11.329999923706055,11.15999984741211,11.319999694824219,11.319999694824219,45495665.0
2024-03-21 15:45:00+03:00,11.3100004196167,11.34000015258789,11.229999542236328,11.279999732971191,11.279999732971191,19146435.0
2024-03-21 15:50:00+03:00,11.270000457763672,11.279999732971191,11.229999542236328,11.25,11.25,8819566.0
2024-03-21 15:55:00+03:00,11.25,11.3100004196167,11.239999771118164,11.239999771118164,11.239999771118164,8773631.0
2024-03-21 16:00:00+03:00,11.239999771118164,11.260000228881836,11.199999809265137,11.210000038146973,11.210000038146973,7060727.0
2024-03-21 16:05:00+03:00,11.220000267028809,11.239999771118164,11.1899995803833,11.229999542236328,11.229999542236328,3973103.0
2024-03-21 16:10:00+03:00,11.229999542236328,11.25,11.180000305175781,11.199999809265137,11.199999809265137,4621890.0
2024-03-21 16:15:00+03:00,11.1899995803833,11.220000267028809,11.180000305175781,11.199999809265137,11.199999809265137,2507300.0
2024-03-21 16:20:00+03:00,11.199999809265137,11.210000038146973,11.15999984741211,11.180000305175781,11.180000305175781,2475841.0
2024-03-21 16:25:00+03:00,11.1899995803833,11.239999771118164,11.170000076293945,11.220000267028809,11.220000267028809,2632414.0
2024-03-21 16:30:00+03:00,11.220000267028809,11.239999771118164,11.180000305175781,11.229999542236328,11.229999542236328,4099421.0
2024-03-21 16:35:00+03:00,11.239999771118164,11.279999732971191,11.229999542236328,11.25,11.25,5843817.0
2024-03-21 16:40:00+03:00,11.25,11.359999656677246,11.229999542236328,11.34000015258789,11.34000015258789,15378843.0
2024-03-21 16:45:00+03:00,11.350000381469727,11.390000343322754,11.3100004196167,11.319999694824219,11.319999694824219,17389251.0
2024-03-21 16:50:00+03:00,11.3100004196167,11.34000015258789,11.289999961853027,11.319999694824219,11.319999694824219,7155142.0
2024-03-21 16:55:00+03:00,11.329999923706055,11.329999923706055,11.279999732971191,11.3100004196167,11.3100004196167,6563566.0
2024-03-21 17:00:00+03:00,11.3100004196167,11.319999694824219,11.270000457763672,11.289999961853027,11.289999961853027,3866056.0
2024-03-21 17:05:00+03:00,11.289999961853027,11.350000381469727,11.279999732971191,11.289999961853027,11.289999961853027,9612671.0
2024-03-21 17:10:00+03:00,11.289999961853027,11.300000190734863,11.260000228881836,11.279999732971191,11.279999732971191,3896251.0
2024-03-21 17:15:00+03:00,11.270000457763672,11.289999961853027,11.229999542236328,11.279999732971191,11.279999732971191,4356028.0
2024-03-21 17:20:00+03:00,11.279999732971191,11.279999732971191,11.210000038146973,11.239999771118164,11.239999771118164,3554200.0
2024-03-21 17:25:00+03:00,11.229999542236328,11.25,11.220000267028809,11.239999771118164,11.239999771118164,3574157.0
2024-03-21 17:30:00+03:00,11.25,11.260000228881836,11.220000267028809,11.220000267028809,11.220000267028809,2361013.0
2024-03-21 17:35:00+03:00,11.229999542236328,11.239999771118164,11.199999809265137,11.239999771118164,11.239999771118164,3988205.0
2024-03-21 17:40:00+03:00,11.239999771118164,11.25,11.210000038146973,11.220000267028809,11.220000267028809,3458120.0
2024-03-21 17:45:00+03:00,11.210000038146973,11.25,11.170000076293945,11.199999809265137,11.199999809265137,6723585.0
2024-03-21 17:50:00+03:00,11.210000038146973,11.220000267028809,11.180000305175781,11.1899995803833,11.1899995803833,5334273.0
2024-03-21 17:55:00+03:00,11.180000305175781,11.210000038146973,11.15999984741211,11.15999984741211,11.15999984741211,10222616.0
2024-03-22 09:55:00+03:00,11.149999618530273,11.149999618530273,11.149999618530273,11.149999618530273,11.149999618530273,0.0
2024-03-22 10:00:00+03:00,11.149999618530273,11.300000190734863,11.119999885559082,11.25,11.25,23826624.0
2024-03-22 10:05:00+03:00,11.260000228881836,11.380000114440918,11.25,11.359999656677246,11.359999656677246,26069591.0
2024-03-22 10:10:00+03:00,11.359999656677246,11.390000343322754,11.329999923706055,11.350000381469727,11.350000381469727,13603053.0
2024-03-22 10:15:00+03:00,11.350000381469727,11.359999656677246,11.270000457763672,11.279999732971191,11.279999732971191,9388766.0
2024-03-22 10:20:00+03:00,11.289999961853027,11.3100004196167,11.210000038146973,11.229999542236328,11.229999542236328,8080059.0
2024-03-22 10:25:00+03:00,11.229999542236328,11.25,11.199999809265137,11.199999809265137,11.199999809265137,5475245.0
2024-03-22 10:30:00+03:00,11.199999809265137,11.229999542236328,11.149999618530273,11.15999984741211,11.15999984741211,7155536.0
2024-03-22 10:35:00+03:00,11.15999984741211,11.170000076293945,11.0,11.029999732971191,11.029999732971191,14765960.0
2024-03-22 10:40:00+03:00,11.029999732971191,11.0600004196167,10.989999771118164,11.029999732971191,11.029999732971191,9117858.0
2024-03-22 10:45:00+03:00,11.029999732971191,11.0600004196167,10.9399995803833,10.979999542236328,10.979999542236328,9132942.0
2024-03-22 10:50:00+03:00,10.979999542236328,11.010000228881836,10.960000038146973,10.979999542236328,10.979999542236328,4164060.0
2024-03-22 10:55:00+03:00,10.989999771118164,11.050000190734863,10.970000267028809,11.0,11.0,7918609.0
2024-03-22 11:00:00+03:00,11.0,11.010000228881836,10.970000267028809,10.989999771118164,10.989999771118164,7856101.0
2024-03-22 11:05:00+03:00,10.979999542236328,11.029999732971191,10.970000267028809,11.010000228881836,11.010000228881836,4316619.0
2024-03-22 11:10:00+03:00,11.010000228881836,11.039999961853027,11.010000228881836,11.029999732971191,11.029999732971191,5282865.0
2024-03-22 11:15:00+03:00,11.029999732971191,11.069999694824219,11.020000457763672,11.050000190734863,11.050000190734863,7925282.0
2024-03-22 11:20:00+03:00,11.0600004196167,11.109999656677246,11.050000190734863,11.100000381469727,11.100000381469727,9578477.0
2024-03-22 11:25:00+03:00,11.09000015258789,11.15999984741211,11.09000015258789,11.140000343322754,11.140000343322754,12413698.0
2024-03-22 11:30:00+03:00,11.130000114440918,11.15999984741211,11.119999885559082,11.149999618530273,11.149999618530273,4888856.0
2024-03-22 11:35:00+03:00,11.15999984741211,11.1899995803833,11.130000114440918,11.170000076293945,11.170000076293945,7466004.0
2024-03-22 11:40:00+03:00,11.170000076293945,11.199999809265137,11.15999984741211,11.199999809265137,11.199999809265137,7321209.0
2024-03-22 11:45:00+03:00,11.199999809265137,11.199999809265137,11.15999984741211,11.180000305175781,11.180000305175781,6049623.0
2024-03-22 11:50:00+03:00,11.1899995803833,11.210000038146973,11.170000076293945,11.180000305175781,11.180000305175781,3597272.0
2024-03-22 11:55:00+03:00,11.170000076293945,11.180000305175781,11.130000114440918,11.15999984741211,11.15999984741211,2891441.0
2024-03-22 12:00:00+03:00,11.170000076293945,11.170000076293945,11.149999618530273,11.170000076293945,11.170000076293945,1320507.0
2024-03-22 12:05:00+03:00,11.15999984741211,11.180000305175781,11.149999618530273,11.15999984741211,11.15999984741211,955342.0
2024-03-22 12:10:00+03:00,11.170000076293945,11.1899995803833,11.140000343322754,11.15999984741211,11.15999984741211,2770846.0
2024-03-22 12:15:00+03:00,11.170000076293945,11.1899995803833,11.15999984741211,11.180000305175781,11.180000305175781,1721340.0
2024-03-22 12:20:00+03:00,11.180000305175781,11.210000038146973,11.170000076293945,11.210000038146973,11.210000038146973,3391905.0
2024-03-22 12:25:00+03:00,11.210000038146973,11.220000267028809,11.180000305175781,11.199999809265137,11.199999809265137,3767792.0
2024-03-22 12:30:00+03:00,11.199999809265137,11.199999809265137,11.170000076293945,11.1899995803833,11.1899995803833,1068707.0
2024-03-22 12:35:00+03:00,11.180000305175781,11.1899995803833,11.15999984741211,11.180000305175781,11.180000305175781,1938025.0
2024-03-22 12:40:00+03:00,11.170000076293945,11.1899995803833,11.15999984741211,11.170000076293945,11.170000076293945,1589676.0
2024-03-22 12:45:00+03:00,11.170000076293945,11.170000076293945,11.149999618530273,11.149999618530273,11.149999618530273,1453786.0
2024-03-22 12:50:00+03:00,11.15999984741211,11.170000076293945,11.149999618530273,11.15999984741211,11.15999984741211,666459.0
2024-03-22 12:55:00+03:00,11.15999984741211,11.15999984741211,11.119999885559082,11.119999885559082,11.119999885559082,1961827.0
2024-03-22 13:00:00+03:00,11.130000114440918,11.15999984741211,11.119999885559082,11.149999618530273,11.149999618530273,2008137.0
2024-03-22 13:05:00+03:00,11.149999618530273,11.15999984741211,11.140000343322754,11.15999984741211,11.15999984741211,393225.0
2024-03-22 13:10:00+03:00,11.15999984741211,11.170000076293945,11.149999618530273,11.170000076293945,11.170000076293945,465389.0
2024-03-22 13:15:00+03:00,11.15999984741211,11.170000076293945,11.140000343322754,11.149999618530273,11.149999618530273,767608.0
2024-03-22 13:20:00+03:00,11.149999618530273,11.15999984741211,11.130000114440918,11.140000343322754,11.140000343322754,1446582.0
2024-03-22 13:25:00+03:00,11.149999618530273,11.149999618530273,11.130000114440918,11.140000343322754,11.140000343322754,737390.0
2024-03-22 13:30:00+03:00,11.130000114440918,11.140000343322754,11.130000114440918,11.140000343322754,11.140000343322754,305949.0
2024-03-22 13:35:00+03:00,11.130000114440918,11.149999618530273,11.130000114440918,11.140000343322754,11.140000343322754,653164.0
2024-03-22 13:40:00+03:00,11.140000343322754,11.15999984741211,11.109999656677246,11.109999656677246,11.109999656677246,1542897.0
2024-03-22 13:45:00+03:00,11.119999885559082,11.130000114440918,11.09000015258789,11.100000381469727,11.100000381469727,1431067.0
2024-03-22 13:50:00+03:00,11.109999656677246,11.109999656677246,11.079999923706055,11.100000381469727,11.100000381469727,975461.0
2024-03-22 13:55:00+03:00,11.09000015258789,11.119999885559082,11.09000015258789,11.119999885559082,11.119999885559082,1228309.0
2024-03-22 14:00:00+03:00,11.119999885559082,11.119999885559082,11.109999656677246,11.119999885559082,11.119999885559082,545569.0
2024-03-22 14:05:00+03:00,11.109999656677246,11.119999885559082,11.09000015258789,11.109999656677246,11.109999656677246,742628.0
2024-03-22 14:10:00+03:00,11.119999885559082,11.15999984741211,11.109999656677246,11.140000343322754,11.140000343322754,3115781.0
2024-03-22 14:15:00+03:00,11.149999618530273,11.170000076293945,11.130000114440918,11.15999984741211,11.15999984741211,3563882.0
2024-03-22 14:20:00+03:00,11.149999618530273,11.180000305175781,11.149999618530273,11.15999984741211,11.15999984741211,2834616.0
2024-03-22 14:25:00+03:00,11.170000076293945,11.180000305175781,11.130000114440918,11.140000343322754,11.140000343322754,3672250.0
2024-03-22 14:30:00+03:00,11.140000343322754,11.199999809265137,11.130000114440918,11.199999809265137,11.199999809265137,3757260.0
2024-03-22 14:35:00+03:00,11.1899995803833,11.220000267028809,11.170000076293945,11.210000038146973,11.210000038146973,9201964.0
2024-03-22 14:40:00+03:00,11.199999809265137,11.220000267028809,11.149999618530273,11.15999984741211,11.15999984741211,9053932.0
2024-03-22 14:45:00+03:00,11.15999984741211,11.170000076293945,11.149999618530273,11.149999618530273,11.149999618530273,2111833.0
2024-03-22 14:50:00+03:00,11.15999984741211,11.170000076293945,11.149999618530273,11.149999618530273,11.149999618530273,656562.0
2024-03-22 14:55:00+03:00,11.15999984741211,11.170000076293945,11.100000381469727,11.140000343322754,11.140000343322754,3350706.0
2024-03-22 15:00:00+03:00,11.140000343322754,11.140000343322754,11.109999656677246,11.119999885559082,11.119999885559082,1795908.0
2024-03-22 15:05:00+03:00,11.130000114440918,11.140000343322754,11.109999656677246,11.119999885559082,11.119999885559082,1274675.0
2024-03-22 15:10:00+03:00,11.119999885559082,11.130000114440918,11.100000381469727,11.109999656677246,11.109999656677246,1664942.0
2024-03-22 15:15:00+03:00,11.100000381469727,11.130000114440918,11.100000381469727,11.109999656677246,11.109999656677246,1328599.0
2024-03-22 15:20:00+03:00,11.119999885559082,11.130000114440918,11.109999656677246,11.119999885559082,11.119999885559082,991578.0
2024-03-22 15:25:00+03:00,11.119999885559082,11.15999984741211,11.100000381469727,11.130000114440918,11.130000114440918,3679371.0
2024-03-22 15:30:00+03:00,11.130000114440918,11.149999618530273,11.109999656677246,11.130000114440918,11.130000114440918,673545.0
2024-03-22 15:35:00+03:00,11.130000114440918,11.130000114440918,11.109999656677246,11.119999885559082,11.119999885559082,705646.0
2024-03-22 15:40:00+03:00,11.130000114440918,11.130000114440918,11.109999656677246,11.109999656677246,11.109999656677246,662066.0
2024-03-22 15:45:00+03:00,11.109999656677246,11.130000114440918,11.109999656677246,11.109999656677246,11.109999656677246,785215.0
2024-03-22 15:50:00+03:00,11.119999885559082,11.130000114440918,11.109999656677246,11.119999885559082,11.119999885559082,661348.0
2024-03-22 15:55:00+03:00,11.109999656677246,11.130000114440918,11.109999656677246,11.119999885559082,11.119999885559082,979803.0
2024-03-22 16:00:00+03:00,11.119999885559082,11.130000114440918,11.109999656677246,11.109999656677246,11.109999656677246,511893.0
2024-03-22 16:05:00+03:00,11.109999656677246,11.119999885559082,11.069999694824219,11.069999694824219,11.069999694824219,3794117.0
2024-03-22 16:10:00+03:00,11.079999923706055,11.109999656677246,11.050000190734863,11.109999656677246,11.109999656677246,4159884.0
2024-03-22 16:15:00+03:00,11.109999656677246,11.109999656677246,11.079999923706055,11.09000015258789,11.09000015258789,519335.0
2024-03-22 16:20:00+03:00,11.079999923706055,11.09000015258789,11.069999694824219,11.079999923706055,11.079999923706055,1052158.0
2024-03-22 16:25:00+03:00,11.069999694824219,11.079999923706055,11.029999732971191,11.050000190734863,11.050000190734863,3996003.0
2024-03-22 16:30:00+03:00,11.0600004196167,11.109999656677246,11.029999732971191,11.109999656677246,11.109999656677246,4453728.0
2024-03-22 16:35:00+03:00,11.100000381469727,11.109999656677246,11.069999694824219,11.09000015258789,11.09000015258789,1943952.0
2024-03-22 16:40:00+03:00,11.079999923706055,11.09000015258789,11.039999961853027,11.0600004196167,11.0600004196167,1874901.0
2024-03-22 16:45:00+03:00,11.050000190734863,11.0600004196167,11.039999961853027,11.0600004196167,11.0600004196167,2145743.0
2024-03-22 16:50:00+03:00,11.0600004196167,11.069999694824219,11.039999961853027,11.0600004196167,11.0600004196167,1847067.0
2024-03-22 16:55:00+03:00,11.050000190734863,11.0600004196167,11.039999961853027,11.039999961853027,11.039999961853027,2090687.0
2024-03-22 17:00:00+03:00,11.039999961853027,11.039999961853027,11.0,11.020000457763672,11.020000457763672,7098511.0
2024-03-22 17:05:00+03:00,11.010000228881836,11.039999961853027,10.989999771118164,11.029999732971191,11.029999732971191,3222005.0
2024-03-22 17:10:00+03:00,11.029999732971191,11.079999923706055,11.020000457763672,11.069999694824219,11.069999694824219,2900010.0
2024-03-22 17:15:00+03:00,11.069999694824219,11.079999923706055,11.020000457763672,11.029999732971191,11.029999732971191,2562482.0
2024-03-22 17:20:00+03:00,11.020000457763672,11.029999732971191,11.0,11.020000457763672,11.020000457763672,3553004.0
2024-03-22 17:25:00+03:00,11.020000457763672,11.0600004196167,11.010000228881836,11.029999732971191,11.029999732971191,2811062.0
2024-03-22 17:30:00+03:00,11.020000457763672,11.029999732971191,10.979999542236328,11.020000457763672,11.020000457763672,4815213.0
2024-03-22 17:35:00+03:00,11.029999732971191,11.050000190734863,11.010000228881836,11.050000190734863,11.050000190734863,2776171.0
2024-03-22 17:40:00+03:00,11.050000190734863,11.050000190734863,11.0,11.010000228881836,11.010000228881836,2801043.0
2024-03-22 17:45:00+03:00,11.010000228881836,11.039999961853027,11.0,11.010000228881836,11.010000228881836,3396186.0
2024-03-22 17:50:00+03:00,11.020000457763672,11.050000190734863,11.010000228881836,11.039999961853027,11.039999961853027,7066254.0
2024-03-22 17:55:00+03:00,11.029999732971191,11.069999694824219,11.010000228881836,11.0600004196167,11.0600004196167,11767355.0
2024-03-25 09:55:00+03:00,11.039999961853027,11.039999961853027,11.039999961853027,11.039999961853027,11.039999961853027,0.0
2024-03-25 10:00:00+03:00,11.050000190734863,11.0600004196167,10.989999771118164,11.029999732971191,11.029999732971191,20897535.0
2024-03-25 10:05:00+03:00,11.029999732971191,11.140000343322754,11.020000457763672,11.130000114440918,11.130000114440918,9291521.0
2024-03-25 10:10:00+03:00,11.119999885559082,11.140000343322754,11.079999923706055,11.119999885559082,11.119999885559082,6069593.0
2024-03-25 10:15:00+03:00,11.109999656677246,11.119999885559082,11.0600004196167,11.0600004196167,11.0600004196167,4156810.0
2024-03-25 10:20:00+03:00,11.0600004196167,11.069999694824219,10.989999771118164,11.029999732971191,11.029999732971191,6585997.0
2024-03-25 10:25:00+03:00,11.020000457763672,11.029999732971191,11.0,11.0,11.0,2830168.0
2024-03-25 10:30:00+03:00,11.010000228881836,11.010000228881836,10.970000267028809,10.979999542236328,10.979999542236328,5812890.0
2024-03-25 10:35:00+03:00,10.979999542236328,11.039999961853027,10.979999542236328,11.020000457763672,11.020000457763672,3199367.0
2024-03-25 10:40:00+03:00,11.029999732971191,11.09000015258789,11.020000457763672,11.0600004196167,11.0600004196167,7494746.0
2024-03-25 10:45:00+03:00,11.069999694824219,11.130000114440918,11.0600004196167,11.109999656677246,11.109999656677246,4553699.0
2024-03-25 10:50:00+03:00,11.119999885559082,11.130000114440918,11.079999923706055,11.109999656677246,11.109999656677246,5155483.0
2024-03-25 10:55:00+03:00,11.109999656677246,11.149999618530273,11.100000381469727,11.130000114440918,11.130000114440918,9103043.0
2024-03-25 11:00:00+03:00,11.140000343322754,11.1899995803833,11.130000114440918,11.180000305175781,11.180000305175781,11651645.0
2024-03-25 11:05:00+03:00,11.180000305175781,11.260000228881836,11.15999984741211,11.25,11.25,14102596.0
2024-03-25 11:10:00+03:00,11.239999771118164,11.260000228881836,11.1899995803833,11.199999809265137,11.199999809265137,5448151.0
2024-03-25 11:15:00+03:00,11.1899995803833,11.210000038146973,11.170000076293945,11.170000076293945,11.170000076293945,1260069.0
2024-03-25 11:20:00+03:00,11.180000305175781,11.1899995803833,11.170000076293945,11.1899995803833,11.1899995803833,1320343.0
2024-03-25 11:25:00+03:00,11.180000305175781,11.210000038146973,11.15999984741211,11.199999809265137,11.199999809265137,3014842.0
2024-03-25 11:30:00+03:00,11.199999809265137,11.220000267028809,11.1899995803833,11.210000038146973,11.210000038146973,3068276.0
2024-03-25 11:35:00+03:00,11.199999809265137,11.279999732971191,11.199999809265137,11.260000228881836,11.260000228881836,14358003.0
2024-03-25 11:40:00+03:00,11.25,11.279999732971191,11.220000267028809,11.270000457763672,11.270000457763672,8068165.0
2024-03-25 11:45:00+03:00,11.270000457763672,11.390000343322754,11.260000228881836,11.34000015258789,11.34000015258789,23588628.0
2024-03-25 11:50:00+03:00,11.350000381469727,11.350000381469727,11.279999732971191,11.279999732971191,11.279999732971191,8824456.0
2024-03-25 11:55:00+03:00,11.279999732971191,11.34000015258789,11.279999732971191,11.319999694824219,11.319999694824219,6745089.0
2024-03-25 12:00:00+03:00,11.329999923706055,11.380000114440918,11.3100004196167,11.380000114440918,11.380000114440918,11291073.0
2024-03-25 12:05:00+03:00,11.369999885559082,11.460000038146973,11.359999656677246,11.420000076293945,11.420000076293945,21611076.0
2024-03-25 12:10:00+03:00,11.430000305175781,11.460000038146973,11.40999984741211,11.420000076293945,11.420000076293945,10875594.0
2024-03-25 12:15:00+03:00,11.420000076293945,11.430000305175781,11.380000114440918,11.399999618530273,11.399999618530273,6372718.0
2024-03-25 12:20:00+03:00,11.399999618530273,11.449999809265137,11.390000343322754,11.4399995803833,11.4399995803833,5781238.0
2024-03-25 12:25:00+03:00,11.4399995803833,11.449999809265137,11.399999618530273,11.40999984741211,11.40999984741211,2377537.0
2024-03-25 12:30:00+03:00,11.40999984741211,11.40999984741211,11.380000114440918,11.399999618530273,11.399999618530273,4326050.0
2024-03-25 12:35:00+03:00,11.399999618530273,11.520000457763672,11.399999618530273,11.510000228881836,11.510000228881836,13169800.0
2024-03-25 12:40:00+03:00,11.510000228881836,11.529999732971191,11.460000038146973,11.489999771118164,11.489999771118164,7210625.0
2024-03-25 12:45:00+03:00,11.489999771118164,11.579999923706055,11.460000038146973,11.520000457763672,11.520000457763672,13035197.0
2024-03-25 12:50:00+03:00,11.529999732971191,11.5600004196167,11.510000228881836,11.529999732971191,11.529999732971191,4002441.0
2024-03-25 12:55:00+03:00,11.520000457763672,11.529999732971191,11.479999542236328,11.5,11.5,4129178.0
2024-03-25 13:00:00+03:00,11.510000228881836,11.520000457763672,11.489999771118164,11.510000228881836,11.510000228881836,2499836.0
2024-03-25 13:05:00+03:00,11.5,11.529999732971191,11.479999542236328,11.520000457763672,11.520000457763672,7328891.0
2024-03-25 13:10:00+03:00,11.510000228881836,11.529999732971191,11.5,11.520000457763672,11.520000457763672,2724187.0
2024-03-25 13:15:00+03:00,11.520000457763672,11.529999732971191,11.489999771118164,11.529999732971191,11.529999732971191,5195871.0
2024-03-25 13:20:00+03:00,11.529999732971191,11.59000015258789,11.5,11.5600004196167,11.5600004196167,11856839.0
2024-03-25 13:25:00+03:00,11.569999694824219,11.579999923706055,11.529999732971191,11.550000190734863,11.550000190734863,5324124.0
2024-03-25 13:30:00+03:00,11.550000190734863,11.649999618530273,11.539999961853027,11.630000114440918,11.630000114440918,18762519.0
2024-03-25 13:35:00+03:00,11.630000114440918,11.65999984741211,11.619999885559082,11.649999618530273,11.649999618530273,9566315.0
2024-03-25 13:40:00+03:00,11.649999618530273,11.6899995803833,11.630000114440918,11.65999984741211,11.65999984741211,12461691.0
2024-03-25 13:45:00+03:00,11.65999984741211,11.760000228881836,11.649999618530273,11.6899995803833,11.6899995803833,20907345.0
2024-03-25 13:50:00+03:00,11.6899995803833,11.739999771118164,11.670000076293945,11.720000267028809,11.720000267028809,9156962.0
2024-03-25 13:55:00+03:00,11.720000267028809,11.720000267028809,11.65999984741211,11.65999984741211,11.65999984741211,8645942.0
2024-03-25 14:00:00+03:00,11.670000076293945,11.680000305175781,11.609999656677246,11.670000076293945,11.670000076293945,8554905.0
2024-03-25 14:05:00+03:00,11.670000076293945,11.670000076293945,11.630000114440918,11.670000076293945,11.670000076293945,3934453.0
2024-03-25 14:10:00+03:00,11.65999984741211,11.680000305175781,11.619999885559082,11.640000343322754,11.640000343322754,6479626.0
2024-03-25 14:15:00+03:00,11.649999618530273,11.65999984741211,11.630000114440918,11.640000343322754,11.640000343322754,3219815.0
2024-03-25 14:20:00+03:00,11.649999618530273,11.65999984741211,11.609999656677246,11.649999618530273,11.649999618530273,3965551.0
2024-03-25 14:25:00+03:00,11.649999618530273,11.6899995803833,11.640000343322754,11.6899995803833,11.6899995803833,4648439.0
2024-03-25 14:30:00+03:00,11.680000305175781,11.699999809265137,11.670000076293945,11.680000305175781,11.680000305175781,4589836.0
2024-03-25 14:35:00+03:00,11.680000305175781,11.699999809265137,11.649999618530273,11.670000076293945,11.670000076293945,5859215.0
2024-03-25 14:40:00+03:00,11.670000076293945,11.710000038146973,11.65999984741211,11.699999809265137,11.699999809265137,4490007.0
2024-03-25 14:45:00+03:00,11.699999809265137,11.710000038146973,11.680000305175781,11.699999809265137,11.699999809265137,3887100.0
2024-03-25 14:50:00+03:00,11.699999809265137,11.720000267028809,11.680000305175781,11.720000267028809,11.720000267028809,3707257.0
2024-03-25 14:55:00+03:00,11.720000267028809,11.890000343322754,11.720000267028809,11.859999656677246,11.859999656677246,29092300.0
2024-03-25 15:00:00+03:00,11.850000381469727,11.859999656677246,11.8100004196167,11.829999923706055,11.829999923706055,7565241.0
2024-03-25 15:05:00+03:00,11.829999923706055,11.880000114440918,11.819999694824219,11.880000114440918,11.880000114440918,11980994.0
2024-03-25 15:10:00+03:00,11.880000114440918,11.880000114440918,11.819999694824219,11.859999656677246,11.859999656677246,6848280.0
2024-03-25 15:15:00+03:00,11.869999885559082,11.890000343322754,11.789999961853027,11.800000190734863,11.800000190734863,9152172.0
2024-03-25 15:20:00+03:00,11.800000190734863,11.84000015258789,11.789999961853027,11.829999923706055,11.829999923706055,4955777.0
2024-03-25 15:25:00+03:00,11.829999923706055,11.859999656677246,11.8100004196167,11.84000015258789,11.84000015258789,6681555.0
2024-03-25 15:30:00+03:00,11.829999923706055,11.84000015258789,11.800000190734863,11.8100004196167,11.8100004196167,4244726.0
2024-03-25 15:35:00+03:00,11.8100004196167,11.8100004196167,11.760000228881836,11.770000457763672,11.770000457763672,6544213.0
2024-03-25 15:40:00+03:00,11.770000457763672,11.8100004196167,11.739999771118164,11.8100004196167,11.8100004196167,9017289.0
2024-03-25 15:45:00+03:00,11.8100004196167,11.8100004196167,11.770000457763672,11.779999732971191,11.779999732971191,3731645.0
2024-03-25 15:50:00+03:00,11.770000457763672,11.8100004196167,11.760000228881836,11.779999732971191,11.779999732971191,6061669.0
2024-03-25 15:55:00+03:00,11.779999732971191,11.829999923706055,11.760000228881836,11.789999961853027,11.789999961853027,6342137.0
2024-03-25 16:00:00+03:00,11.800000190734863,11.800000190734863,11.770000457763672,11.770000457763672,11.770000457763672,4473903.0
2024-03-25 16:05:00+03:00,11.779999732971191,11.779999732971191,11.729999542236328,11.760000228881836,11.760000228881836,4873509.0
2024-03-25 16:10:00+03:00,11.760000228881836,11.760000228881836,11.680000305175781,11.6899995803833,11.6899995803833,9207078.0
2024-03-25 16:15:00+03:00,11.6899995803833,11.739999771118164,11.6899995803833,11.729999542236328,11.729999542236328,5567217.0
2024-03-25 16:20:00+03:00,11.729999542236328,11.75,11.720000267028809,11.739999771118164,11.739999771118164,2741827.0
2024-03-25 16:25:00+03:00,11.739999771118164,11.84000015258789,11.710000038146973,11.819999694824219,11.819999694824219,9812073.0
2024-03-25 16:30:00+03:00,11.8100004196167,11.829999923706055,11.770000457763672,11.779999732971191,11.779999732971191,7406631.0
2024-03-25 16:35:00+03:00,11.770000457763672,11.789999961853027,11.729999542236328,11.739999771118164,11.739999771118164,5851080.0
2024-03-25 16:40:00+03:00,11.75,11.75,11.720000267028809,11.739999771118164,11.739999771118164,3289357.0
2024-03-25 16:45:00+03:00,11.729999542236328,11.739999771118164,11.6899995803833,11.699999809265137,11.699999809265137,5629401.0
2024-03-25 16:50:00+03:00,11.710000038146973,11.779999732971191,11.699999809265137,11.770000457763672,11.770000457763672,6904334.0
2024-03-25 16:55:00+03:00,11.770000457763672,11.779999732971191,11.720000267028809,11.75,11.75,5397237.0
2024-03-25 17:00:00+03:00,11.75,11.779999732971191,11.6899995803833,11.729999542236328,11.729999542236328,7860075.0
2024-03-25 17:05:00+03:00,11.729999542236328,11.729999542236328,11.640000343322754,11.649999618530273,11.649999618530273,9083232.0
2024-03-25 17:10:00+03:00,11.65999984741211,11.65999984741211,11.539999961853027,11.550000190734863,11.550000190734863,25106014.0
2024-03-25 17:15:00+03:00,11.550000190734863,11.600000381469727,11.510000228881836,11.5600004196167,11.5600004196167,11012302.0
2024-03-25 17:20:00+03:00,11.550000190734863,11.649999618530273,11.550000190734863,11.609999656677246,11.609999656677246,11765470.0
2024-03-25 17:25:00+03:00,11.600000381469727,11.65999984741211,11.59000015258789,11.600000381469727,11.600000381469727,8644246.0
2024-03-25 17:30:00+03:00,11.59000015258789,11.600000381469727,11.539999961853027,11.5600004196167,11.5600004196167,6151498.0
2024-03-25 17:35:00+03:00,11.569999694824219,11.630000114440918,11.520000457763672,11.579999923706055,11.579999923706055,8097761.0
2024-03-25 17:40:00+03:00,11.59000015258789,11.609999656677246,11.520000457763672,11.539999961853027,11.539999961853027,7095616.0
2024-03-25 17:45:00+03:00,11.529999732971191,11.59000015258789,11.529999732971191,11.579999923706055,11.579999923706055,4013380.0
2024-03-25 17:50:00+03:00,11.579999923706055,11.579999923706055,11.470000267028809,11.479999542236328,11.479999542236328,10734122.0
2024-03-25 17:55:00+03:00,11.489999771118164,11.520000457763672,11.420000076293945,11.5,11.5,12378179.0
2024-03-26 09:55:00+03:00,11.4399995803833,11.4399995803833,11.4399995803833,11.4399995803833,11.4399995803833,0.0
2024-03-26 10:00:00+03:00,11.40999984741211,11.449999809265137,11.359999656677246,11.359999656677246,11.359999656677246,17286115.0
2024-03-26 10:05:00+03:00,11.369999885559082,11.4399995803833,11.350000381469727,11.420000076293945,11.420000076293945,9586111.0
2024-03-26 10:10:00+03:00,11.430000305175781,11.520000457763672,11.40999984741211,11.470000267028809,11.470000267028809,12454677.0
2024-03-26 10:15:00+03:00,11.470000267028809,11.479999542236328,11.380000114440918,11.390000343322754,11.390000343322754,6942923.0
2024-03-26 10:20:00+03:00,11.399999618530273,11.449999809265137,11.359999656677246,11.380000114440918,11.380000114440918,4092475.0
2024-03-26 10:25:00+03:00,11.369999885559082,11.40999984741211,11.359999656677246,11.369999885559082,11.369999885559082,5166239.0
2024-03-26 10:30:00+03:00,11.369999885559082,11.4399995803833,11.350000381469727,11.4399995803833,11.4399995803833,6646036.0
2024-03-26 10:35:00+03:00,11.4399995803833,11.5600004196167,11.430000305175781,11.550000190734863,11.550000190734863,21975883.0
2024-03-26 10:40:00+03:00,11.550000190734863,11.579999923706055,11.489999771118164,11.510000228881836,11.510000228881836,10562205.0
2024-03-26 10:45:00+03:00,11.5,11.510000228881836,11.449999809265137,11.460000038146973,11.460000038146973,6036237.0
2024-03-26 10:50:00+03:00,11.460000038146973,11.489999771118164,11.430000305175781,11.479999542236328,11.479999542236328,2370820.0
2024-03-26 10:55:00+03:00,11.470000267028809,11.520000457763672,11.449999809265137,11.5,11.5,4211435.0
2024-03-26 11:00:00+03:00,11.489999771118164,11.5,11.399999618530273,11.40999984741211,11.40999984741211,8620737.0
2024-03-26 11:05:00+03:00,11.40999984741211,11.4399995803833,11.390000343322754,11.420000076293945,11.420000076293945,2609516.0
2024-03-26 11:10:00+03:00,11.430000305175781,11.460000038146973,11.420000076293945,11.449999809265137,11.449999809265137,1890207.0
2024-03-26 11:15:00+03:00,11.449999809265137,11.510000228881836,11.420000076293945,11.5,11.5,3283203.0
2024-03-26 11:20:00+03:00,11.5,11.520000457763672,11.479999542236328,11.489999771118164,11.489999771118164,4691455.0
2024-03-26 11:25:00+03:00,11.5,11.5,11.460000038146973,11.470000267028809,11.470000267028809,2292187.0
2024-03-26 11:30:00+03:00,11.479999542236328,11.520000457763672,11.460000038146973,11.510000228881836,11.510000228881836,4633535.0
2024-03-26 11:35:00+03:00,11.510000228881836,11.5600004196167,11.489999771118164,11.539999961853027,11.539999961853027,4910911.0
2024-03-26 11:40:00+03:00,11.539999961853027,11.539999961853027,11.479999542236328,11.489999771118164,11.489999771118164,4733868.0
2024-03-26 11:45:00+03:00,11.479999542236328,11.489999771118164,11.4399995803833,11.449999809265137,11.449999809265137,3395164.0
2024-03-26 11:50:00+03:00,11.449999809265137,11.489999771118164,11.4399995803833,11.479999542236328,11.479999542236328,3530187.0
2024-03-26 11:55:00+03:00,11.479999542236328,11.510000228881836,11.460000038146973,11.479999542236328,11.479999542236328,2723942.0
2024-03-26 12:00:00+03:00,11.479999542236328,11.479999542236328,11.449999809265137,11.460000038146973,11.460000038146973,1856383.0
2024-03-26 12:05:00+03:00,11.449999809265137,11.520000457763672,11.449999809265137,11.510000228881836,11.510000228881836,6762462.0
2024-03-26 12:10:00+03:00,11.510000228881836,11.520000457763672,11.479999542236328,11.5,11.5,5245305.0
2024-03-26 12:15:00+03:00,11.489999771118164,11.510000228881836,11.449999809265137,11.460000038146973,11.460000038146973,2580521.0
2024-03-26 12:20:00+03:00,11.470000267028809,11.510000228881836,11.449999809265137,11.489999771118164,11.489999771118164,2392309.0
2024-03-26 12:25:00+03:00,11.479999542236328,11.510000228881836,11.479999542236328,11.510000228881836,11.510000228881836,1624166.0
2024-03-26 12:30:00+03:00,11.510000228881836,11.520000457763672,11.489999771118164,11.5,11.5,2262519.0
2024-03-26 12:35:00+03:00,11.510000228881836,11.510000228881836,11.489999771118164,11.489999771118164,11.489999771118164,1481023.0
2024-03-26 12:40:00+03:00,11.5,11.520000457763672,11.489999771118164,11.489999771118164,11.489999771118164,1312858.0
2024-03-26 12:45:00+03:00,11.5,11.5,11.460000038146973,11.479999542236328,11.479999542236328,2924860.0
2024-03-26 12:50:00+03:00,11.479999542236328,11.489999771118164,11.460000038146973,11.470000267028809,11.470000267028809,1582300.0
2024-03-26 12:55:00+03:00,11.470000267028809,11.479999542236328,11.40999984741211,11.420000076293945,11.420000076293945,3371329.0
2024-03-26 13:00:00+03:00,11.420000076293945,11.4399995803833,11.390000343322754,11.390000343322754,11.390000343322754,3491603.0
2024-03-26 13:05:00+03:00,11.390000343322754,11.399999618530273,11.239999771118164,11.270000457763672,11.270000457763672,16941142.0
2024-03-26 13:10:00+03:00,11.270000457763672,11.34000015258789,11.239999771118164,11.319999694824219,11.319999694824219,5963744.0
2024-03-26 13:15:00+03:00,11.3100004196167,11.359999656677246,11.289999961853027,11.359999656677246,11.359999656677246,4384890.0
2024-03-26 13:20:00+03:00,11.359999656677246,11.390000343322754,11.329999923706055,11.34000015258789,11.34000015258789,6185168.0
2024-03-26 13:25:00+03:00,11.34000015258789,11.380000114440918,11.3100004196167,11.359999656677246,11.359999656677246,1937583.0
2024-03-26 13:30:00+03:00,11.359999656677246,11.369999885559082,11.329999923706055,11.369999885559082,11.369999885559082,1237982.0
2024-03-26 13:35:00+03:00,11.359999656677246,11.380000114440918,11.350000381469727,11.369999885559082,11.369999885559082,1476096.0
2024-03-26 13:40:00+03:00,11.359999656677246,11.430000305175781,11.350000381469727,11.420000076293945,11.420000076293945,3925488.0
2024-03-26 13:45:00+03:00,11.430000305175781,11.4399995803833,11.399999618530273,11.40999984741211,11.40999984741211,3867667.0
2024-03-26 13:50:00+03:00,11.420000076293945,11.420000076293945,11.350000381469727,11.359999656677246,11.359999656677246,2739938.0
2024-03-26 13:55:00+03:00,11.350000381469727,11.380000114440918,11.34000015258789,11.359999656677246,11.359999656677246,3465894.0
2024-03-26 14:00:00+03:00,11.350000381469727,11.380000114440918,11.34000015258789,11.369999885559082,11.369999885559082,4211087.0
2024-03-26 14:05:00+03:00,11.369999885559082,11.380000114440918,11.350000381469727,11.359999656677246,11.359999656677246,2557228.0
2024-03-26 14:10:00+03:00,11.359999656677246,11.380000114440918,11.350000381469727,11.369999885559082,11.369999885559082,1249823.0
2024-03-26 14:15:00+03:00,11.380000114440918,11.4399995803833,11.369999885559082,11.399999618530273,11.399999618530273,6778402.0
2024-03-26 14:20:00+03:00,11.399999618530273,11.449999809265137,11.390000343322754,11.449999809265137,11.449999809265137,4746658.0
2024-03-26 14:25:00+03:00,11.4399995803833,11.470000267028809,11.4399995803833,11.449999809265137,11.449999809265137,4107304.0
2024-03-26 14:30:00+03:00,11.460000038146973,11.460000038146973,11.359999656677246,11.380000114440918,11.380000114440918,5405871.0
2024-03-26 14:35:00+03:00,11.380000114440918,11.420000076293945,11.359999656677246,11.40999984741211,11.40999984741211,1567070.0
2024-03-26 14:40:00+03:00,11.40999984741211,11.420000076293945,11.369999885559082,11.369999885559082,11.369999885559082,948403.0
2024-03-26 14:45:00+03:00,11.369999885559082,11.420000076293945,11.369999885559082,11.380000114440918,11.380000114440918,1902485.0
2024-03-26 14:50:00+03:00,11.380000114440918,11.399999618530273,11.369999885559082,11.380000114440918,11.380000114440918,1119416.0
2024-03-26 14:55:00+03:00,11.380000114440918,11.40999984741211,11.369999885559082,11.380000114440918,11.380000114440918,901089.0
2024-03-26 15:00:00+03:00,11.380000114440918,11.380000114440918,11.319999694824219,11.329999923706055,11.329999923706055,4341182.0
2024-03-26 15:05:00+03:00,11.329999923706055,11.350000381469727,11.319999694824219,11.329999923706055,11.329999923706055,2768186.0
2024-03-26 15:10:00+03:00,11.329999923706055,11.359999656677246,11.319999694824219,11.34000015258789,11.34000015258789,1414938.0
2024-03-26 15:15:00+03:00,11.34000015258789,11.380000114440918,11.329999923706055,11.369999885559082,11.369999885559082,1296242.0
2024-03-26 15:20:00+03:00,11.369999885559082,11.40999984741211,11.359999656677246,11.399999618530273,11.399999618530273,1999587.0
2024-03-26 15:25:00+03:00,11.399999618530273,11.40999984741211,11.369999885559082,11.380000114440918,11.380000114440918,1724878.0
2024-03-26 15:30:00+03:00,11.369999885559082,11.380000114440918,11.350000381469727,11.369999885559082,11.369999885559082,1113372.0
2024-03-26 15:35:00+03:00,11.380000114440918,11.380000114440918,11.34000015258789,11.34000015258789,11.34000015258789,1418110.0
2024-03-26 15:40:00+03:00,11.34000015258789,11.350000381469727,11.319999694824219,11.34000015258789,11.34000015258789,1870325.0
2024-03-26 15:45:00+03:00,11.34000015258789,11.359999656677246,11.329999923706055,11.350000381469727,11.350000381469727,1328797.0
2024-03-26 15:50:00+03:00,11.350000381469727,11.399999618530273,11.34000015258789,11.390000343322754,11.390000343322754,1933790.0
2024-03-26 15:55:00+03:00,11.380000114440918,11.420000076293945,11.380000114440918,11.420000076293945,11.420000076293945,2145576.0
2024-03-26 16:00:00+03:00,11.420000076293945,11.430000305175781,11.380000114440918,11.399999618530273,11.399999618530273,2134514.0
2024-03-26 16:05:00+03:00,11.390000343322754,11.420000076293945,11.369999885559082,11.380000114440918,11.380000114440918,1356555.0
2024-03-26 16:10:00+03:00,11.380000114440918,11.380000114440918,11.350000381469727,11.369999885559082,11.369999885559082,2014173.0
2024-03-26 16:15:00+03:00,11.380000114440918,11.380000114440918,11.359999656677246,11.369999885559082,11.369999885559082,444474.0
2024-03-26 16:20:00+03:00,11.369999885559082,11.390000343322754,11.369999885559082,11.390000343322754,11.390000343322754,571651.0
2024-03-26 16:25:00+03:00,11.390000343322754,11.40999984741211,11.369999885559082,11.399999618530273,11.399999618530273,1624354.0
2024-03-26 16:30:00+03:00,11.390000343322754,11.40999984741211,11.359999656677246,11.380000114440918,11.380000114440918,1357277.0
2024-03-26 16:35:00+03:00,11.369999885559082,11.380000114440918,11.300000190734863,11.3100004196167,11.3100004196167,4255923.0
2024-03-26 16:40:00+03:00,11.300000190734863,11.319999694824219,11.25,11.260000228881836,11.260000228881836,6159235.0
2024-03-26 16:45:00+03:00,11.25,11.25,11.199999809265137,11.25,11.25,5433099.0
2024-03-26 16:50:00+03:00,11.25,11.270000457763672,11.210000038146973,11.229999542236328,11.229999542236328,3070378.0
2024-03-26 16:55:00+03:00,11.229999542236328,11.239999771118164,11.199999809265137,11.220000267028809,11.220000267028809,2091861.0
2024-03-26 17:00:00+03:00,11.220000267028809,11.279999732971191,11.210000038146973,11.220000267028809,11.220000267028809,3755131.0
2024-03-26 17:05:00+03:00,11.229999542236328,11.239999771118164,11.170000076293945,11.199999809265137,11.199999809265137,5269502.0
2024-03-26 17:10:00+03:00,11.1899995803833,11.199999809265137,11.109999656677246,11.170000076293945,11.170000076293945,4732416.0
2024-03-26 17:15:00+03:00,11.1899995803833,11.210000038146973,11.180000305175781,11.1899995803833,11.1899995803833,2189121.0
2024-03-26 17:20:00+03:00,11.1899995803833,11.210000038146973,11.170000076293945,11.180000305175781,11.180000305175781,1767505.0
2024-03-26 17:25:00+03:00,11.1899995803833,11.199999809265137,11.149999618530273,11.15999984741211,11.15999984741211,1962889.0
2024-03-26 17:30:00+03:00,11.15999984741211,11.170000076293945,11.09000015258789,11.100000381469727,11.100000381469727,7134363.0
2024-03-26 17:35:00+03:00,11.100000381469727,11.130000114440918,11.079999923706055,11.100000381469727,11.100000381469727,4422790.0
2024-03-26 17:40:00+03:00,11.100000381469727,11.140000343322754,11.069999694824219,11.100000381469727,11.100000381469727,6086945.0
2024-03-26 17:45:00+03:00,11.100000381469727,11.170000076293945,11.09000015258789,11.170000076293945,11.170000076293945,3772793.0
2024-03-26 17:50:00+03:00,11.170000076293945,11.199999809265137,11.109999656677246,11.130000114440918,11.130000114440918,6396604.0
2024-03-26 17:55:00+03:00,11.119999885559082,11.140000343322754,11.09000015258789,11.09000015258789,11.09000015258789,6643103.0
2024-03-27 09:55:00+03:00,11.1899995803833,11.1899995803833,11.1899995803833,11.1899995803833,11.1899995803833,0.0
2024-03-27 10:00:00+03:00,11.180000305175781,11.300000190734863,11.180000305175781,11.229999542236328,11.229999542236328,8325996.0
2024-03-27 10:05:00+03:00,11.229999542236328,11.270000457763672,11.199999809265137,11.229999542236328,11.229999542236328,4588436.0
2024-03-27 10:10:00+03:00,11.229999542236328,11.229999542236328,11.109999656677246,11.140000343322754,11.140000343322754,8812766.0
2024-03-27 10:15:00+03:00,11.149999618530273,11.180000305175781,11.119999885559082,11.170000076293945,11.170000076293945,4567097.0
2024-03-27 10:20:00+03:00,11.15999984741211,11.229999542236328,11.15999984741211,11.210000038146973,11.210000038146973,2279358.0
2024-03-27 10:25:00+03:00,11.220000267028809,11.229999542236328,11.1899995803833,11.210000038146973,11.210000038146973,1736042.0
2024-03-27 10:30:00+03:00,11.210000038146973,11.210000038146973,11.109999656677246,11.109999656677246,11.109999656677246,2969690.0
2024-03-27 10:35:00+03:00,11.119999885559082,11.140000343322754,11.069999694824219,11.069999694824219,11.069999694824219,5047426.0
2024-03-27 10:40:00+03:00,11.069999694824219,11.109999656677246,11.0600004196167,11.109999656677246,11.109999656677246,5710226.0
2024-03-27 10:45:00+03:00,11.109999656677246,11.119999885559082,11.0600004196167,11.0600004196167,11.0600004196167,4100307.0
2024-03-27 10:50:00+03:00,11.0600004196167,11.100000381469727,11.050000190734863,11.079999923706055,11.079999923706055,3225844.0
2024-03-27 10:55:00+03:00,11.079999923706055,11.100000381469727,11.0,11.010000228881836,11.010000228881836,7236893.0
2024-03-27 11:00:00+03:00,11.010000228881836,11.039999961853027,11.0,11.029999732971191,11.029999732971191,4268741.0
2024-03-27 11:05:00+03:00,11.029999732971191,11.029999732971191,10.970000267028809,11.0,11.0,7307984.0
2024-03-27 11:10:00+03:00,11.0,11.020000457763672,10.9399995803833,10.979999542236328,10.979999542236328,5448884.0
2024-03-27 11:15:00+03:00,10.979999542236328,11.0,10.970000267028809,10.979999542236328,10.979999542236328,3038311.0
2024-03-27 11:20:00+03:00,10.979999542236328,11.0,10.970000267028809,10.989999771118164,10.989999771118164,2041870.0
2024-03-27 11:25:00+03:00,11.0,11.029999732971191,10.979999542236328,11.020000457763672,11.020000457763672,3431708.0
2024-03-27 11:30:00+03:00,11.020000457763672,11.039999961853027,10.989999771118164,11.020000457763672,11.020000457763672,2831527.0
2024-03-27 11:35:00+03:00,11.010000228881836,11.020000457763672,10.979999542236328,10.989999771118164,10.989999771118164,2839307.0
2024-03-27 11:40:00+03:00,10.989999771118164,11.0,10.970000267028809,10.979999542236328,10.979999542236328,1932101.0
2024-03-27 11:45:00+03:00,10.989999771118164,11.0,10.970000267028809,10.979999542236328,10.979999542236328,830877.0
2024-03-27 11:50:00+03:00,10.979999542236328,11.0,10.970000267028809,10.979999542236328,10.979999542236328,917429.0
2024-03-27 11:55:00+03:00,10.979999542236328,10.979999542236328,10.9399995803833,10.960000038146973,10.960000038146973,2587502.0
2024-03-27 12:00:00+03:00,10.970000267028809,10.970000267028809,10.850000381469727,10.859999656677246,10.859999656677246,7176317.0
2024-03-27 12:05:00+03:00,10.859999656677246,10.9399995803833,10.829999923706055,10.920000076293945,10.920000076293945,6760897.0
2024-03-27 12:10:00+03:00,10.920000076293945,10.960000038146973,10.899999618530273,10.920000076293945,10.920000076293945,2505006.0
2024-03-27 12:15:00+03:00,10.90999984741211,10.9399995803833,10.90999984741211,10.9399995803833,10.9399995803833,1287456.0
2024-03-27 12:20:00+03:00,10.9399995803833,10.949999809265137,10.90999984741211,10.930000305175781,10.930000305175781,968433.0
2024-03-27 12:25:00+03:00,10.920000076293945,10.930000305175781,10.899999618530273,10.90999984741211,10.90999984741211,1616065.0
2024-03-27 12:30:00+03:00,10.899999618530273,10.949999809265137,10.899999618530273,10.930000305175781,10.930000305175781,2810919.0
2024-03-27 12:35:00+03:00,10.930000305175781,10.930000305175781,10.890000343322754,10.899999618530273,10.899999618530273,1220216.0
2024-03-27 12:40:00+03:00,10.899999618530273,10.899999618530273,10.859999656677246,10.869999885559082,10.869999885559082,3632497.0
2024-03-27 12:45:00+03:00,10.859999656677246,10.869999885559082,10.819999694824219,10.84000015258789,10.84000015258789,4875223.0
2024-03-27 12:50:00+03:00,10.84000015258789,10.869999885559082,10.829999923706055,10.869999885559082,10.869999885559082,3466327.0
2024-03-27 12:55:00+03:00,10.869999885559082,10.920000076293945,10.859999656677246,10.90999984741211,10.90999984741211,5315449.0
2024-03-27 13:00:00+03:00,10.90999984741211,10.930000305175781,10.899999618530273,10.920000076293945,10.920000076293945,2435186.0
2024-03-27 13:05:00+03:00,10.920000076293945,10.930000305175781,10.890000343322754,10.920000076293945,10.920000076293945,3126968.0
2024-03-27 13:10:00+03:00,10.90999984741211,10.9399995803833,10.90999984741211,10.930000305175781,10.930000305175781,1957877.0
2024-03-27 13:15:00+03:00,10.930000305175781,10.949999809265137,10.899999618530273,10.920000076293945,10.920000076293945,2674317.0
2024-03-27 13:20:00+03:00,10.90999984741211,10.920000076293945,10.880000114440918,10.890000343322754,10.890000343322754,1464545.0
2024-03-27 13:25:00+03:00,10.890000343322754,10.920000076293945,10.869999885559082,10.899999618530273,10.899999618530273,2802810.0
2024-03-27 13:30:00+03:00,10.890000343322754,10.90999984741211,10.880000114440918,10.890000343322754,10.890000343322754,922049.0
2024-03-27 13:35:00+03:00,10.899999618530273,10.899999618530273,10.880000114440918,10.890000343322754,10.890000343322754,414902.0
2024-03-27 13:40:00+03:00,10.890000343322754,10.920000076293945,10.880000114440918,10.899999618530273,10.899999618530273,565601.0
2024-03-27 13:45:00+03:00,10.899999618530273,10.930000305175781,10.890000343322754,10.90999984741211,10.90999984741211,819664.0
2024-03-27 13:50:00+03:00,10.920000076293945,10.949999809265137,10.90999984741211,10.930000305175781,10.930000305175781,2105627.0
2024-03-27 13:55:00+03:00,10.930000305175781,10.960000038146973,10.930000305175781,10.949999809265137,10.949999809265137,2494286.0
2024-03-27 14:00:00+03:00,10.9399995803833,10.960000038146973,10.90999984741211,10.90999984741211,10.90999984741211,2395474.0
2024-03-27 14:05:00+03:00,10.920000076293945,10.930000305175781,10.890000343322754,10.890000343322754,10.890000343322754,2186764.0
2024-03-27 14:10:00+03:00,10.899999618530273,10.920000076293945,10.880000114440918,10.899999618530273,10.899999618530273,1880215.0
2024-03-27 14:15:00+03:00,10.90999984741211,10.920000076293945,10.869999885559082,10.880000114440918,10.880000114440918,2406280.0
2024-03-27 14:20:00+03:00,10.890000343322754,10.899999618530273,10.869999885559082,10.880000114440918,10.880000114440918,1301055.0
2024-03-27 14:25:00+03:00,10.890000343322754,10.899999618530273,10.880000114440918,10.890000343322754,10.890000343322754,1244627.0
2024-03-27 14:30:00+03:00,10.880000114440918,10.890000343322754,10.850000381469727,10.859999656677246,10.859999656677246,4173641.0
2024-03-27 14:35:00+03:00,10.859999656677246,10.869999885559082,10.829999923706055,10.850000381469727,10.850000381469727,1752033.0
2024-03-27 14:40:00+03:00,10.850000381469727,10.850000381469727,10.819999694824219,10.850000381469727,10.850000381469727,2504867.0
2024-03-27 14:45:00+03:00,10.850000381469727,10.859999656677246,10.819999694824219,10.850000381469727,10.850000381469727,2507971.0
2024-03-27 14:50:00+03:00,10.850000381469727,10.859999656677246,10.829999923706055,10.850000381469727,10.850000381469727,2112012.0
2024-03-27 14:55:00+03:00,10.850000381469727,10.880000114440918,10.84000015258789,10.880000114440918,10.880000114440918,2507578.0
2024-03-27 15:00:00+03:00,10.880000114440918,10.899999618530273,10.869999885559082,10.880000114440918,10.880000114440918,2459876.0
2024-03-27 15:05:00+03:00,10.880000114440918,10.880000114440918,10.859999656677246,10.859999656677246,10.859999656677246,1545238.0
2024-03-27 15:10:00+03:00,10.869999885559082,10.869999885559082,10.84000015258789,10.859999656677246,10.859999656677246,1604843.0
2024-03-27 15:15:00+03:00,10.869999885559082,10.869999885559082,10.829999923706055,10.859999656677246,10.859999656677246,2751138.0
2024-03-27 15:20:00+03:00,10.850000381469727,10.880000114440918,10.850000381469727,10.859999656677246,10.859999656677246,1623864.0
2024-03-27 15:25:00+03:00,10.869999885559082,10.880000114440918,10.859999656677246,10.869999885559082,10.869999885559082,912515.0
2024-03-27 15:30:00+03:00,10.869999885559082,10.9399995803833,10.859999656677246,10.930000305175781,10.930000305175781,6486530.0
2024-03-27 15:35:00+03:00,10.9399995803833,10.979999542236328,10.930000305175781,10.9399995803833,10.9399995803833,8733353.0
2024-03-27 15:40:00+03:00,10.9399995803833,10.970000267028809,10.930000305175781,10.960000038146973,10.960000038146973,5816645.0
2024-03-27 15:45:00+03:00,10.949999809265137,10.989999771118164,10.920000076293945,10.9399995803833,10.9399995803833,9084104.0
2024-03-27 15:50:00+03:00,10.949999809265137,11.0,10.9399995803833,10.970000267028809,10.970000267028809,3899264.0
2024-03-27 15:55:00+03:00,10.960000038146973,10.979999542236328,10.9399995803833,10.960000038146973,10.960000038146973,2301361.0
2024-03-27 16:00:00+03:00,10.970000267028809,10.989999771118164,10.930000305175781,10.949999809265137,10.949999809265137,3238513.0
2024-03-27 16:05:00+03:00,10.949999809265137,10.949999809265137,10.90999984741211,10.920000076293945,10.920000076293945,2271123.0
2024-03-27 16:10:00+03:00,10.920000076293945,10.949999809265137,10.880000114440918,10.899999618530273,10.899999618530273,3724816.0
2024-03-27 16:15:00+03:00,10.90999984741211,10.90999984741211,10.869999885559082,10.890000343322754,10.890000343322754,2987939.0
2024-03-27 16:20:00+03:00,10.880000114440918,10.920000076293945,10.869999885559082,10.890000343322754,10.890000343322754,2717197.0
2024-03-27 16:25:00+03:00,10.880000114440918,10.890000343322754,10.829999923706055,10.829999923706055,10.829999923706055,5889624.0
2024-03-27 16:30:00+03:00,10.829999923706055,10.84000015258789,10.8100004196167,10.819999694824219,10.819999694824219,4434022.0
2024-03-27 16:35:00+03:00,10.819999694824219,10.819999694824219,10.789999961853027,10.800000190734863,10.800000190734863,5130450.0
2024-03-27 16:40:00+03:00,10.800000190734863,10.8100004196167,10.739999771118164,10.75,10.75,6257120.0
2024-03-27 16:45:00+03:00,10.75,10.789999961853027,10.739999771118164,10.760000228881836,10.760000228881836,4765591.0
2024-03-27 16:50:00+03:00,10.770000457763672,10.829999923706055,10.75,10.819999694824219,10.819999694824219,4834281.0
2024-03-27 16:55:00+03:00,10.819999694824219,10.819999694824219,10.760000228881836,10.770000457763672,10.770000457763672,3289502.0
2024-03-27 17:00:00+03:00,10.770000457763672,10.819999694824219,10.75,10.8100004196167,10.8100004196167,3489386.0
2024-03-27 17:05:00+03:00,10.8100004196167,10.859999656677246,10.8100004196167,10.829999923706055,10.829999923706055,4434092.0
2024-03-27 17:10:00+03:00,10.84000015258789,10.84000015258789,10.779999732971191,10.789999961853027,10.789999961853027,3953926.0
2024-03-27 17:15:00+03:00,10.779999732971191,10.869999885559082,10.779999732971191,10.850000381469727,10.850000381469727,3809917.0
2024-03-27 17:20:00+03:00,10.850000381469727,10.869999885559082,10.829999923706055,10.84000015258789,10.84000015258789,1930340.0
2024-03-27 17:25:00+03:00,10.84000015258789,10.84000015258789,10.779999732971191,10.800000190734863,10.800000190734863,1523783.0
2024-03-27 17:30:00+03:00,10.789999961853027,10.84000015258789,10.779999732971191,10.829999923706055,10.829999923706055,2172816.0
2024-03-27 17:35:00+03:00,10.829999923706055,10.850000381469727,10.800000190734863,10.819999694824219,10.819999694824219,2412944.0
2024-03-27 17:40:00+03:00,10.819999694824219,10.829999923706055,10.779999732971191,10.829999923706055,10.829999923706055,3948721.0
2024-03-27 17:45:00+03:00,10.819999694824219,10.90999984741211,10.819999694824219,10.880000114440918,10.880000114440918,10507968.0
2024-03-27 17:50:00+03:00,10.869999885559082,10.890000343322754,10.850000381469727,10.859999656677246,10.859999656677246,5059002.0
2024-03-27 17:55:00+03:00,10.859999656677246,10.869999885559082,10.829999923706055,10.859999656677246,10.859999656677246,10156773.0
2024-03-28 09:55:00+03:00,10.920000076293945,10.920000076293945,10.920000076293945,10.920000076293945,10.920000076293945,0.0
2024-03-28 10:00:00+03:00,10.920000076293945,11.029999732971191,10.920000076293945,10.970000267028809,10.970000267028809,26235614.0
2024-03-28 10:05:00+03:00,10.970000267028809,11.039999961853027,10.960000038146973,11.010000228881836,11.010000228881836,11952056.0
2024-03-28 10:10:00+03:00,11.010000228881836,11.050000190734863,11.010000228881836,11.010000228881836,11.010000228881836,9865608.0
2024-03-28 10:15:00+03:00,11.010000228881836,11.039999961853027,10.989999771118164,11.029999732971191,11.029999732971191,5489894.0
2024-03-28 10:20:00+03:00,11.039999961853027,11.100000381469727,11.029999732971191,11.079999923706055,11.079999923706055,9482941.0
2024-03-28 10:25:00+03:00,11.079999923706055,11.180000305175781,11.079999923706055,11.170000076293945,11.170000076293945,12787610.0
2024-03-28 10:30:00+03:00,11.170000076293945,11.199999809265137,11.140000343322754,11.140000343322754,11.140000343322754,11765718.0
2024-03-28 10:35:00+03:00,11.140000343322754,11.15999984741211,11.09000015258789,11.130000114440918,11.130000114440918,5773124.0
2024-03-28 10:40:00+03:00,11.130000114440918,11.15999984741211,11.109999656677246,11.119999885559082,11.119999885559082,3892758.0
2024-03-28 10:45:00+03:00,11.119999885559082,11.149999618530273,11.109999656677246,11.140000343322754,11.140000343322754,2878437.0
2024-03-28 10:50:00+03:00,11.140000343322754,11.15999984741211,11.100000381469727,11.140000343322754,11.140000343322754,5016178.0
2024-03-28 10:55:00+03:00,11.140000343322754,11.15999984741211,11.119999885559082,11.140000343322754,11.140000343322754,4778927.0
2024-03-28 11:00:00+03:00,11.149999618530273,11.199999809265137,11.140000343322754,11.170000076293945,11.170000076293945,11880812.0
2024-03-28 11:05:00+03:00,11.170000076293945,11.180000305175781,11.09000015258789,11.100000381469727,11.100000381469727,5558598.0
2024-03-28 11:10:00+03:00,11.100000381469727,11.140000343322754,11.079999923706055,11.119999885559082,11.119999885559082,3417801.0
2024-03-28 11:15:00+03:00,11.130000114440918,11.149999618530273,11.109999656677246,11.109999656677246,11.109999656677246,3616659.0
2024-03-28 11:20:00+03:00,11.119999885559082,11.180000305175781,11.109999656677246,11.15999984741211,11.15999984741211,7180925.0
2024-03-28 11:25:00+03:00,11.170000076293945,11.170000076293945,11.140000343322754,11.15999984741211,11.15999984741211,2684982.0
2024-03-28 11:30:00+03:00,11.170000076293945,11.180000305175781,11.149999618530273,11.180000305175781,11.180000305175781,1373868.0
2024-03-28 11:35:00+03:00,11.170000076293945,11.180000305175781,11.149999618530273,11.15999984741211,11.15999984741211,4796739.0
2024-03-28 11:40:00+03:00,11.15999984741211,11.229999542236328,11.15999984741211,11.220000267028809,11.220000267028809,9642157.0
2024-03-28 11:45:00+03:00,11.220000267028809,11.229999542236328,11.170000076293945,11.170000076293945,11.170000076293945,5075209.0
2024-03-28 11:50:00+03:00,11.180000305175781,11.180000305175781,11.140000343322754,11.15999984741211,11.15999984741211,3957087.0
2024-03-28 11:55:00+03:00,11.170000076293945,11.180000305175781,11.149999618530273,11.180000305175781,11.180000305175781,1898974.0
2024-03-28 12:00:00+03:00,11.170000076293945,11.170000076293945,11.119999885559082,11.130000114440918,11.130000114440918,3530068.0
2024-03-28 12:05:00+03:00,11.140000343322754,11.149999618530273,11.119999885559082,11.149999618530273,11.149999618530273,1983753.0
2024-03-28 12:10:00+03:00,11.140000343322754,11.180000305175781,11.130000114440918,11.170000076293945,11.170000076293945,2903622.0
2024-03-28 12:15:00+03:00,11.15999984741211,11.170000076293945,11.130000114440918,11.130000114440918,11.130000114440918,1137664.0
2024-03-28 12:20:00+03:00,11.140000343322754,11.149999618530273,11.119999885559082,11.130000114440918,11.130000114440918,1011653.0
2024-03-28 12:25:00+03:00,11.130000114440918,11.140000343322754,11.100000381469727,11.109999656677246,11.109999656677246,3411219.0
2024-03-28 12:30:00+03:00,11.100000381469727,11.119999885559082,11.079999923706055,11.109999656677246,11.109999656677246,4292649.0
2024-03-28 12:35:00+03:00,11.119999885559082,11.140000343322754,11.100000381469727,11.130000114440918,11.130000114440918,2123465.0
2024-03-28 12:40:00+03:00,11.130000114440918,11.140000343322754,11.109999656677246,11.119999885559082,11.119999885559082,1168415.0
2024-03-28 12:45:00+03:00,11.119999885559082,11.140000343322754,11.109999656677246,11.130000114440918,11.130000114440918,1108959.0
2024-03-28 12:50:00+03:00,11.119999885559082,11.130000114440918,11.119999885559082,11.130000114440918,11.130000114440918,949590.0
2024-03-28 12:55:00+03:00,11.119999885559082,11.130000114440918,11.109999656677246,11.109999656677246,11.109999656677246,1208505.0
2024-03-28 13:00:00+03:00,11.119999885559082,11.119999885559082,11.09000015258789,11.109999656677246,11.109999656677246,1107458.0
2024-03-28 13:05:00+03:00,11.109999656677246,11.109999656677246,11.09000015258789,11.100000381469727,11.100000381469727,1375856.0
2024-03-28 13:10:00+03:00,11.09000015258789,11.100000381469727,11.0600004196167,11.069999694824219,11.069999694824219,1775993.0
2024-03-28 13:15:00+03:00,11.079999923706055,11.079999923706055,11.039999961853027,11.069999694824219,11.069999694824219,3111208.0
2024-03-28 13:20:00+03:00,11.0600004196167,11.100000381469727,11.0600004196167,11.100000381469727,11.100000381469727,1855884.0
2024-03-28 13:25:00+03:00,11.100000381469727,11.119999885559082,11.079999923706055,11.100000381469727,11.100000381469727,4332398.0
2024-03-28 13:30:00+03:00,11.109999656677246,11.109999656677246,11.09000015258789,11.100000381469727,11.100000381469727,1744367.0
2024-03-28 13:35:00+03:00,11.100000381469727,11.109999656677246,11.079999923706055,11.09000015258789,11.09000015258789,529014.0
2024-03-28 13:40:00+03:00,11.09000015258789,11.09000015258789,11.069999694824219,11.079999923706055,11.079999923706055,1320905.0
2024-03-28 13:45:00+03:00,11.079999923706055,11.109999656677246,11.069999694824219,11.109999656677246,11.109999656677246,1608932.0
2024-03-28 13:50:00+03:00,11.109999656677246,11.119999885559082,11.100000381469727,11.119999885559082,11.119999885559082,1605959.0
2024-03-28 13:55:00+03:00,11.119999885559082,11.130000114440918,11.100000381469727,11.109999656677246,11.109999656677246,1108326.0
2024-03-28 14:00:00+03:00,11.109999656677246,11.109999656677246,11.079999923706055,11.09000015258789,11.09000015258789,1514815.0
2024-03-28 14:05:00+03:00,11.09000015258789,11.09000015258789,11.050000190734863,11.069999694824219,11.069999694824219,2070034.0
2024-03-28 14:10:00+03:00,11.0600004196167,11.069999694824219,11.039999961853027,11.039999961853027,11.039999961853027,3413476.0
2024-03-28 14:15:00+03:00,11.050000190734863,11.069999694824219,11.039999961853027,11.069999694824219,11.069999694824219,1673647.0
2024-03-28 14:20:00+03:00,11.0600004196167,11.079999923706055,11.050000190734863,11.079999923706055,11.079999923706055,2425807.0
2024-03-28 14:25:00+03:00,11.079999923706055,11.09000015258789,11.0600004196167,11.079999923706055,11.079999923706055,1520387.0
2024-03-28 14:30:00+03:00,11.079999923706055,11.109999656677246,11.069999694824219,11.109999656677246,11.109999656677246,2559128.0
2024-03-28 14:35:00+03:00,11.109999656677246,11.130000114440918,11.100000381469727,11.109999656677246,11.109999656677246,7062171.0
2024-03-28 14:40:00+03:00,11.109999656677246,11.119999885559082,11.100000381469727,11.109999656677246,11.109999656677246,2135288.0
2024-03-28 14:45:00+03:00,11.100000381469727,11.25,11.100000381469727,11.239999771118164,11.239999771118164,20669299.0
2024-03-28 14:50:00+03:00,11.25,11.289999961853027,11.210000038146973,11.270000457763672,11.270000457763672,14304154.0
2024-03-28 14:55:00+03:00,11.270000457763672,11.350000381469727,11.229999542236328,11.319999694824219,11.319999694824219,18570823.0
2024-03-28 15:00:00+03:00,11.319999694824219,11.329999923706055,11.229999542236328,11.25,11.25,9450724.0
2024-03-28 15:05:00+03:00,11.25,11.270000457763672,11.229999542236328,11.239999771118164,11.239999771118164,2991216.0
2024-03-28 15:10:00+03:00,11.229999542236328,11.25,11.220000267028809,11.220000267028809,11.220000267028809,3462751.0
2024-03-28 15:15:00+03:00,11.220000267028809,11.260000228881836,11.210000038146973,11.260000228881836,11.260000228881836,3733802.0
2024-03-28 15:20:00+03:00,11.260000228881836,11.270000457763672,11.220000267028809,11.229999542236328,11.229999542236328,4399611.0
2024-03-28 15:25:00+03:00,11.229999542236328,11.260000228881836,11.220000267028809,11.229999542236328,11.229999542236328,3569264.0
2024-03-28 15:30:00+03:00,11.229999542236328,11.25,11.220000267028809,11.220000267028809,11.220000267028809,885861.0
2024-03-28 15:35:00+03:00,11.220000267028809,11.279999732971191,11.220000267028809,11.25,11.25,3748506.0
2024-03-28 15:40:00+03:00,11.25,11.270000457763672,11.25,11.260000228881836,11.260000228881836,1691235.0
2024-03-28 15:45:00+03:00,11.260000228881836,11.289999961853027,11.25,11.270000457763672,11.270000457763672,4578903.0
2024-03-28 15:50:00+03:00,11.279999732971191,11.289999961853027,11.260000228881836,11.270000457763672,11.270000457763672,1302033.0
2024-03-28 15:55:00+03:00,11.260000228881836,11.279999732971191,11.260000228881836,11.260000228881836,11.260000228881836,1900345.0
2024-03-28 16:00:00+03:00,11.260000228881836,11.289999961853027,11.260000228881836,11.270000457763672,11.270000457763672,3325301.0
2024-03-28 16:05:00+03:00,11.270000457763672,11.289999961853027,11.260000228881836,11.270000457763672,11.270000457763672,3969486.0
2024-03-28 16:10:00+03:00,11.260000228881836,11.289999961853027,11.229999542236328,11.239999771118164,11.239999771118164,3875774.0
2024-03-28 16:15:00+03:00,11.239999771118164,11.279999732971191,11.220000267028809,11.270000457763672,11.270000457763672,4024384.0
2024-03-28 16:20:00+03:00,11.260000228881836,11.270000457763672,11.220000267028809,11.239999771118164,11.239999771118164,1933686.0
2024-03-28 16:25:00+03:00,11.239999771118164,11.260000228881836,11.229999542236328,11.239999771118164,11.239999771118164,1996247.0
2024-03-28 16:30:00+03:00,11.229999542236328,11.270000457763672,11.229999542236328,11.260000228881836,11.260000228881836,3925696.0
2024-03-28 16:35:00+03:00,11.260000228881836,11.279999732971191,11.260000228881836,11.270000457763672,11.270000457763672,1980446.0
2024-03-28 16:40:00+03:00,11.270000457763672,11.279999732971191,11.260000228881836,11.270000457763672,11.270000457763672,2843906.0
2024-03-28 16:45:00+03:00,11.270000457763672,11.279999732971191,11.25,11.260000228881836,11.260000228881836,2881637.0
2024-03-28 16:50:00+03:00,11.270000457763672,11.270000457763672,11.229999542236328,11.239999771118164,11.239999771118164,1840651.0
2024-03-28 16:55:00+03:00,11.239999771118164,11.260000228881836,11.220000267028809,11.25,11.25,1397336.0
2024-03-28 17:00:00+03:00,11.25,11.270000457763672,11.239999771118164,11.260000228881836,11.260000228881836,1750819.0
2024-03-28 17:05:00+03:00,11.25,11.279999732971191,11.25,11.270000457763672,11.270000457763672,2514953.0
2024-03-28 17:10:00+03:00,11.260000228881836,11.279999732971191,11.239999771118164,11.25,11.25,3466734.0
2024-03-28 17:15:00+03:00,11.239999771118164,11.270000457763672,11.239999771118164,11.260000228881836,11.260000228881836,2009818.0
2024-03-28 17:20:00+03:00,11.260000228881836,11.270000457763672,11.25,11.260000228881836,11.260000228881836,2432513.0
2024-03-28 17:25:00+03:00,11.270000457763672,11.34000015258789,11.25,11.3100004196167,11.3100004196167,10473389.0
2024-03-28 17:30:00+03:00,11.300000190734863,11.300000190734863,11.239999771118164,11.25,11.25,3214812.0
2024-03-28 17:35:00+03:00,11.25,11.25,11.210000038146973,11.229999542236328,11.229999542236328,6238399.0
2024-03-28 17:40:00+03:00,11.220000267028809,11.260000228881836,11.220000267028809,11.229999542236328,11.229999542236328,2065866.0
2024-03-28 17:45:00+03:00,11.229999542236328,11.239999771118164,11.210000038146973,11.229999542236328,11.229999542236328,2370431.0
2024-03-28 17:50:00+03:00,11.220000267028809,11.239999771118164,11.1899995803833,11.229999542236328,11.229999542236328,7360421.0
2024-03-28 17:55:00+03:00,11.229999542236328,11.239999771118164,11.210000038146973,11.220000267028809,11.220000267028809,8344432.0
2024-03-29 09:55:00+03:00,11.239999771118164,11.239999771118164,11.239999771118164,11.239999771118164,11.239999771118164,0.0
2024-03-29 10:00:00+03:00,11.25,11.3100004196167,11.239999771118164,11.279999732971191,11.279999732971191,16068726.0
2024-03-29 10:05:00+03:00,11.279999732971191,11.3100004196167,11.260000228881836,11.3100004196167,11.3100004196167,14018749.0
2024-03-29 10:10:00+03:00,11.3100004196167,11.380000114440918,11.289999961853027,11.3100004196167,11.3100004196167,11453997.0
2024-03-29 10:15:00+03:00,11.3100004196167,11.34000015258789,11.300000190734863,11.319999694824219,11.319999694824219,4509801.0
2024-03-29 10:20:00+03:00,11.319999694824219,11.359999656677246,11.3100004196167,11.34000015258789,11.34000015258789,4659204.0
2024-03-29 10:25:00+03:00,11.34000015258789,11.4399995803833,11.329999923706055,11.390000343322754,11.390000343322754,13617685.0
2024-03-29 10:30:00+03:00,11.399999618530273,11.40999984741211,11.350000381469727,11.359999656677246,11.359999656677246,5430096.0
2024-03-29 10:35:00+03:00,11.359999656677246,11.399999618530273,11.350000381469727,11.380000114440918,11.380000114440918,4426487.0
2024-03-29 10:40:00+03:00,11.380000114440918,11.390000343322754,11.359999656677246,11.369999885559082,11.369999885559082,1704555.0
2024-03-29 10:45:00+03:00,11.369999885559082,11.380000114440918,11.34000015258789,11.350000381469727,11.350000381469727,1887203.0
2024-03-29 10:50:00+03:00,11.350000381469727,11.359999656677246,11.319999694824219,11.329999923706055,11.329999923706055,1808139.0
2024-03-29 10:55:00+03:00,11.319999694824219,11.350000381469727,11.319999694824219,11.329999923706055,11.329999923706055,3113750.0
2024-03-29 11:00:00+03:00,11.329999923706055,11.359999656677246,11.319999694824219,11.359999656677246,11.359999656677246,1593413.0
2024-03-29 11:05:00+03:00,11.359999656677246,11.359999656677246,11.3100004196167,11.3100004196167,11.3100004196167,1749663.0
2024-03-29 11:10:00+03:00,11.319999694824219,11.34000015258789,11.300000190734863,11.34000015258789,11.34000015258789,1842796.0
2024-03-29 11:15:00+03:00,11.329999923706055,11.34000015258789,11.3100004196167,11.319999694824219,11.319999694824219,744964.0
2024-03-29 11:20:00+03:00,11.3100004196167,11.319999694824219,11.289999961853027,11.3100004196167,11.3100004196167,1987452.0
2024-03-29 11:25:00+03:00,11.3100004196167,11.319999694824219,11.300000190734863,11.319999694824219,11.319999694824219,1224666.0
2024-03-29 11:30:00+03:00,11.3100004196167,11.329999923706055,11.300000190734863,11.329999923706055,11.329999923706055,1038850.0
2024-03-29 11:35:00+03:00,11.329999923706055,11.390000343322754,11.319999694824219,11.369999885559082,11.369999885559082,7879300.0
2024-03-29 11:40:00+03:00,11.369999885559082,11.390000343322754,11.359999656677246,11.390000343322754,11.390000343322754,1958797.0
2024-03-29 11:45:00+03:00,11.380000114440918,11.399999618530273,11.359999656677246,11.380000114440918,11.380000114440918,2497030.0
2024-03-29 11:50:00+03:00,11.369999885559082,11.390000343322754,11.350000381469727,11.359999656677246,11.359999656677246,1436115.0
2024-03-29 11:55:00+03:00,11.369999885559082,11.380000114440918,11.350000381469727,11.369999885559082,11.369999885559082,1447454.0
2024-03-29 12:00:00+03:00,11.369999885559082,11.399999618530273,11.369999885559082,11.399999618530273,11.399999618530273,1364083.0
2024-03-29 12:05:00+03:00,11.390000343322754,11.420000076293945,11.369999885559082,11.399999618530273,11.399999618530273,6400681.0
2024-03-29 12:10:00+03:00,11.40999984741211,11.40999984741211,11.390000343322754,11.40999984741211,11.40999984741211,1914906.0
2024-03-29 12:15:00+03:00,11.399999618530273,11.40999984741211,11.369999885559082,11.390000343322754,11.390000343322754,2079879.0
2024-03-29 12:20:00+03:00,11.399999618530273,11.399999618530273,11.380000114440918,11.390000343322754,11.390000343322754,650428.0
2024-03-29 12:25:00+03:00,11.390000343322754,11.399999618530273,11.380000114440918,11.390000343322754,11.390000343322754,903252.0
2024-03-29 12:30:00+03:00,11.390000343322754,11.390000343322754,11.359999656677246,11.359999656677246,11.359999656677246,1167836.0
2024-03-29 12:35:00+03:00,11.369999885559082,11.430000305175781,11.359999656677246,11.420000076293945,11.420000076293945,3452571.0
2024-03-29 12:40:00+03:00,11.420000076293945,11.529999732971191,11.40999984741211,11.489999771118164,11.489999771118164,15496669.0
2024-03-29 12:45:00+03:00,11.479999542236328,11.5,11.470000267028809,11.479999542236328,11.479999542236328,3867847.0
2024-03-29 12:50:00+03:00,11.479999542236328,11.479999542236328,11.430000305175781,11.4399995803833,11.4399995803833,4853669.0
2024-03-29 12:55:00+03:00,11.4399995803833,11.470000267028809,11.420000076293945,11.449999809265137,11.449999809265137,2344528.0
2024-03-29 13:00:00+03:00,11.449999809265137,11.470000267028809,11.4399995803833,11.449999809265137,11.449999809265137,1129289.0
2024-03-29 13:05:00+03:00,11.460000038146973,11.470000267028809,11.4399995803833,11.460000038146973,11.460000038146973,2055880.0
2024-03-29 13:10:00+03:00,11.460000038146973,11.460000038146973,11.420000076293945,11.430000305175781,11.430000305175781,2193718.0
2024-03-29 13:15:00+03:00,11.4399995803833,11.4399995803833,11.40999984741211,11.4399995803833,11.4399995803833,1654249.0
2024-03-29 13:20:00+03:00,11.4399995803833,11.449999809265137,11.420000076293945,11.4399995803833,11.4399995803833,1048243.0
2024-03-29 13:25:00+03:00,11.430000305175781,11.4399995803833,11.420000076293945,11.430000305175781,11.430000305175781,1275961.0
2024-03-29 13:30:00+03:00,11.430000305175781,11.449999809265137,11.40999984741211,11.4399995803833,11.4399995803833,1816609.0
2024-03-29 13:35:00+03:00,11.449999809265137,11.449999809265137,11.430000305175781,11.4399995803833,11.4399995803833,929838.0
2024-03-29 13:40:00+03:00,11.4399995803833,11.460000038146973,11.430000305175781,11.4399995803833,11.4399995803833,1227780.0
2024-03-29 13:45:00+03:00,11.4399995803833,11.5,11.4399995803833,11.489999771118164,11.489999771118164,3155004.0
2024-03-29 13:50:00+03:00,11.479999542236328,11.489999771118164,11.4399995803833,11.460000038146973,11.460000038146973,2757375.0
2024-03-29 13:55:00+03:00,11.449999809265137,11.460000038146973,11.40999984741211,11.420000076293945,11.420000076293945,2339488.0
2024-03-29 14:00:00+03:00,11.40999984741211,11.420000076293945,11.390000343322754,11.420000076293945,11.420000076293945,2654939.0
2024-03-29 14:05:00+03:00,11.420000076293945,11.430000305175781,11.40999984741211,11.420000076293945,11.420000076293945,621427.0
2024-03-29 14:10:00+03:00,11.430000305175781,11.449999809265137,11.420000076293945,11.4399995803833,11.4399995803833,1337490.0
2024-03-29 14:15:00+03:00,11.4399995803833,11.449999809265137,11.430000305175781,11.4399995803833,11.4399995803833,1684541.0
2024-03-29 14:20:00+03:00,11.449999809265137,11.470000267028809,11.430000305175781,11.460000038146973,11.460000038146973,2010742.0
2024-03-29 14:25:00+03:00,11.449999809265137,11.449999809265137,11.430000305175781,11.4399995803833,11.4399995803833,1552782.0
2024-03-29 14:30:00+03:00,11.4399995803833,11.470000267028809,11.430000305175781,11.460000038146973,11.460000038146973,2844777.0
2024-03-29 14:35:00+03:00,11.470000267028809,11.470000267028809,11.430000305175781,11.449999809265137,11.449999809265137,2265000.0
2024-03-29 14:40:00+03:00,11.4399995803833,11.4399995803833,11.40999984741211,11.430000305175781,11.430000305175781,1376609.0
2024-03-29 14:45:00+03:00,11.430000305175781,11.4399995803833,11.40999984741211,11.4399995803833,11.4399995803833,1575838.0
2024-03-29 14:50:00+03:00,11.430000305175781,11.4399995803833,11.40999984741211,11.420000076293945,11.420000076293945,1285040.0
2024-03-29 14:55:00+03:00,11.420000076293945,11.449999809265137,11.420000076293945,11.430000305175781,11.430000305175781,2414206.0
2024-03-29 15:00:00+03:00,11.4399995803833,11.479999542236328,11.430000305175781,11.470000267028809,11.470000267028809,4418641.0
2024-03-29 15:05:00+03:00,11.460000038146973,11.470000267028809,11.449999809265137,11.449999809265137,11.449999809265137,2602348.0
2024-03-29 15:10:00+03:00,11.449999809265137,11.510000228881836,11.4399995803833,11.510000228881836,11.510000228881836,6786244.0
2024-03-29 15:15:00+03:00,11.5,11.550000190734863,11.5,11.529999732971191,11.529999732971191,12890337.0
2024-03-29 15:20:00+03:00,11.529999732971191,11.539999961853027,11.449999809265137,11.470000267028809,11.470000267028809,8955526.0
2024-03-29 15:25:00+03:00,11.460000038146973,11.5,11.449999809265137,11.489999771118164,11.489999771118164,8172207.0
2024-03-29 15:30:00+03:00,11.479999542236328,11.489999771118164,11.4399995803833,11.449999809265137,11.449999809265137,4383620.0
2024-03-29 15:35:00+03:00,11.449999809265137,11.460000038146973,11.420000076293945,11.460000038146973,11.460000038146973,3266350.0
2024-03-29 15:40:00+03:00,11.449999809265137,11.460000038146973,11.430000305175781,11.4399995803833,11.4399995803833,1292948.0
2024-03-29 15:45:00+03:00,11.4399995803833,11.449999809265137,11.420000076293945,11.430000305175781,11.430000305175781,1600207.0
2024-03-29 15:50:00+03:00,11.4399995803833,11.470000267028809,11.420000076293945,11.449999809265137,11.449999809265137,2477126.0
2024-03-29 15:55:00+03:00,11.4399995803833,11.449999809265137,11.399999618530273,11.420000076293945,11.420000076293945,3271589.0
2024-03-29 16:00:00+03:00,11.40999984741211,11.4399995803833,11.399999618530273,11.40999984741211,11.40999984741211,1462492.0
2024-03-29 16:05:00+03:00,11.40999984741211,11.420000076293945,11.369999885559082,11.390000343322754,11.390000343322754,3857712.0
2024-03-29 16:10:00+03:00,11.390000343322754,11.399999618530273,11.359999656677246,11.369999885559082,11.369999885559082,4235182.0
2024-03-29 16:15:00+03:00,11.359999656677246,11.369999885559082,11.329999923706055,11.369999885559082,11.369999885559082,4366989.0
2024-03-29 16:20:00+03:00,11.359999656677246,11.369999885559082,11.329999923706055,11.34000015258789,11.34000015258789,2490611.0
2024-03-29 16:25:00+03:00,11.34000015258789,11.359999656677246,11.289999961853027,11.300000190734863,11.300000190734863,4330853.0
2024-03-29 16:30:00+03:00,11.289999961853027,11.300000190734863,11.239999771118164,11.289999961853027,11.289999961853027,6804752.0
2024-03-29 16:35:00+03:00,11.279999732971191,11.369999885559082,11.270000457763672,11.359999656677246,11.359999656677246,8497272.0
2024-03-29 16:40:00+03:00,11.359999656677246,11.359999656677246,11.319999694824219,11.329999923706055,11.329999923706055,3518279.0
2024-03-29 16:45:00+03:00,11.329999923706055,11.329999923706055,11.279999732971191,11.319999694824219,11.319999694824219,4473528.0
2024-03-29 16:50:00+03:00,11.3100004196167,11.34000015258789,11.300000190734863,11.329999923706055,11.329999923706055,2335468.0
2024-03-29 16:55:00+03:00,11.319999694824219,11.329999923706055,11.3100004196167,11.329999923706055,11.329999923706055,856655.0
2024-03-29 17:00:00+03:00,11.319999694824219,11.350000381469727,11.3100004196167,11.34000015258789,11.34000015258789,1600817.0
2024-03-29 17:05:00+03:00,11.350000381469727,11.359999656677246,11.300000190734863,11.319999694824219,11.319999694824219,3027311.0
2024-03-29 17:10:00+03:00,11.319999694824219,11.380000114440918,11.300000190734863,11.34000015258789,11.34000015258789,3400637.0
2024-03-29 17:15:00+03:00,11.34000015258789,11.350000381469727,11.300000190734863,11.3100004196167,11.3100004196167,4471123.0
2024-03-29 17:20:00+03:00,11.319999694824219,11.329999923706055,11.279999732971191,11.300000190734863,11.300000190734863,10338192.0
2024-03-29 17:25:00+03:00,11.3100004196167,11.350000381469727,11.289999961853027,11.350000381469727,11.350000381469727,2260058.0
2024-03-29 17:30:00+03:00,11.34000015258789,11.390000343322754,11.34000015258789,11.369999885559082,11.369999885559082,3846975.0
2024-03-29 17:35:00+03:00,11.380000114440918,11.399999618530273,11.359999656677246,11.380000114440918,11.380000114440918,5476344.0
2024-03-29 17:40:00+03:00,11.380000114440918,11.390000343322754,11.329999923706055,11.34000015258789,11.34000015258789,4334798.0
2024-03-29 17:45:00+03:00,11.34000015258789,11.359999656677246,11.3100004196167,11.359999656677246,11.359999656677246,3404840.0
2024-03-29 17:50:00+03:00,11.350000381469727,11.390000343322754,11.34000015258789,11.390000343322754,11.390000343322754,3579280.0
2024-03-29 17:55:00+03:00,11.390000343322754,11.40999984741211,11.359999656677246,11.399999618530273,11.399999618530273,8136754.0
2024-04-01 09:30:00+03:00,,,,,,
2024-04-01 09:55:00+03:00,11.779999732971191,11.779999732971191,11.779999732971191,11.779999732971191,11.779999732971191,0.0
2024-04-01 10:00:00+03:00,11.789999961853027,11.819999694824219,11.569999694824219,11.600000381469727,11.600000381469727,44122050.0
2024-04-01 10:05:00+03:00,11.600000381469727,11.680000305175781,11.59000015258789,11.65999984741211,11.65999984741211,22291393.0
2024-04-01 10:10:00+03:00,11.649999618530273,11.670000076293945,11.59000015258789,11.619999885559082,11.619999885559082,17538820.0
2024-04-01 10:15:00+03:00,11.619999885559082,11.670000076293945,11.550000190734863,11.579999923706055,11.579999923706055,13886700.0
2024-04-01 10:20:00+03:00,11.579999923706055,11.609999656677246,11.550000190734863,11.5600004196167,11.5600004196167,6290385.0
2024-04-01 10:25:00+03:00,11.5600004196167,11.59000015258789,11.529999732971191,11.550000190734863,11.550000190734863,9648256.0
2024-04-01 10:30:00+03:00,11.550000190734863,11.619999885559082,11.539999961853027,11.569999694824219,11.569999694824219,13040863.0
2024-04-01 10:35:00+03:00,11.569999694824219,11.600000381469727,11.539999961853027,11.569999694824219,11.569999694824219,6724721.0
2024-04-01 10:40:00+03:00,11.569999694824219,11.59000015258789,11.420000076293945,11.430000305175781,11.430000305175781,12363426.0
2024-04-01 10:45:00+03:00,11.430000305175781,11.489999771118164,11.399999618530273,11.460000038146973,11.460000038146973,8897379.0
2024-04-01 10:50:00+03:00,11.460000038146973,11.470000267028809,11.390000343322754,11.40999984741211,11.40999984741211,8430683.0
2024-04-01 10:55:00+03:00,11.40999984741211,11.420000076293945,11.350000381469727,11.369999885559082,11.369999885559082,7795651.0
2024-04-01 11:00:00+03:00,11.369999885559082,11.420000076293945,11.350000381469727,11.380000114440918,11.380000114440918,9649941.0
2024-04-01 11:05:00+03:00,11.380000114440918,11.430000305175781,11.359999656677246,11.380000114440918,11.380000114440918,8949165.0
2024-04-01 11:10:00+03:00,11.380000114440918,11.40999984741211,11.359999656677246,11.390000343322754,11.390000343322754,4683096.0
2024-04-01 11:15:00+03:00,11.390000343322754,11.449999809265137,11.369999885559082,11.399999618530273,11.399999618530273,7241527.0
2024-04-01 11:20:00+03:00,11.40999984741211,11.420000076293945,11.369999885559082,11.390000343322754,11.390000343322754,2614931.0
2024-04-01 11:25:00+03:00,11.380000114440918,11.390000343322754,11.329999923706055,11.350000381469727,11.350000381469727,3944030.0
2024-04-01 11:30:00+03:00,11.350000381469727,11.359999656677246,11.3100004196167,11.359999656677246,11.359999656677246,7983851.0
2024-04-01 11:35:00+03:00,11.350000381469727,11.380000114440918,11.34000015258789,11.380000114440918,11.380000114440918,5239455.0
2024-04-01 11:40:00+03:00,11.369999885559082,11.380000114440918,11.329999923706055,11.350000381469727,11.350000381469727,4394209.0
2024-04-01 11:45:00+03:00,11.350000381469727,11.359999656677246,11.3100004196167,11.319999694824219,11.319999694824219,3956782.0
2024-04-01 11:50:00+03:00,11.319999694824219,11.329999923706055,11.260000228881836,11.279999732971191,11.279999732971191,5273696.0
2024-04-01 11:55:00+03:00,11.279999732971191,11.289999961853027,11.25,11.279999732971191,11.279999732971191,3679047.0
2024-04-01 12:00:00+03:00,11.279999732971191,11.3100004196167,11.25,11.279999732971191,11.279999732971191,4031100.0
2024-04-01 12:05:00+03:00,11.279999732971191,11.289999961853027,11.239999771118164,11.279999732971191,11.279999732971191,5169699.0
2024-04-01 12:10:00+03:00,11.279999732971191,11.289999961853027,11.260000228881836,11.289999961853027,11.289999961853027,1485921.0
2024-04-01 12:15:00+03:00,11.289999961853027,11.300000190734863,11.239999771118164,11.260000228881836,11.260000228881836,2309217.0
2024-04-01 12:20:00+03:00,11.260000228881836,11.260000228881836,11.229999542236328,11.25,11.25,4414317.0
2024-04-01 12:25:00+03:00,11.25,11.279999732971191,11.239999771118164,11.270000457763672,11.270000457763672,6094665.0
2024-04-01 12:30:00+03:00,11.260000228881836,11.289999961853027,11.25,11.260000228881836,11.260000228881836,4181991.0
2024-04-01 12:35:00+03:00,11.260000228881836,11.260000228881836,11.199999809265137,11.199999809265137,11.199999809265137,4459674.0
2024-04-01 12:50:00+03:00,11.199999809265137,11.199999809265137,11.140000343322754,11.15999984741211,11.15999984741211,7540075.0
2024-04-01 12:55:00+03:00,11.170000076293945,11.170000076293945,11.079999923706055,11.109999656677246,11.109999656677246,10449683.0
2024-04-01 13:00:00+03:00,11.109999656677246,11.130000114440918,11.09000015258789,11.119999885559082,11.119999885559082,6062412.0
2024-04-01 13:05:00+03:00,11.109999656677246,11.199999809265137,11.109999656677246,11.199999809265137,11.199999809265137,3282442.0
2024-04-01 13:10:00+03:00,11.199999809265137,11.210000038146973,11.170000076293945,11.199999809265137,11.199999809265137,3113123.0
2024-04-01 13:15:00+03:00,11.210000038146973,11.210000038146973,11.149999618530273,11.170000076293945,11.170000076293945,2318023.0
2024-04-01 13:20:00+03:00,11.170000076293945,11.170000076293945,11.140000343322754,11.15999984741211,11.15999984741211,1719004.0
2024-04-01 13:25:00+03:00,11.15999984741211,11.180000305175781,11.130000114440918,11.170000076293945,11.170000076293945,1179657.0
2024-04-01 13:30:00+03:00,11.170000076293945,11.229999542236328,11.15999984741211,11.229999542236328,11.229999542236328,5061584.0
2024-04-01 13:35:00+03:00,11.220000267028809,11.239999771118164,11.220000267028809,11.229999542236328,11.229999542236328,3634453.0
2024-04-01 13:40:00+03:00,11.229999542236328,11.229999542236328,11.199999809265137,11.220000267028809,11.220000267028809,2420906.0
2024-04-01 13:45:00+03:00,11.210000038146973,11.239999771118164,11.1899995803833,11.210000038146973,11.210000038146973,2304195.0
2024-04-01 13:50:00+03:00,11.210000038146973,11.229999542236328,11.1899995803833,11.220000267028809,11.220000267028809,2228654.0
2024-04-01 13:55:00+03:00,11.210000038146973,11.220000267028809,11.180000305175781,11.199999809265137,11.199999809265137,2161530.0
2024-04-01 14:00:00+03:00,11.199999809265137,11.25,11.1899995803833,11.25,11.25,2112805.0
2024-04-01 14:05:00+03:00,11.25,11.260000228881836,11.220000267028809,11.25,11.25,6038422.0
2024-04-01 14:10:00+03:00,11.260000228881836,11.3100004196167,11.25,11.279999732971191,11.279999732971191,6274788.0
2024-04-01 14:15:00+03:00,11.289999961853027,11.319999694824219,11.260000228881836,11.289999961853027,11.289999961853027,7332454.0
2024-04-01 14:20:00+03:00,11.300000190734863,11.319999694824219,11.260000228881836,11.3100004196167,11.3100004196167,6843369.0
2024-04-01 14:25:00+03:00,11.319999694824219,11.329999923706055,11.270000457763672,11.289999961853027,11.289999961853027,7032873.0
2024-04-01 14:30:00+03:00,11.300000190734863,11.319999694824219,11.279999732971191,11.289999961853027,11.289999961853027,4266132.0
2024-04-01 14:35:00+03:00,11.289999961853027,11.3100004196167,11.25,11.270000457763672,11.270000457763672,4326821.0
2024-04-01 14:40:00+03:00,11.270000457763672,11.289999961853027,11.25,11.270000457763672,11.270000457763672,3411559.0
2024-04-01 14:45:00+03:00,11.260000228881836,11.270000457763672,11.229999542236328,11.229999542236328,11.229999542236328,2381782.0
2024-04-01 14:50:00+03:00,11.239999771118164,11.260000228881836,11.229999542236328,11.25,11.25,951361.0
2024-04-01 14:55:00+03:00,11.25,11.260000228881836,11.229999542236328,11.229999542236328,11.229999542236328,1513602.0
2024-04-01 15:00:00+03:00,11.239999771118164,11.260000228881836,11.220000267028809,11.25,11.25,1295481.0
2024-04-01 15:05:00+03:00,11.239999771118164,11.270000457763672,11.239999771118164,11.25,11.25,1721987.0
2024-04-01 15:10:00+03:00,11.25,11.319999694824219,11.25,11.319999694824219,11.319999694824219,3383536.0
2024-04-01 15:15:00+03:00,11.3100004196167,11.350000381469727,11.3100004196167,11.34000015258789,11.34000015258789,5651362.0
2024-04-01 15:20:00+03:00,11.350000381469727,11.380000114440918,11.319999694824219,11.34000015258789,11.34000015258789,4554883.0
2024-04-01 15:25:00+03:00,11.34000015258789,11.359999656677246,11.329999923706055,11.329999923706055,11.329999923706055,2760757.0
2024-04-01 15:30:00+03:00,11.34000015258789,11.369999885559082,11.319999694824219,11.329999923706055,11.329999923706055,4447626.0
2024-04-01 15:35:00+03:00,11.329999923706055,11.359999656677246,11.319999694824219,11.350000381469727,11.350000381469727,2466693.0
2024-04-01 15:40:00+03:00,11.34000015258789,11.390000343322754,11.329999923706055,11.390000343322754,11.390000343322754,8286487.0
2024-04-01 15:45:00+03:00,11.390000343322754,11.420000076293945,11.369999885559082,11.380000114440918,11.380000114440918,9621143.0
2024-04-01 15:50:00+03:00,11.369999885559082,11.420000076293945,11.369999885559082,11.399999618530273,11.399999618530273,4131097.0
2024-04-01 15:55:00+03:00,11.40999984741211,11.520000457763672,11.350000381469727,11.369999885559082,11.369999885559082,19628716.0
2024-04-01 16:00:00+03:00,11.380000114440918,11.390000343322754,11.319999694824219,11.329999923706055,11.329999923706055,6093074.0
2024-04-01 16:05:00+03:00,11.329999923706055,11.399999618530273,11.300000190734863,11.399999618530273,11.399999618530273,5371851.0
2024-04-01 16:10:00+03:00,11.399999618530273,11.5,11.390000343322754,11.470000267028809,11.470000267028809,13884870.0
2024-04-01 16:15:00+03:00,11.479999542236328,11.510000228881836,11.470000267028809,11.5,11.5,10361107.0
2024-04-01 16:20:00+03:00,11.5,11.529999732971191,11.489999771118164,11.520000457763672,11.520000457763672,12957731.0
2024-04-01 16:25:00+03:00,11.520000457763672,11.529999732971191,11.479999542236328,11.520000457763672,11.520000457763672,9147961.0
2024-04-01 16:30:00+03:00,11.520000457763672,11.539999961853027,11.479999542236328,11.5,11.5,8947893.0
2024-04-01 16:35:00+03:00,11.510000228881836,11.539999961853027,11.489999771118164,11.5,11.5,9410979.0
2024-04-01 16:40:00+03:00,11.5,11.510000228881836,11.460000038146973,11.460000038146973,11.460000038146973,3447560.0
2024-04-01 16:45:00+03:00,11.460000038146973,11.470000267028809,11.430000305175781,11.4399995803833,11.4399995803833,5081003.0
2024-04-01 16:50:00+03:00,11.449999809265137,11.460000038146973,11.420000076293945,11.4399995803833,11.4399995803833,2152863.0
2024-04-01 16:55:00+03:00,11.4399995803833,11.5,11.430000305175781,11.489999771118164,11.489999771118164,3317028.0
2024-04-01 17:00:00+03:00,11.489999771118164,11.550000190734863,11.470000267028809,11.489999771118164,11.489999771118164,7584017.0
2024-04-01 17:05:00+03:00,11.489999771118164,11.5,11.449999809265137,11.460000038146973,11.460000038146973,2844412.0
2024-04-01 17:10:00+03:00,11.460000038146973,11.470000267028809,11.40999984741211,11.430000305175781,11.430000305175781,3562539.0
2024-04-01 17:15:00+03:00,11.420000076293945,11.4399995803833,11.380000114440918,11.430000305175781,11.430000305175781,5197342.0
2024-04-01 17:20:00+03:00,11.4399995803833,11.489999771118164,11.430000305175781,11.460000038146973,11.460000038146973,4651417.0
2024-04-01 17:25:00+03:00,11.470000267028809,11.510000228881836,11.460000038146973,11.5,11.5,4699182.0
2024-04-01 17:30:00+03:00,11.5,11.5,11.430000305175781,11.449999809265137,11.449999809265137,3839919.0
2024-04-01 17:35:00+03:00,11.449999809265137,11.449999809265137,11.40999984741211,11.4399995803833,11.4399995803833,3217317.0
2024-04-01 17:40:00+03:00,11.4399995803833,11.470000267028809,11.430000305175781,11.470000267028809,11.470000267028809,1626000.0
2024-04-01 17:45:00+03:00,11.460000038146973,11.510000228881836,11.460000038146973,11.510000228881836,11.510000228881836,6114752.0
2024-04-01 17:50:00+03:00,11.510000228881836,11.550000190734863,11.489999771118164,11.539999961853027,11.539999961853027,8649642.0
2024-04-01 17:55:00+03:00,11.539999961853027,11.539999961853027,11.510000228881836,11.529999732971191,11.529999732971191,10788920.0
2024-04-02 09:55:00+03:00,11.510000228881836,11.510000228881836,11.510000228881836,11.510000228881836,11.510000228881836,0.0
2024-04-02 10:00:00+03:00,11.520000457763672,11.539999961853027,11.5,11.510000228881836,11.510000228881836,17232926.0
2024-04-02 10:05:00+03:00,11.5,11.630000114440918,11.489999771118164,11.609999656677246,11.609999656677246,26307732.0
2024-04-02 10:10:00+03:00,11.609999656677246,11.680000305175781,11.600000381469727,11.65999984741211,11.65999984741211,15900046.0
2024-04-02 10:15:00+03:00,11.649999618530273,11.710000038146973,11.640000343322754,11.670000076293945,11.670000076293945,18931886.0
2024-04-02 10:20:00+03:00,11.65999984741211,11.680000305175781,11.630000114440918,11.640000343322754,11.640000343322754,9373523.0
2024-04-02 10:25:00+03:00,11.640000343322754,11.65999984741211,11.630000114440918,11.65999984741211,11.65999984741211,5733209.0
2024-04-02 10:30:00+03:00,11.649999618530273,11.699999809265137,11.630000114440918,11.699999809265137,11.699999809265137,9647178.0
2024-04-02 10:35:00+03:00,11.699999809265137,11.75,11.670000076293945,11.75,11.75,19347332.0
2024-04-02 10:40:00+03:00,11.739999771118164,11.819999694824219,11.739999771118164,11.770000457763672,11.770000457763672,27221403.0
2024-04-02 10:45:00+03:00,11.770000457763672,11.789999961853027,11.760000228881836,11.760000228881836,11.760000228881836,7371314.0
2024-04-02 10:50:00+03:00,11.770000457763672,11.789999961853027,11.739999771118164,11.779999732971191,11.779999732971191,9928665.0
2024-04-02 10:55:00+03:00,11.770000457763672,11.8100004196167,11.75,11.770000457763672,11.770000457763672,11732965.0
2024-04-02 11:00:00+03:00,11.760000228881836,11.770000457763672,11.720000267028809,11.729999542236328,11.729999542236328,6190199.0
2024-04-02 11:05:00+03:00,11.720000267028809,11.739999771118164,11.6899995803833,11.710000038146973,11.710000038146973,7620559.0
2024-04-02 11:10:00+03:00,11.710000038146973,11.729999542236328,11.680000305175781,11.720000267028809,11.720000267028809,6760027.0
2024-04-02 11:15:00+03:00,11.720000267028809,11.75,11.699999809265137,11.720000267028809,11.720000267028809,3771522.0
2024-04-02 11:20:00+03:00,11.710000038146973,11.720000267028809,11.699999809265137,11.710000038146973,11.710000038146973,1558764.0
2024-04-02 11:25:00+03:00,11.710000038146973,11.729999542236328,11.6899995803833,11.729999542236328,11.729999542236328,3400409.0
2024-04-02 11:30:00+03:00,11.729999542236328,11.729999542236328,11.680000305175781,11.710000038146973,11.710000038146973,3750237.0
2024-04-02 11:35:00+03:00,11.699999809265137,11.720000267028809,11.649999618530273,11.65999984741211,11.65999984741211,4988058.0
2024-04-02 11:40:00+03:00,11.670000076293945,11.670000076293945,11.630000114440918,11.640000343322754,11.640000343322754,10450564.0
2024-04-02 11:45:00+03:00,11.630000114440918,11.640000343322754,11.600000381469727,11.619999885559082,11.619999885559082,3598666.0
2024-04-02 11:50:00+03:00,11.619999885559082,11.640000343322754,11.600000381469727,11.619999885559082,11.619999885559082,3288052.0
2024-04-02 11:55:00+03:00,11.609999656677246,11.619999885559082,11.579999923706055,11.609999656677246,11.609999656677246,7498882.0
2024-04-02 12:00:00+03:00,11.600000381469727,11.630000114440918,11.569999694824219,11.630000114440918,11.630000114440918,3629060.0
2024-04-02 12:05:00+03:00,11.630000114440918,11.630000114440918,11.600000381469727,11.619999885559082,11.619999885559082,1328546.0
2024-04-02 12:10:00+03:00,11.619999885559082,11.649999618530273,11.609999656677246,11.649999618530273,11.649999618530273,2344001.0
2024-04-02 12:15:00+03:00,11.640000343322754,11.649999618530273,11.609999656677246,11.640000343322754,11.640000343322754,2380221.0
2024-04-02 12:20:00+03:00,11.630000114440918,11.649999618530273,11.619999885559082,11.649999618530273,11.649999618530273,2537823.0
2024-04-02 12:25:00+03:00,11.649999618530273,11.65999984741211,11.630000114440918,11.640000343322754,11.640000343322754,1458259.0
2024-04-02 12:30:00+03:00,11.649999618530273,11.65999984741211,11.630000114440918,11.630000114440918,11.630000114440918,1263293.0
2024-04-02 12:35:00+03:00,11.640000343322754,11.649999618530273,11.630000114440918,11.649999618530273,11.649999618530273,1330910.0
2024-04-02 12:40:00+03:00,11.649999618530273,11.670000076293945,11.640000343322754,11.670000076293945,11.670000076293945,3394648.0
2024-04-02 12:45:00+03:00,11.670000076293945,11.710000038146973,11.65999984741211,11.699999809265137,11.699999809265137,7938966.0
2024-04-02 12:50:00+03:00,11.710000038146973,11.710000038146973,11.680000305175781,11.710000038146973,11.710000038146973,1911564.0
2024-04-02 12:55:00+03:00,11.710000038146973,11.729999542236328,11.6899995803833,11.720000267028809,11.720000267028809,3720706.0
2024-04-02 13:00:00+03:00,11.720000267028809,11.720000267028809,11.670000076293945,11.680000305175781,11.680000305175781,1779580.0
2024-04-02 13:05:00+03:00,11.680000305175781,11.680000305175781,11.649999618530273,11.670000076293945,11.670000076293945,1874161.0
2024-04-02 13:10:00+03:00,11.680000305175781,11.699999809265137,11.65999984741211,11.6899995803833,11.6899995803833,1764749.0
2024-04-02 13:15:00+03:00,11.6899995803833,11.710000038146973,11.670000076293945,11.699999809265137,11.699999809265137,2809287.0
2024-04-02 13:20:00+03:00,11.699999809265137,11.699999809265137,11.65999984741211,11.65999984741211,11.65999984741211,2228569.0
2024-04-02 13:25:00+03:00,11.670000076293945,11.670000076293945,11.609999656677246,11.649999618530273,11.649999618530273,6160964.0
2024-04-02 13:30:00+03:00,11.649999618530273,11.680000305175781,11.640000343322754,11.670000076293945,11.670000076293945,2056948.0
2024-04-02 13:35:00+03:00,11.65999984741211,11.720000267028809,11.65999984741211,11.710000038146973,11.710000038146973,6329556.0
2024-04-02 13:40:00+03:00,11.720000267028809,11.739999771118164,11.680000305175781,11.680000305175781,11.680000305175781,4689927.0
2024-04-02 13:45:00+03:00,11.680000305175781,11.6899995803833,11.649999618530273,11.680000305175781,11.680000305175781,3638255.0
2024-04-02 13:50:00+03:00,11.680000305175781,11.710000038146973,11.670000076293945,11.6899995803833,11.6899995803833,5311566.0
2024-04-02 13:55:00+03:00,11.699999809265137,11.710000038146973,11.65999984741211,11.670000076293945,11.670000076293945,2856042.0
2024-04-02 14:00:00+03:00,11.670000076293945,11.729999542236328,11.65999984741211,11.710000038146973,11.710000038146973,8307600.0
2024-04-02 14:05:00+03:00,11.720000267028809,11.75,11.710000038146973,11.729999542236328,11.729999542236328,3554328.0
2024-04-02 14:10:00+03:00,11.729999542236328,11.760000228881836,11.710000038146973,11.739999771118164,11.739999771118164,6822188.0
2024-04-02 14:15:00+03:00,11.729999542236328,11.75,11.720000267028809,11.739999771118164,11.739999771118164,3486344.0
2024-04-02 14:20:00+03:00,11.739999771118164,11.760000228881836,11.6899995803833,11.699999809265137,11.699999809265137,5153386.0
2024-04-02 14:25:00+03:00,11.710000038146973,11.75,11.699999809265137,11.739999771118164,11.739999771118164,3644584.0
2024-04-02 14:30:00+03:00,11.739999771118164,11.75,11.6899995803833,11.720000267028809,11.720000267028809,5176907.0
2024-04-02 14:35:00+03:00,11.720000267028809,11.789999961853027,11.720000267028809,11.789999961853027,11.789999961853027,7672790.0
2024-04-02 14:40:00+03:00,11.789999961853027,11.800000190734863,11.779999732971191,11.789999961853027,11.789999961853027,8312216.0
2024-04-02 14:45:00+03:00,11.789999961853027,11.869999885559082,11.770000457763672,11.859999656677246,11.859999656677246,27922943.0
2024-04-02 14:50:00+03:00,11.859999656677246,11.859999656677246,11.84000015258789,11.850000381469727,11.850000381469727,15191497.0
2024-04-02 14:55:00+03:00,11.850000381469727,11.869999885559082,11.819999694824219,11.859999656677246,11.859999656677246,8272120.0
2024-04-02 15:00:00+03:00,11.869999885559082,11.880000114440918,11.800000190734863,11.8100004196167,11.8100004196167,9768696.0
2024-04-02 15:05:00+03:00,11.8100004196167,11.850000381469727,11.8100004196167,11.829999923706055,11.829999923706055,5678623.0
2024-04-02 15:10:00+03:00,11.819999694824219,11.819999694824219,11.770000457763672,11.789999961853027,11.789999961853027,6793102.0
2024-04-02 15:15:00+03:00,11.779999732971191,11.800000190734863,11.760000228881836,11.779999732971191,11.779999732971191,4748623.0
2024-04-02 15:20:00+03:00,11.779999732971191,11.84000015258789,11.779999732971191,11.829999923706055,11.829999923706055,6034072.0
2024-04-02 15:25:00+03:00,11.829999923706055,11.84000015258789,11.789999961853027,11.8100004196167,11.8100004196167,3263832.0
2024-04-02 15:30:00+03:00,11.8100004196167,11.819999694824219,11.760000228881836,11.760000228881836,11.760000228881836,4827560.0
2024-04-02 15:35:00+03:00,11.770000457763672,11.789999961853027,11.729999542236328,11.75,11.75,5643101.0
2024-04-02 15:40:00+03:00,11.739999771118164,11.789999961853027,11.739999771118164,11.770000457763672,11.770000457763672,3887110.0
2024-04-02 15:45:00+03:00,11.760000228881836,11.779999732971191,11.75,11.770000457763672,11.770000457763672,1257379.0
2024-04-02 15:50:00+03:00,11.779999732971191,11.789999961853027,11.760000228881836,11.770000457763672,11.770000457763672,894971.0
2024-04-02 15:55:00+03:00,11.770000457763672,11.779999732971191,11.710000038146973,11.739999771118164,11.739999771118164,3380682.0
2024-04-02 16:00:00+03:00,11.739999771118164,11.760000228881836,11.710000038146973,11.75,11.75,3187538.0
2024-04-02 16:05:00+03:00,11.75,11.779999732971191,11.739999771118164,11.770000457763672,11.770000457763672,1513114.0
2024-04-02 16:10:00+03:00,11.760000228881836,11.779999732971191,11.720000267028809,11.739999771118164,11.739999771118164,2479071.0
2024-04-02 16:15:00+03:00,11.75,11.75,11.680000305175781,11.6899995803833,11.6899995803833,4707189.0
2024-04-02 16:20:00+03:00,11.6899995803833,11.6899995803833,11.65999984741211,11.65999984741211,11.65999984741211,4931955.0
2024-04-02 16:25:00+03:00,11.65999984741211,11.670000076293945,11.640000343322754,11.65999984741211,11.65999984741211,3957231.0
2024-04-02 16:30:00+03:00,11.670000076293945,11.680000305175781,11.630000114440918,11.640000343322754,11.640000343322754,3030298.0
2024-04-02 16:35:00+03:00,11.640000343322754,11.670000076293945,11.619999885559082,11.670000076293945,11.670000076293945,2989315.0
2024-04-02 16:40:00+03:00,11.670000076293945,11.6899995803833,11.649999618530273,11.6899995803833,11.6899995803833,3515677.0
2024-04-02 16:45:00+03:00,11.680000305175781,11.699999809265137,11.640000343322754,11.65999984741211,11.65999984741211,2995439.0
2024-04-02 16:50:00+03:00,11.670000076293945,11.670000076293945,11.619999885559082,11.630000114440918,11.630000114440918,3140564.0
2024-04-02 16:55:00+03:00,11.619999885559082,11.630000114440918,11.510000228881836,11.529999732971191,11.529999732971191,12730424.0
2024-04-02 17:00:00+03:00,11.520000457763672,11.5600004196167,11.5,11.539999961853027,11.539999961853027,11182474.0
2024-04-02 17:05:00+03:00,11.550000190734863,11.5600004196167,11.520000457763672,11.529999732971191,11.529999732971191,6564609.0
2024-04-02 17:10:00+03:00,11.529999732971191,11.569999694824219,11.510000228881836,11.520000457763672,11.520000457763672,10144399.0
2024-04-02 17:15:00+03:00,11.510000228881836,11.539999961853027,11.489999771118164,11.5,11.5,8525405.0
2024-04-02 17:20:00+03:00,11.5,11.5,11.430000305175781,11.460000038146973,11.460000038146973,11860813.0
2024-04-02 17:25:00+03:00,11.460000038146973,11.470000267028809,11.420000076293945,11.4399995803833,11.4399995803833,5132731.0
2024-04-02 17:30:00+03:00,11.4399995803833,11.460000038146973,11.420000076293945,11.4399995803833,11.4399995803833,4596612.0
2024-04-02 17:35:00+03:00,11.4399995803833,11.449999809265137,11.369999885559082,11.380000114440918,11.380000114440918,6745855.0
2024-04-02 17:40:00+03:00,11.380000114440918,11.430000305175781,11.369999885559082,11.40999984741211,11.40999984741211,8103651.0
2024-04-02 17:45:00+03:00,11.399999618530273,11.40999984741211,11.359999656677246,11.390000343322754,11.390000343322754,9735764.0
2024-04-02 17:50:00+03:00,11.390000343322754,11.420000076293945,11.359999656677246,11.399999618530273,11.399999618530273,7025058.0
2024-04-02 17:55:00+03:00,11.399999618530273,11.4399995803833,11.390000343322754,11.420000076293945,11.420000076293945,7396032.0
2024-04-03 09:55:00+03:00,11.470000267028809,11.470000267028809,11.470000267028809,11.470000267028809,11.470000267028809,0.0
2024-04-03 10:00:00+03:00,11.460000038146973,11.470000267028809,11.329999923706055,11.369999885559082,11.369999885559082,21696962.0
2024-04-03 10:05:00+03:00,11.369999885559082,11.430000305175781,11.350000381469727,11.40999984741211,11.40999984741211,6631693.0
2024-04-03 10:10:00+03:00,11.40999984741211,11.460000038146973,11.399999618530273,11.449999809265137,11.449999809265137,9158390.0
2024-04-03 10:15:00+03:00,11.4399995803833,11.550000190734863,11.430000305175781,11.529999732971191,11.529999732971191,11656923.0
2024-04-03 10:20:00+03:00,11.520000457763672,11.539999961853027,11.5,11.520000457763672,11.520000457763672,4390692.0
2024-04-03 10:25:00+03:00,11.510000228881836,11.520000457763672,11.460000038146973,11.470000267028809,11.470000267028809,3758997.0
2024-04-03 10:30:00+03:00,11.470000267028809,11.479999542236328,11.4399995803833,11.470000267028809,11.470000267028809,1967802.0
2024-04-03 10:35:00+03:00,11.470000267028809,11.5,11.4399995803833,11.449999809265137,11.449999809265137,1879228.0
2024-04-03 10:40:00+03:00,11.449999809265137,11.460000038146973,11.420000076293945,11.4399995803833,11.4399995803833,3146224.0
2024-04-03 10:45:00+03:00,11.430000305175781,11.449999809265137,11.40999984741211,11.40999984741211,11.40999984741211,1909461.0
2024-04-03 10:50:00+03:00,11.420000076293945,11.430000305175781,11.399999618530273,11.430000305175781,11.430000305175781,1977940.0
2024-04-03 10:55:00+03:00,11.430000305175781,11.4399995803833,11.40999984741211,11.4399995803833,11.4399995803833,1233374.0
2024-04-03 11:00:00+03:00,11.430000305175781,11.5,11.430000305175781,11.449999809265137,11.449999809265137,4133516.0
2024-04-03 11:05:00+03:00,11.460000038146973,11.460000038146973,11.420000076293945,11.430000305175781,11.430000305175781,1622559.0
2024-04-03 11:10:00+03:00,11.430000305175781,11.449999809265137,11.40999984741211,11.420000076293945,11.420000076293945,2704724.0
2024-04-03 11:15:00+03:00,11.420000076293945,11.420000076293945,11.369999885559082,11.380000114440918,11.380000114440918,3982737.0
2024-04-03 11:20:00+03:00,11.390000343322754,11.390000343322754,11.350000381469727,11.369999885559082,11.369999885559082,3836807.0
2024-04-03 11:25:00+03:00,11.369999885559082,11.369999885559082,11.350000381469727,11.369999885559082,11.369999885559082,3254016.0
2024-04-03 11:30:00+03:00,11.359999656677246,11.380000114440918,11.350000381469727,11.359999656677246,11.359999656677246,3036917.0
2024-04-03 11:35:00+03:00,11.359999656677246,11.390000343322754,11.350000381469727,11.369999885559082,11.369999885559082,1750143.0
2024-04-03 11:40:00+03:00,11.380000114440918,11.380000114440918,11.319999694824219,11.329999923706055,11.329999923706055,2460706.0
2024-04-03 11:45:00+03:00,11.329999923706055,11.350000381469727,11.3100004196167,11.3100004196167,11.3100004196167,2246195.0
2024-04-03 11:50:00+03:00,11.3100004196167,11.319999694824219,11.279999732971191,11.289999961853027,11.289999961853027,2913930.0
2024-04-03 11:55:00+03:00,11.289999961853027,11.300000190734863,11.270000457763672,11.289999961853027,11.289999961853027,1868553.0
2024-04-03 12:00:00+03:00,11.289999961853027,11.329999923706055,11.279999732971191,11.329999923706055,11.329999923706055,1731390.0
2024-04-03 12:05:00+03:00,11.329999923706055,11.329999923706055,11.279999732971191,11.289999961853027,11.289999961853027,991956.0
2024-04-03 12:10:00+03:00,11.289999961853027,11.300000190734863,11.260000228881836,11.260000228881836,11.260000228881836,1187689.0
2024-04-03 12:15:00+03:00,11.270000457763672,11.289999961853027,11.239999771118164,11.270000457763672,11.270000457763672,2210985.0
2024-04-03 12:20:00+03:00,11.270000457763672,11.279999732971191,11.239999771118164,11.270000457763672,11.270000457763672,1405531.0
2024-04-03 12:25:00+03:00,11.279999732971191,11.300000190734863,11.260000228881836,11.279999732971191,11.279999732971191,1436944.0
2024-04-03 12:30:00+03:00,11.279999732971191,11.3100004196167,11.279999732971191,11.3100004196167,11.3100004196167,1114569.0
2024-04-03 12:35:00+03:00,11.3100004196167,11.3100004196167,11.279999732971191,11.300000190734863,11.300000190734863,706459.0
2024-04-03 12:40:00+03:00,11.289999961853027,11.319999694824219,11.289999961853027,11.289999961853027,11.289999961853027,1160693.0
2024-04-03 12:45:00+03:00,11.300000190734863,11.300000190734863,11.270000457763672,11.270000457763672,11.270000457763672,700544.0
2024-04-03 12:50:00+03:00,11.279999732971191,11.300000190734863,11.270000457763672,11.279999732971191,11.279999732971191,1305583.0
2024-04-03 12:55:00+03:00,11.279999732971191,11.319999694824219,11.279999732971191,11.300000190734863,11.300000190734863,982187.0
2024-04-03 13:00:00+03:00,11.3100004196167,11.359999656677246,11.289999961853027,11.350000381469727,11.350000381469727,5360113.0
2024-04-03 13:05:00+03:00,11.350000381469727,11.369999885559082,11.289999961853027,11.3100004196167,11.3100004196167,7638457.0
2024-04-03 13:10:00+03:00,11.3100004196167,11.3100004196167,11.270000457763672,11.289999961853027,11.289999961853027,2925189.0
2024-04-03 13:15:00+03:00,11.279999732971191,11.300000190734863,11.270000457763672,11.289999961853027,11.289999961853027,754920.0
2024-04-03 13:20:00+03:00,11.289999961853027,11.319999694824219,11.279999732971191,11.3100004196167,11.3100004196167,3200509.0
2024-04-03 13:25:00+03:00,11.319999694824219,11.359999656677246,11.3100004196167,11.359999656677246,11.359999656677246,2517383.0
2024-04-03 13:30:00+03:00,11.350000381469727,11.369999885559082,11.34000015258789,11.350000381469727,11.350000381469727,2416251.0
2024-04-03 13:35:00+03:00,11.350000381469727,11.380000114440918,11.34000015258789,11.359999656677246,11.359999656677246,2352454.0
2024-04-03 13:40:00+03:00,11.350000381469727,11.359999656677246,11.34000015258789,11.350000381469727,11.350000381469727,804504.0
2024-04-03 13:45:00+03:00,11.34000015258789,11.350000381469727,11.3100004196167,11.329999923706055,11.329999923706055,2486229.0
2024-04-03 13:50:00+03:00,11.34000015258789,11.390000343322754,11.319999694824219,11.390000343322754,11.390000343322754,4165206.0
2024-04-03 13:55:00+03:00,11.380000114440918,11.430000305175781,11.329999923706055,11.34000015258789,11.34000015258789,5385265.0
2024-04-03 14:00:00+03:00,11.329999923706055,11.420000076293945,11.319999694824219,11.390000343322754,11.390000343322754,5372105.0
2024-04-03 14:05:00+03:00,11.380000114440918,11.4399995803833,11.369999885559082,11.430000305175781,11.430000305175781,2321203.0
2024-04-03 14:10:00+03:00,11.4399995803833,11.460000038146973,11.430000305175781,11.4399995803833,11.4399995803833,5028383.0
2024-04-03 14:15:00+03:00,11.449999809265137,11.5,11.449999809265137,11.470000267028809,11.470000267028809,8317038.0
2024-04-03 14:20:00+03:00,11.460000038146973,11.550000190734863,11.460000038146973,11.510000228881836,11.510000228881836,10645907.0
2024-04-03 14:25:00+03:00,11.520000457763672,11.630000114440918,11.510000228881836,11.609999656677246,11.609999656677246,23957971.0
2024-04-03 14:30:00+03:00,11.619999885559082,11.680000305175781,11.600000381469727,11.630000114440918,11.630000114440918,20204170.0
2024-04-03 14:35:00+03:00,11.630000114440918,11.710000038146973,11.630000114440918,11.670000076293945,11.670000076293945,19992592.0
2024-04-03 14:40:00+03:00,11.680000305175781,11.6899995803833,11.550000190734863,11.609999656677246,11.609999656677246,18105775.0
2024-04-03 14:45:00+03:00,11.619999885559082,11.640000343322754,11.59000015258789,11.609999656677246,11.609999656677246,6840842.0
2024-04-03 14:50:00+03:00,11.609999656677246,11.6899995803833,11.600000381469727,11.680000305175781,11.680000305175781,15897303.0
2024-04-03 14:55:00+03:00,11.680000305175781,11.680000305175781,11.640000343322754,11.670000076293945,11.670000076293945,4529003.0
2024-04-03 15:00:00+03:00,11.65999984741211,11.680000305175781,11.630000114440918,11.670000076293945,11.670000076293945,8965302.0
2024-04-03 15:05:00+03:00,11.670000076293945,11.680000305175781,11.630000114440918,11.640000343322754,11.640000343322754,4249914.0
2024-04-03 15:10:00+03:00,11.640000343322754,11.649999618530273,11.609999656677246,11.630000114440918,11.630000114440918,3632647.0
2024-04-03 15:15:00+03:00,11.640000343322754,11.710000038146973,11.630000114440918,11.670000076293945,11.670000076293945,13004893.0
2024-04-03 15:20:00+03:00,11.670000076293945,11.699999809265137,11.649999618530273,11.670000076293945,11.670000076293945,10226498.0
2024-04-03 15:25:00+03:00,11.670000076293945,11.680000305175781,11.649999618530273,11.670000076293945,11.670000076293945,3553379.0
2024-04-03 15:30:00+03:00,11.680000305175781,11.6899995803833,11.649999618530273,11.670000076293945,11.670000076293945,7974137.0
2024-04-03 15:35:00+03:00,11.680000305175781,11.680000305175781,11.649999618530273,11.65999984741211,11.65999984741211,2562208.0
2024-04-03 15:40:00+03:00,11.65999984741211,11.670000076293945,11.640000343322754,11.670000076293945,11.670000076293945,3918385.0
2024-04-03 15:45:00+03:00,11.65999984741211,11.710000038146973,11.65999984741211,11.710000038146973,11.710000038146973,7425456.0
2024-04-03 15:50:00+03:00,11.710000038146973,11.739999771118164,11.699999809265137,11.729999542236328,11.729999542236328,9739214.0
2024-04-03 15:55:00+03:00,11.729999542236328,11.770000457763672,11.710000038146973,11.720000267028809,11.720000267028809,10118701.0
2024-04-03 16:00:00+03:00,11.729999542236328,11.760000228881836,11.720000267028809,11.760000228881836,11.760000228881836,5409306.0
2024-04-03 16:05:00+03:00,11.75,11.760000228881836,11.6899995803833,11.729999542236328,11.729999542236328,4953255.0
2024-04-03 16:10:00+03:00,11.739999771118164,11.75,11.699999809265137,11.729999542236328,11.729999542236328,5643742.0
2024-04-03 16:15:00+03:00,11.739999771118164,11.739999771118164,11.65999984741211,11.699999809265137,11.699999809265137,4729830.0
2024-04-03 16:20:00+03:00,11.699999809265137,11.720000267028809,11.65999984741211,11.670000076293945,11.670000076293945,5566683.0
2024-04-03 16:25:00+03:00,11.65999984741211,11.720000267028809,11.65999984741211,11.680000305175781,11.680000305175781,4389755.0
2024-04-03 16:30:00+03:00,11.680000305175781,11.75,11.670000076293945,11.710000038146973,11.710000038146973,6022826.0
2024-04-03 16:35:00+03:00,11.720000267028809,11.739999771118164,11.6899995803833,11.739999771118164,11.739999771118164,2872528.0
2024-04-03 16:40:00+03:00,11.739999771118164,11.760000228881836,11.710000038146973,11.739999771118164,11.739999771118164,4925200.0
2024-04-03 16:45:00+03:00,11.75,11.760000228881836,11.680000305175781,11.699999809265137,11.699999809265137,7126244.0
2024-04-03 16:50:00+03:00,11.699999809265137,11.710000038146973,11.670000076293945,11.699999809265137,11.699999809265137,4644212.0
2024-04-03 16:55:00+03:00,11.6899995803833,11.699999809265137,11.65999984741211,11.670000076293945,11.670000076293945,1632178.0
2024-04-03 17:00:00+03:00,11.680000305175781,11.6899995803833,11.640000343322754,11.649999618530273,11.649999618530273,3431378.0
2024-04-03 17:05:00+03:00,11.649999618530273,11.670000076293945,11.630000114440918,11.65999984741211,11.65999984741211,3505469.0
2024-04-03 17:10:00+03:00,11.649999618530273,11.670000076293945,11.630000114440918,11.670000076293945,11.670000076293945,2575111.0
2024-04-03 17:15:00+03:00,11.670000076293945,11.699999809265137,11.65999984741211,11.680000305175781,11.680000305175781,5786937.0
2024-04-03 17:20:00+03:00,11.680000305175781,11.6899995803833,11.649999618530273,11.65999984741211,11.65999984741211,1954082.0
2024-04-03 17:25:00+03:00,11.65999984741211,11.6899995803833,11.649999618530273,11.680000305175781,11.680000305175781,4286183.0
2024-04-03 17:30:00+03:00,11.670000076293945,11.680000305175781,11.649999618530273,11.65999984741211,11.65999984741211,2294124.0
2024-04-03 17:35:00+03:00,11.65999984741211,11.680000305175781,11.649999618530273,11.670000076293945,11.670000076293945,2969852.0
2024-04-03 17:40:00+03:00,11.65999984741211,11.670000076293945,11.630000114440918,11.630000114440918,11.630000114440918,5223466.0
2024-04-03 17:45:00+03:00,11.640000343322754,11.649999618530273,11.630000114440918,11.640000343322754,11.640000343322754,1915869.0
2024-04-03 17:50:00+03:00,11.640000343322754,11.640000343322754,11.609999656677246,11.640000343322754,11.640000343322754,3777525.0
2024-04-03 17:55:00+03:00,11.640000343322754,11.65999984741211,11.600000381469727,11.65999984741211,11.65999984741211,8127724.0
2024-04-04 09:55:00+03:00,11.6899995803833,11.6899995803833,11.6899995803833,11.6899995803833,11.6899995803833,0.0
2024-04-04 10:00:00+03:00,11.6899995803833,11.789999961853027,11.6899995803833,11.720000267028809,11.720000267028809,14065011.0
2024-04-04 10:05:00+03:00,11.710000038146973,11.9399995803833,11.6899995803833,11.899999618530273,11.899999618530273,28388360.0
2024-04-04 10:10:00+03:00,11.899999618530273,12.020000457763672,11.890000343322754,11.949999809265137,11.949999809265137,26520032.0
2024-04-04 10:15:00+03:00,11.949999809265137,11.960000038146973,11.899999618530273,11.930000305175781,11.930000305175781,10699502.0
2024-04-04 10:20:00+03:00,11.920000076293945,11.9399995803833,11.899999618530273,11.920000076293945,11.920000076293945,4846015.0
2024-04-04 10:25:00+03:00,11.920000076293945,11.920000076293945,11.890000343322754,11.899999618530273,11.899999618530273,5503277.0
2024-04-04 10:30:00+03:00,11.899999618530273,11.90999984741211,11.869999885559082,11.890000343322754,11.890000343322754,3185638.0
2024-04-04 10:35:00+03:00,11.890000343322754,11.90999984741211,11.859999656677246,11.880000114440918,11.880000114440918,4316259.0
2024-04-04 10:40:00+03:00,11.869999885559082,11.880000114440918,11.770000457763672,11.789999961853027,11.789999961853027,7042331.0
2024-04-04 10:45:00+03:00,11.789999961853027,11.800000190734863,11.710000038146973,11.729999542236328,11.729999542236328,8367718.0
2024-04-04 10:50:00+03:00,11.729999542236328,11.739999771118164,11.6899995803833,11.710000038146973,11.710000038146973,7365316.0
2024-04-04 10:55:00+03:00,11.710000038146973,11.720000267028809,11.65999984741211,11.720000267028809,11.720000267028809,5269478.0
2024-04-04 11:00:00+03:00,11.720000267028809,11.720000267028809,11.670000076293945,11.680000305175781,11.680000305175781,4354688.0
2024-04-04 11:05:00+03:00,11.680000305175781,11.710000038146973,11.670000076293945,11.710000038146973,11.710000038146973,4738973.0
2024-04-04 11:10:00+03:00,11.710000038146973,11.75,11.6899995803833,11.699999809265137,11.699999809265137,6936510.0
2024-04-04 11:15:00+03:00,11.699999809265137,11.710000038146973,11.680000305175781,11.6899995803833,11.6899995803833,2971193.0
2024-04-04 11:20:00+03:00,11.680000305175781,11.699999809265137,11.640000343322754,11.65999984741211,11.65999984741211,6239484.0
2024-04-04 11:25:00+03:00,11.649999618530273,11.680000305175781,11.619999885559082,11.65999984741211,11.65999984741211,8755496.0
2024-04-04 11:30:00+03:00,11.65999984741211,11.670000076293945,11.640000343322754,11.670000076293945,11.670000076293945,1701783.0
2024-04-04 11:35:00+03:00,11.65999984741211,11.6899995803833,11.65999984741211,11.6899995803833,11.6899995803833,2422794.0
2024-04-04 11:40:00+03:00,11.680000305175781,11.6899995803833,11.65999984741211,11.670000076293945,11.670000076293945,2651705.0
2024-04-04 11:45:00+03:00,11.670000076293945,11.680000305175781,11.649999618530273,11.670000076293945,11.670000076293945,1817065.0
2024-04-04 11:50:00+03:00,11.670000076293945,11.6899995803833,11.65999984741211,11.680000305175781,11.680000305175781,1533361.0
2024-04-04 11:55:00+03:00,11.6899995803833,11.710000038146973,11.680000305175781,11.6899995803833,11.6899995803833,2455041.0
2024-04-04 12:00:00+03:00,11.699999809265137,11.710000038146973,11.6899995803833,11.710000038146973,11.710000038146973,2023651.0
2024-04-04 12:05:00+03:00,11.710000038146973,11.720000267028809,11.699999809265137,11.710000038146973,11.710000038146973,1937518.0
2024-04-04 12:10:00+03:00,11.699999809265137,11.710000038146973,11.680000305175781,11.6899995803833,11.6899995803833,3225828.0
2024-04-04 12:15:00+03:00,11.6899995803833,11.710000038146973,11.680000305175781,11.710000038146973,11.710000038146973,1400668.0
2024-04-04 12:20:00+03:00,11.699999809265137,11.729999542236328,11.6899995803833,11.720000267028809,11.720000267028809,3076915.0
2024-04-04 12:25:00+03:00,11.720000267028809,11.739999771118164,11.710000038146973,11.729999542236328,11.729999542236328,3591310.0
2024-04-04 12:30:00+03:00,11.720000267028809,11.779999732971191,11.720000267028809,11.760000228881836,11.760000228881836,11662381.0
2024-04-04 12:35:00+03:00,11.760000228881836,11.760000228881836,11.699999809265137,11.729999542236328,11.729999542236328,3377785.0
2024-04-04 12:40:00+03:00,11.739999771118164,11.760000228881836,11.720000267028809,11.75,11.75,3430586.0
2024-04-04 12:45:00+03:00,11.75,11.760000228881836,11.729999542236328,11.729999542236328,11.729999542236328,2915099.0
2024-04-04 12:50:00+03:00,11.729999542236328,11.770000457763672,11.729999542236328,11.760000228881836,11.760000228881836,3007475.0
2024-04-04 12:55:00+03:00,11.760000228881836,11.779999732971191,11.75,11.779999732971191,11.779999732971191,6998291.0
2024-04-04 13:00:00+03:00,11.779999732971191,11.819999694824219,11.770000457763672,11.8100004196167,11.8100004196167,7609549.0
2024-04-04 13:05:00+03:00,11.8100004196167,11.880000114440918,11.800000190734863,11.850000381469727,11.850000381469727,8425650.0
2024-04-04 13:10:00+03:00,11.850000381469727,11.880000114440918,11.84000015258789,11.859999656677246,11.859999656677246,6613529.0
2024-04-04 13:15:00+03:00,11.859999656677246,11.90999984741211,11.859999656677246,11.880000114440918,11.880000114440918,12602355.0
2024-04-04 13:20:00+03:00,11.880000114440918,11.90999984741211,11.84000015258789,11.869999885559082,11.869999885559082,7830643.0
2024-04-04 13:25:00+03:00,11.869999885559082,11.899999618530273,11.859999656677246,11.890000343322754,11.890000343322754,3011011.0
2024-04-04 13:30:00+03:00,11.899999618530273,11.920000076293945,11.859999656677246,11.890000343322754,11.890000343322754,8460071.0
2024-04-04 13:35:00+03:00,11.880000114440918,11.979999542236328,11.880000114440918,11.949999809265137,11.949999809265137,16123972.0
2024-04-04 13:40:00+03:00,11.960000038146973,12.0,11.949999809265137,11.989999771118164,11.989999771118164,14548343.0
2024-04-04 13:45:00+03:00,11.989999771118164,12.079999923706055,11.970000267028809,12.079999923706055,12.079999923706055,21368196.0
2024-04-04 13:50:00+03:00,12.069999694824219,12.100000381469727,12.029999732971191,12.039999961853027,12.039999961853027,17279762.0
2024-04-04 13:55:00+03:00,12.039999961853027,12.130000114440918,12.020000457763672,12.079999923706055,12.079999923706055,17211288.0
2024-04-04 14:00:00+03:00,12.079999923706055,12.09000015258789,12.050000190734863,12.079999923706055,12.079999923706055,6741690.0
2024-04-04 14:05:00+03:00,12.069999694824219,12.100000381469727,12.0600004196167,12.069999694824219,12.069999694824219,5197629.0
2024-04-04 14:10:00+03:00,12.079999923706055,12.140000343322754,12.0600004196167,12.130000114440918,12.130000114440918,10357183.0
2024-04-04 14:15:00+03:00,12.130000114440918,12.140000343322754,12.09000015258789,12.100000381469727,12.100000381469727,6870527.0
2024-04-04 14:20:00+03:00,12.100000381469727,12.140000343322754,12.079999923706055,12.130000114440918,12.130000114440918,7846609.0
2024-04-04 14:25:00+03:00,12.119999885559082,12.149999618530273,12.109999656677246,12.130000114440918,12.130000114440918,13778424.0
2024-04-04 14:30:00+03:00,12.130000114440918,12.130000114440918,12.09000015258789,12.09000015258789,12.09000015258789,5699388.0
2024-04-04 14:35:00+03:00,12.100000381469727,12.119999885559082,12.09000015258789,12.09000015258789,12.09000015258789,4754070.0
2024-04-04 14:40:00+03:00,12.100000381469727,12.100000381469727,12.050000190734863,12.079999923706055,12.079999923706055,6247376.0
2024-04-04 14:45:00+03:00,12.069999694824219,12.109999656677246,12.0600004196167,12.109999656677246,12.109999656677246,4930769.0
2024-04-04 14:50:00+03:00,12.109999656677246,12.140000343322754,12.079999923706055,12.130000114440918,12.130000114440918,5302440.0
2024-04-04 14:55:00+03:00,12.119999885559082,12.170000076293945,12.119999885559082,12.15999984741211,12.15999984741211,12382013.0
2024-04-04 15:00:00+03:00,12.170000076293945,12.199999809265137,12.140000343322754,12.149999618530273,12.149999618530273,10224224.0
2024-04-04 15:05:00+03:00,12.149999618530273,12.180000305175781,12.119999885559082,12.15999984741211,12.15999984741211,4271411.0
2024-04-04 15:10:00+03:00,12.170000076293945,12.170000076293945,12.119999885559082,12.149999618530273,12.149999618530273,2198992.0
2024-04-04 15:15:00+03:00,12.140000343322754,12.170000076293945,12.130000114440918,12.149999618530273,12.149999618530273,2972169.0
2024-04-04 15:20:00+03:00,12.149999618530273,12.15999984741211,12.140000343322754,12.149999618530273,12.149999618530273,1823581.0
2024-04-04 15:25:00+03:00,12.15999984741211,12.1899995803833,12.130000114440918,12.140000343322754,12.140000343322754,5853872.0
2024-04-04 15:30:00+03:00,12.140000343322754,12.149999618530273,12.119999885559082,12.140000343322754,12.140000343322754,2637987.0
2024-04-04 15:35:00+03:00,12.140000343322754,12.170000076293945,12.130000114440918,12.149999618530273,12.149999618530273,4316229.0
2024-04-04 15:40:00+03:00,12.149999618530273,12.149999618530273,12.109999656677246,12.149999618530273,12.149999618530273,3923185.0
2024-04-04 15:45:00+03:00,12.149999618530273,12.149999618530273,12.09000015258789,12.09000015258789,12.09000015258789,3952878.0
2024-04-04 15:50:00+03:00,12.100000381469727,12.130000114440918,12.09000015258789,12.119999885559082,12.119999885559082,1499061.0
2024-04-04 15:55:00+03:00,12.109999656677246,12.140000343322754,12.109999656677246,12.130000114440918,12.130000114440918,2052210.0
2024-04-04 16:00:00+03:00,12.140000343322754,12.15999984741211,12.109999656677246,12.140000343322754,12.140000343322754,3930024.0
2024-04-04 16:05:00+03:00,12.140000343322754,12.170000076293945,12.130000114440918,12.15999984741211,12.15999984741211,1981057.0
2024-04-04 16:10:00+03:00,12.170000076293945,12.180000305175781,12.15999984741211,12.170000076293945,12.170000076293945,3590473.0
2024-04-04 16:15:00+03:00,12.180000305175781,12.180000305175781,12.09000015258789,12.109999656677246,12.109999656677246,5000813.0
2024-04-04 16:20:00+03:00,12.100000381469727,12.149999618530273,12.100000381469727,12.140000343322754,12.140000343322754,2491731.0
2024-04-04 16:25:00+03:00,12.149999618530273,12.15999984741211,12.130000114440918,12.149999618530273,12.149999618530273,2417918.0
2024-04-04 16:30:00+03:00,12.149999618530273,12.15999984741211,12.119999885559082,12.140000343322754,12.140000343322754,5211639.0
2024-04-04 16:35:00+03:00,12.130000114440918,12.25,12.130000114440918,12.199999809265137,12.199999809265137,15802111.0
2024-04-04 16:40:00+03:00,12.210000038146973,12.279999732971191,12.170000076293945,12.270000457763672,12.270000457763672,12024125.0
2024-04-04 16:45:00+03:00,12.270000457763672,12.289999961853027,12.25,12.279999732971191,12.279999732971191,7209294.0
2024-04-04 16:50:00+03:00,12.289999961853027,12.289999961853027,12.25,12.279999732971191,12.279999732971191,6269799.0
2024-04-04 16:55:00+03:00,12.279999732971191,12.319999694824219,12.260000228881836,12.289999961853027,12.289999961853027,20085808.0
2024-04-04 17:00:00+03:00,12.300000190734863,12.470000267028809,12.289999961853027,12.470000267028809,12.470000267028809,30309228.0
2024-04-04 17:05:00+03:00,12.460000038146973,12.510000228881836,12.40999984741211,12.449999809265137,12.449999809265137,15479479.0
2024-04-04 17:10:00+03:00,12.460000038146973,12.510000228881836,12.430000305175781,12.460000038146973,12.460000038146973,15469062.0
2024-04-04 17:15:00+03:00,12.449999809265137,12.5600004196167,12.329999923706055,12.369999885559082,12.369999885559082,22693782.0
2024-04-04 17:20:00+03:00,12.369999885559082,12.380000114440918,12.25,12.300000190734863,12.300000190734863,13582315.0
2024-04-04 17:25:00+03:00,12.300000190734863,12.350000381469727,12.279999732971191,12.34000015258789,12.34000015258789,10318013.0
2024-04-04 17:30:00+03:00,12.329999923706055,12.399999618530273,12.3100004196167,12.369999885559082,12.369999885559082,13966650.0
2024-04-04 17:35:00+03:00,12.369999885559082,12.4399995803833,12.350000381469727,12.390000343322754,12.390000343322754,12745356.0
2024-04-04 17:40:00+03:00,12.399999618530273,12.460000038146973,12.380000114440918,12.390000343322754,12.390000343322754,14035968.0
2024-04-04 17:45:00+03:00,12.390000343322754,12.420000076293945,12.380000114440918,12.40999984741211,12.40999984741211,5925197.0
2024-04-04 17:50:00+03:00,12.40999984741211,12.510000228881836,12.390000343322754,12.479999542236328,12.479999542236328,13667774.0
2024-04-04 17:55:00+03:00,12.479999542236328,12.520000457763672,12.449999809265137,12.489999771118164,12.489999771118164,15115437.0
2024-04-05 09:55:00+03:00,12.579999923706055,12.579999923706055,12.579999923706055,12.579999923706055,12.579999923706055,0.0
2024-04-05 10:00:00+03:00,12.59000015258789,13.199999809265137,12.59000015258789,12.710000038146973,12.710000038146973,74105415.0
2024-04-05 10:05:00+03:00,12.710000038146973,12.739999771118164,12.539999961853027,12.59000015258789,12.59000015258789,28049701.0
2024-04-05 10:10:00+03:00,12.59000015258789,12.699999809265137,12.520000457763672,12.670000076293945,12.670000076293945,16747643.0
2024-04-05 10:15:00+03:00,12.65999984741211,12.670000076293945,12.470000267028809,12.529999732971191,12.529999732971191,20433695.0
2024-04-05 10:20:00+03:00,12.529999732971191,12.630000114440918,12.510000228881836,12.520000457763672,12.520000457763672,11123060.0
2024-04-05 10:25:00+03:00,12.520000457763672,12.539999961853027,12.449999809265137,12.460000038146973,12.460000038146973,10538869.0
2024-04-05 10:30:00+03:00,12.460000038146973,12.529999732971191,12.430000305175781,12.479999542236328,12.479999542236328,10344768.0
2024-04-05 10:35:00+03:00,12.489999771118164,12.489999771118164,12.420000076293945,12.479999542236328,12.479999542236328,8721558.0
2024-04-05 10:40:00+03:00,12.489999771118164,12.529999732971191,12.449999809265137,12.520000457763672,12.520000457763672,6347845.0
2024-04-05 10:45:00+03:00,12.520000457763672,12.5600004196167,12.5,12.550000190734863,12.550000190734863,7071373.0
2024-04-05 10:50:00+03:00,12.550000190734863,12.5600004196167,12.510000228881836,12.539999961853027,12.539999961853027,4788571.0
2024-04-05 10:55:00+03:00,12.539999961853027,12.579999923706055,12.529999732971191,12.539999961853027,12.539999961853027,7179571.0
2024-04-05 11:00:00+03:00,12.550000190734863,12.569999694824219,12.470000267028809,12.489999771118164,12.489999771118164,8246248.0
2024-04-05 11:05:00+03:00,12.479999542236328,12.489999771118164,12.40999984741211,12.470000267028809,12.470000267028809,10092860.0
2024-04-05 11:10:00+03:00,12.460000038146973,12.5600004196167,12.449999809265137,12.539999961853027,12.539999961853027,7403634.0
2024-04-05 11:15:00+03:00,12.539999961853027,12.550000190734863,12.5,12.529999732971191,12.529999732971191,4939132.0
2024-04-05 11:20:00+03:00,12.529999732971191,12.539999961853027,12.479999542236328,12.520000457763672,12.520000457763672,4283477.0
2024-04-05 11:25:00+03:00,12.520000457763672,12.630000114440918,12.5,12.619999885559082,12.619999885559082,8883467.0
2024-04-05 11:30:00+03:00,12.630000114440918,12.630000114440918,12.5600004196167,12.579999923706055,12.579999923706055,5034988.0
2024-04-05 11:35:00+03:00,12.579999923706055,12.619999885559082,12.5600004196167,12.600000381469727,12.600000381469727,3963562.0
2024-04-05 11:40:00+03:00,12.59000015258789,12.630000114440918,12.59000015258789,12.609999656677246,12.609999656677246,4813130.0
2024-04-05 11:45:00+03:00,12.609999656677246,12.630000114440918,12.59000015258789,12.619999885559082,12.619999885559082,4388249.0
2024-04-05 11:50:00+03:00,12.609999656677246,12.619999885559082,12.539999961853027,12.59000015258789,12.59000015258789,9094956.0
2024-04-05 11:55:00+03:00,12.59000015258789,12.65999984741211,12.569999694824219,12.619999885559082,12.619999885559082,8576903.0
2024-04-05 12:00:00+03:00,12.630000114440918,12.649999618530273,12.579999923706055,12.59000015258789,12.59000015258789,8339521.0
2024-04-05 12:05:00+03:00,12.59000015258789,12.600000381469727,12.5600004196167,12.600000381469727,12.600000381469727,3983907.0
2024-04-05 12:10:00+03:00,12.600000381469727,12.609999656677246,12.5,12.539999961853027,12.539999961853027,8228208.0
2024-04-05 12:15:00+03:00,12.539999961853027,12.550000190734863,12.470000267028809,12.489999771118164,12.489999771118164,10438385.0
2024-04-05 12:20:00+03:00,12.479999542236328,12.510000228881836,12.4399995803833,12.489999771118164,12.489999771118164,8305699.0
2024-04-05 12:25:00+03:00,12.479999542236328,12.529999732971191,12.479999542236328,12.520000457763672,12.520000457763672,2575262.0
2024-04-05 12:30:00+03:00,12.529999732971191,12.539999961853027,12.489999771118164,12.520000457763672,12.520000457763672,2690036.0
2024-04-05 12:35:00+03:00,12.510000228881836,12.529999732971191,12.5,12.529999732971191,12.529999732971191,3809076.0
2024-04-05 12:40:00+03:00,12.520000457763672,12.550000190734863,12.5,12.520000457763672,12.520000457763672,3194010.0
2024-04-05 12:45:00+03:00,12.520000457763672,12.550000190734863,12.510000228881836,12.539999961853027,12.539999961853027,1869032.0
2024-04-05 12:50:00+03:00,12.529999732971191,12.5600004196167,12.520000457763672,12.539999961853027,12.539999961853027,1933993.0
2024-04-05 12:55:00+03:00,12.539999961853027,12.550000190734863,12.520000457763672,12.529999732971191,12.529999732971191,950038.0
2024-04-05 13:00:00+03:00,12.529999732971191,12.539999961853027,12.510000228881836,12.529999732971191,12.529999732971191,1405174.0
2024-04-05 13:05:00+03:00,12.529999732971191,12.550000190734863,12.520000457763672,12.520000457763672,12.520000457763672,1375827.0
2024-04-05 13:10:00+03:00,12.520000457763672,12.529999732971191,12.489999771118164,12.520000457763672,12.520000457763672,4764868.0
2024-04-05 13:15:00+03:00,12.510000228881836,12.520000457763672,12.5,12.520000457763672,12.520000457763672,783597.0
2024-04-05 13:20:00+03:00,12.510000228881836,12.529999732971191,12.510000228881836,12.529999732971191,12.529999732971191,899021.0
2024-04-05 13:25:00+03:00,12.529999732971191,12.539999961853027,12.520000457763672,12.529999732971191,12.529999732971191,1225655.0
2024-04-05 13:30:00+03:00,12.529999732971191,12.539999961853027,12.510000228881836,12.529999732971191,12.529999732971191,1995495.0
2024-04-05 13:35:00+03:00,12.539999961853027,12.539999961853027,12.520000457763672,12.529999732971191,12.529999732971191,638838.0
2024-04-05 13:40:00+03:00,12.529999732971191,12.529999732971191,12.5,12.520000457763672,12.520000457763672,2532564.0
2024-04-05 13:45:00+03:00,12.520000457763672,12.520000457763672,12.470000267028809,12.489999771118164,12.489999771118164,5314310.0
2024-04-05 13:50:00+03:00,12.479999542236328,12.489999771118164,12.4399995803833,12.460000038146973,12.460000038146973,5665381.0
2024-04-05 13:55:00+03:00,12.470000267028809,12.479999542236328,12.4399995803833,12.479999542236328,12.479999542236328,4738130.0
2024-04-05 14:00:00+03:00,12.470000267028809,12.510000228881836,12.460000038146973,12.5,12.5,4485938.0
2024-04-05 14:05:00+03:00,12.5,12.510000228881836,12.470000267028809,12.5,12.5,3424468.0
2024-04-05 14:10:00+03:00,12.510000228881836,12.529999732971191,12.5,12.529999732971191,12.529999732971191,2088700.0
2024-04-05 14:15:00+03:00,12.529999732971191,12.569999694824219,12.510000228881836,12.569999694824219,12.569999694824219,4802184.0
2024-04-05 14:20:00+03:00,12.569999694824219,12.609999656677246,12.550000190734863,12.5600004196167,12.5600004196167,9377800.0
2024-04-05 14:25:00+03:00,12.5600004196167,12.579999923706055,12.539999961853027,12.579999923706055,12.579999923706055,2411695.0
2024-04-05 14:30:00+03:00,12.579999923706055,12.59000015258789,12.539999961853027,12.569999694824219,12.569999694824219,3502480.0
2024-04-05 14:35:00+03:00,12.569999694824219,12.569999694824219,12.529999732971191,12.539999961853027,12.539999961853027,1430130.0
2024-04-05 14:40:00+03:00,12.550000190734863,12.569999694824219,12.539999961853027,12.5600004196167,12.5600004196167,1983190.0
2024-04-05 14:45:00+03:00,12.5600004196167,12.59000015258789,12.550000190734863,12.579999923706055,12.579999923706055,1636401.0
2024-04-05 14:50:00+03:00,12.579999923706055,12.600000381469727,12.569999694824219,12.579999923706055,12.579999923706055,3468730.0
2024-04-05 14:55:00+03:00,12.569999694824219,12.609999656677246,12.569999694824219,12.600000381469727,12.600000381469727,4776511.0
2024-04-05 15:00:00+03:00,12.59000015258789,12.600000381469727,12.5600004196167,12.569999694824219,12.569999694824219,2059936.0
2024-04-05 15:05:00+03:00,12.569999694824219,12.569999694824219,12.550000190734863,12.5600004196167,12.5600004196167,2038773.0
2024-04-05 15:10:00+03:00,12.5600004196167,12.609999656677246,12.5600004196167,12.579999923706055,12.579999923706055,3415003.0
2024-04-05 15:15:00+03:00,12.579999923706055,12.619999885559082,12.5600004196167,12.600000381469727,12.600000381469727,6113708.0
2024-04-05 15:20:00+03:00,12.59000015258789,12.609999656677246,12.579999923706055,12.59000015258789,12.59000015258789,2509716.0
2024-04-05 15:25:00+03:00,12.59000015258789,12.600000381469727,12.579999923706055,12.59000015258789,12.59000015258789,2355988.0
2024-04-05 15:30:00+03:00,12.600000381469727,12.600000381469727,12.539999961853027,12.5600004196167,12.5600004196167,5564718.0
2024-04-05 15:35:00+03:00,12.569999694824219,12.569999694824219,12.529999732971191,12.550000190734863,12.550000190734863,2962814.0
2024-04-05 15:40:00+03:00,12.550000190734863,12.59000015258789,12.539999961853027,12.579999923706055,12.579999923706055,4544803.0
2024-04-05 15:45:00+03:00,12.569999694824219,12.579999923706055,12.539999961853027,12.539999961853027,12.539999961853027,1446800.0
2024-04-05 15:50:00+03:00,12.539999961853027,12.619999885559082,12.539999961853027,12.619999885559082,12.619999885559082,4443030.0
2024-04-05 15:55:00+03:00,12.619999885559082,12.630000114440918,12.59000015258789,12.600000381469727,12.600000381469727,6974300.0
2024-04-05 16:00:00+03:00,12.600000381469727,12.619999885559082,12.59000015258789,12.609999656677246,12.609999656677246,3879521.0
2024-04-05 16:05:00+03:00,12.600000381469727,12.640000343322754,12.600000381469727,12.640000343322754,12.640000343322754,6664936.0
2024-04-05 16:10:00+03:00,12.630000114440918,12.6899995803833,12.609999656677246,12.640000343322754,12.640000343322754,11565045.0
2024-04-05 16:15:00+03:00,12.640000343322754,12.6899995803833,12.630000114440918,12.670000076293945,12.670000076293945,10068562.0
2024-04-05 16:20:00+03:00,12.680000305175781,12.729999542236328,12.680000305175781,12.720000267028809,12.720000267028809,19218800.0
2024-04-05 16:25:00+03:00,12.729999542236328,12.75,12.720000267028809,12.75,12.75,12694631.0
2024-04-05 16:30:00+03:00,12.75,12.770000457763672,12.720000267028809,12.770000457763672,12.770000457763672,11035221.0
2024-04-05 16:35:00+03:00,12.770000457763672,12.779999732971191,12.670000076293945,12.6899995803833,12.6899995803833,10602564.0
2024-04-05 16:40:00+03:00,12.680000305175781,12.760000228881836,12.609999656677246,12.760000228881836,12.760000228881836,15199900.0
2024-04-05 16:45:00+03:00,12.760000228881836,12.829999923706055,12.720000267028809,12.739999771118164,12.739999771118164,20952740.0
2024-04-05 16:50:00+03:00,12.739999771118164,12.789999961853027,12.729999542236328,12.760000228881836,12.760000228881836,19976097.0
2024-04-05 16:55:00+03:00,12.760000228881836,12.84000015258789,12.739999771118164,12.789999961853027,12.789999961853027,25912421.0
2024-04-05 17:00:00+03:00,12.789999961853027,12.829999923706055,12.729999542236328,12.739999771118164,12.739999771118164,18055956.0
2024-04-05 17:05:00+03:00,12.739999771118164,12.800000190734863,12.729999542236328,12.789999961853027,12.789999961853027,9852298.0
2024-04-05 17:10:00+03:00,12.800000190734863,12.8100004196167,12.75,12.760000228881836,12.760000228881836,10531806.0
2024-04-05 17:15:00+03:00,12.760000228881836,12.779999732971191,12.710000038146973,12.760000228881836,12.760000228881836,12030281.0
2024-04-05 17:20:00+03:00,12.75,12.789999961853027,12.739999771118164,12.789999961853027,12.789999961853027,11805104.0
2024-04-05 17:25:00+03:00,12.789999961853027,12.8100004196167,12.770000457763672,12.779999732971191,12.779999732971191,13859699.0
2024-04-05 17:30:00+03:00,12.779999732971191,12.84000015258789,12.770000457763672,12.829999923706055,12.829999923706055,11219035.0
2024-04-05 17:35:00+03:00,12.829999923706055,12.84000015258789,12.770000457763672,12.779999732971191,12.779999732971191,9321464.0
2024-04-05 17:40:00+03:00,12.779999732971191,12.800000190734863,12.760000228881836,12.789999961853027,12.789999961853027,10281150.0
2024-04-05 17:45:00+03:00,12.789999961853027,12.8100004196167,12.760000228881836,12.779999732971191,12.779999732971191,12461177.0
2024-04-05 17:50:00+03:00,12.770000457763672,12.829999923706055,12.760000228881836,12.779999732971191,12.779999732971191,12676093.0
2024-04-05 17:55:00+03:00,12.770000457763672,12.779999732971191,12.739999771118164,12.760000228881836,12.760000228881836,17703163.0
2024-04-08 09:55:00+03:00,12.819999694824219,12.819999694824219,12.819999694824219,12.819999694824219,12.819999694824219,0.0
2024-04-08 10:00:00+03:00,12.829999923706055,12.859999656677246,12.779999732971191,12.829999923706055,12.829999923706055,21506387.0
2024-04-08 10:05:00+03:00,12.829999923706055,12.989999771118164,12.800000190734863,12.9399995803833,12.9399995803833,24310600.0
2024-04-08 10:10:00+03:00,12.949999809265137,12.960000038146973,12.869999885559082,12.90999984741211,12.90999984741211,10748347.0
2024-04-08 10:15:00+03:00,12.90999984741211,12.90999984741211,12.84000015258789,12.880000114440918,12.880000114440918,7195933.0
2024-04-08 10:20:00+03:00,12.869999885559082,12.899999618530273,12.859999656677246,12.890000343322754,12.890000343322754,3395132.0
2024-04-08 10:25:00+03:00,12.899999618530273,12.9399995803833,12.869999885559082,12.9399995803833,12.9399995803833,7575548.0
2024-04-08 10:30:00+03:00,12.9399995803833,12.949999809265137,12.890000343322754,12.930000305175781,12.930000305175781,5813551.0
2024-04-08 10:35:00+03:00,12.930000305175781,12.970000267028809,12.90999984741211,12.920000076293945,12.920000076293945,9974731.0
2024-04-08 10:40:00+03:00,12.90999984741211,13.0,12.890000343322754,12.949999809265137,12.949999809265137,10682906.0
2024-04-08 10:45:00+03:00,12.9399995803833,12.949999809265137,12.899999618530273,12.920000076293945,12.920000076293945,4230200.0
2024-04-08 10:50:00+03:00,12.920000076293945,12.960000038146973,12.899999618530273,12.949999809265137,12.949999809265137,2780910.0
2024-04-08 10:55:00+03:00,12.949999809265137,12.970000267028809,12.920000076293945,12.970000267028809,12.970000267028809,3092733.0
2024-04-08 11:00:00+03:00,12.970000267028809,12.979999542236328,12.9399995803833,12.960000038146973,12.960000038146973,5319731.0
2024-04-08 11:05:00+03:00,12.960000038146973,13.050000190734863,12.949999809265137,13.0,13.0,18887777.0
2024-04-08 11:10:00+03:00,13.0,13.029999732971191,12.970000267028809,13.0,13.0,8085735.0
2024-04-08 11:15:00+03:00,13.0,13.0,12.960000038146973,12.989999771118164,12.989999771118164,3823346.0
2024-04-08 11:20:00+03:00,12.989999771118164,13.0,12.979999542236328,12.989999771118164,12.989999771118164,3287528.0
2024-04-08 11:25:00+03:00,12.989999771118164,13.0600004196167,12.979999542236328,13.020000457763672,13.020000457763672,8912573.0
2024-04-08 11:30:00+03:00,13.020000457763672,13.020000457763672,12.930000305175781,12.970000267028809,12.970000267028809,10464860.0
2024-04-08 11:35:00+03:00,12.979999542236328,12.989999771118164,12.960000038146973,12.970000267028809,12.970000267028809,3056190.0
2024-04-08 11:40:00+03:00,12.979999542236328,12.979999542236328,12.90999984741211,12.9399995803833,12.9399995803833,5613129.0
2024-04-08 11:45:00+03:00,12.930000305175781,12.949999809265137,12.920000076293945,12.930000305175781,12.930000305175781,4406426.0
2024-04-08 11:50:00+03:00,12.920000076293945,12.930000305175781,12.869999885559082,12.880000114440918,12.880000114440918,5990646.0
2024-04-08 11:55:00+03:00,12.880000114440918,12.880000114440918,12.850000381469727,12.859999656677246,12.859999656677246,4962736.0
2024-04-08 12:00:00+03:00,12.859999656677246,12.869999885559082,12.829999923706055,12.850000381469727,12.850000381469727,4241289.0
2024-04-08 12:05:00+03:00,12.850000381469727,12.880000114440918,12.829999923706055,12.850000381469727,12.850000381469727,2405102.0
2024-04-08 12:10:00+03:00,12.850000381469727,12.869999885559082,12.829999923706055,12.850000381469727,12.850000381469727,3511794.0
2024-04-08 12:15:00+03:00,12.850000381469727,12.850000381469727,12.8100004196167,12.819999694824219,12.819999694824219,4121655.0
2024-04-08 12:20:00+03:00,12.829999923706055,12.829999923706055,12.789999961853027,12.800000190734863,12.800000190734863,2980050.0
2024-04-08 12:25:00+03:00,12.800000190734863,12.829999923706055,12.789999961853027,12.829999923706055,12.829999923706055,2265932.0
2024-04-08 12:30:00+03:00,12.819999694824219,12.869999885559082,12.819999694824219,12.869999885559082,12.869999885559082,4557969.0
2024-04-08 12:35:00+03:00,12.869999885559082,12.890000343322754,12.850000381469727,12.869999885559082,12.869999885559082,4280605.0
2024-04-08 12:40:00+03:00,12.869999885559082,12.869999885559082,12.829999923706055,12.850000381469727,12.850000381469727,1966591.0
2024-04-08 12:45:00+03:00,12.850000381469727,12.869999885559082,12.829999923706055,12.869999885559082,12.869999885559082,2848582.0
2024-04-08 12:50:00+03:00,12.859999656677246,12.930000305175781,12.850000381469727,12.899999618530273,12.899999618530273,12257224.0
2024-04-08 12:55:00+03:00,12.90999984741211,12.930000305175781,12.899999618530273,12.930000305175781,12.930000305175781,1562726.0
2024-04-08 13:00:00+03:00,12.920000076293945,13.010000228881836,12.899999618530273,13.0,13.0,12256867.0
2024-04-08 13:05:00+03:00,13.010000228881836,13.020000457763672,12.9399995803833,12.970000267028809,12.970000267028809,14996947.0
2024-04-08 13:10:00+03:00,12.970000267028809,13.010000228881836,12.970000267028809,12.979999542236328,12.979999542236328,3624920.0
2024-04-08 13:15:00+03:00,12.989999771118164,13.010000228881836,12.970000267028809,13.0,13.0,3068403.0
2024-04-08 13:20:00+03:00,13.0,13.010000228881836,12.970000267028809,12.979999542236328,12.979999542236328,3218742.0
2024-04-08 13:25:00+03:00,12.979999542236328,13.0,12.970000267028809,13.0,13.0,2258985.0
2024-04-08 13:30:00+03:00,13.0,13.0,12.960000038146973,12.979999542236328,12.979999542236328,1843153.0
2024-04-08 13:35:00+03:00,12.989999771118164,12.989999771118164,12.960000038146973,12.979999542236328,12.979999542236328,1203706.0
2024-04-08 13:40:00+03:00,12.979999542236328,12.989999771118164,12.970000267028809,12.989999771118164,12.989999771118164,980152.0
2024-04-08 13:45:00+03:00,12.989999771118164,12.989999771118164,12.970000267028809,12.979999542236328,12.979999542236328,1769246.0
2024-04-08 13:50:00+03:00,12.979999542236328,12.979999542236328,12.960000038146973,12.960000038146973,12.960000038146973,1138724.0
2024-04-08 13:55:00+03:00,12.970000267028809,12.979999542236328,12.960000038146973,12.970000267028809,12.970000267028809,984404.0
2024-04-08 14:00:00+03:00,12.970000267028809,12.970000267028809,12.9399995803833,12.949999809265137,12.949999809265137,2168954.0
2024-04-08 14:05:00+03:00,12.949999809265137,12.949999809265137,12.920000076293945,12.930000305175781,12.930000305175781,1861690.0
2024-04-08 14:10:00+03:00,12.930000305175781,12.970000267028809,12.920000076293945,12.960000038146973,12.960000038146973,1594049.0
2024-04-08 14:15:00+03:00,12.970000267028809,12.970000267028809,12.930000305175781,12.949999809265137,12.949999809265137,1342503.0
2024-04-08 14:20:00+03:00,12.949999809265137,12.949999809265137,12.920000076293945,12.9399995803833,12.9399995803833,1159846.0
2024-04-08 14:25:00+03:00,12.9399995803833,12.960000038146973,12.920000076293945,12.949999809265137,12.949999809265137,1935574.0
2024-04-08 14:30:00+03:00,12.949999809265137,12.960000038146973,12.9399995803833,12.949999809265137,12.949999809265137,1010397.0
2024-04-08 14:35:00+03:00,12.9399995803833,12.949999809265137,12.930000305175781,12.9399995803833,12.9399995803833,838389.0
2024-04-08 14:40:00+03:00,12.9399995803833,12.970000267028809,12.930000305175781,12.960000038146973,12.960000038146973,862727.0
2024-04-08 14:45:00+03:00,12.960000038146973,12.960000038146973,12.9399995803833,12.9399995803833,12.9399995803833,799231.0
2024-04-08 14:50:00+03:00,12.9399995803833,12.949999809265137,12.930000305175781,12.9399995803833,12.9399995803833,1906592.0
2024-04-08 14:55:00+03:00,12.9399995803833,12.949999809265137,12.930000305175781,12.9399995803833,12.9399995803833,571661.0
2024-04-08 15:00:00+03:00,12.9399995803833,12.949999809265137,12.90999984741211,12.930000305175781,12.930000305175781,1458261.0
2024-04-08 15:05:00+03:00,12.930000305175781,12.930000305175781,12.890000343322754,12.899999618530273,12.899999618530273,4206366.0
2024-04-08 15:10:00+03:00,12.899999618530273,12.90999984741211,12.859999656677246,12.869999885559082,12.869999885559082,9263847.0
2024-04-08 15:15:00+03:00,12.869999885559082,12.890000343322754,12.850000381469727,12.869999885559082,12.869999885559082,2921220.0
2024-04-08 15:20:00+03:00,12.869999885559082,12.890000343322754,12.84000015258789,12.850000381469727,12.850000381469727,4363322.0
2024-04-08 15:25:00+03:00,12.850000381469727,12.859999656677246,12.829999923706055,12.84000015258789,12.84000015258789,2875347.0
2024-04-08 15:30:00+03:00,12.850000381469727,12.869999885559082,12.84000015258789,12.859999656677246,12.859999656677246,2301109.0
2024-04-08 15:35:00+03:00,12.859999656677246,12.869999885559082,12.850000381469727,12.869999885559082,12.869999885559082,1092143.0
2024-04-08 15:40:00+03:00,12.869999885559082,12.890000343322754,12.859999656677246,12.890000343322754,12.890000343322754,1003217.0
2024-04-08 15:45:00+03:00,12.880000114440918,12.890000343322754,12.869999885559082,12.890000343322754,12.890000343322754,1155010.0
2024-04-08 15:50:00+03:00,12.890000343322754,12.890000343322754,12.859999656677246,12.869999885559082,12.869999885559082,1036101.0
2024-04-08 15:55:00+03:00,12.869999885559082,12.880000114440918,12.84000015258789,12.869999885559082,12.869999885559082,2371351.0
2024-04-08 16:00:00+03:00,12.869999885559082,12.869999885559082,12.84000015258789,12.859999656677246,12.859999656677246,1745716.0
2024-04-08 16:05:00+03:00,12.859999656677246,12.859999656677246,12.84000015258789,12.859999656677246,12.859999656677246,1693242.0
2024-04-08 16:10:00+03:00,12.850000381469727,12.859999656677246,12.84000015258789,12.850000381469727,12.850000381469727,1275991.0
2024-04-08 16:15:00+03:00,12.850000381469727,12.869999885559082,12.829999923706055,12.859999656677246,12.859999656677246,2983256.0
2024-04-08 16:20:00+03:00,12.859999656677246,12.869999885559082,12.84000015258789,12.859999656677246,12.859999656677246,976780.0
2024-04-08 16:25:00+03:00,12.859999656677246,12.880000114440918,12.850000381469727,12.869999885559082,12.869999885559082,655745.0
2024-04-08 16:30:00+03:00,12.869999885559082,12.869999885559082,12.850000381469727,12.859999656677246,12.859999656677246,551619.0
2024-04-08 16:35:00+03:00,12.869999885559082,12.869999885559082,12.84000015258789,12.84000015258789,12.84000015258789,984943.0
2024-04-08 16:40:00+03:00,12.850000381469727,12.859999656677246,12.8100004196167,12.819999694824219,12.819999694824219,3367669.0
2024-04-08 16:45:00+03:00,12.819999694824219,12.819999694824219,12.789999961853027,12.800000190734863,12.800000190734863,4439435.0
2024-04-08 16:50:00+03:00,12.800000190734863,12.829999923706055,12.779999732971191,12.829999923706055,12.829999923706055,2238721.0
2024-04-08 16:55:00+03:00,12.829999923706055,12.859999656677246,12.819999694824219,12.829999923706055,12.829999923706055,2850629.0
2024-04-08 17:00:00+03:00,12.84000015258789,12.84000015258789,12.829999923706055,12.829999923706055,12.829999923706055,616454.0
2024-04-08 17:05:00+03:00,12.84000015258789,12.84000015258789,12.8100004196167,12.8100004196167,12.8100004196167,1854191.0
2024-04-08 17:10:00+03:00,12.819999694824219,12.829999923706055,12.789999961853027,12.800000190734863,12.800000190734863,3539250.0
2024-04-08 17:15:00+03:00,12.800000190734863,12.800000190734863,12.779999732971191,12.789999961853027,12.789999961853027,3235239.0
2024-04-08 17:20:00+03:00,12.789999961853027,12.8100004196167,12.779999732971191,12.8100004196167,12.8100004196167,1479246.0
2024-04-08 17:25:00+03:00,12.8100004196167,12.819999694824219,12.800000190734863,12.819999694824219,12.819999694824219,1498384.0
2024-04-08 17:30:00+03:00,12.8100004196167,12.859999656677246,12.8100004196167,12.859999656677246,12.859999656677246,5341956.0
2024-04-08 17:35:00+03:00,12.850000381469727,12.869999885559082,12.84000015258789,12.859999656677246,12.859999656677246,3888530.0
2024-04-08 17:40:00+03:00,12.859999656677246,12.859999656677246,12.829999923706055,12.84000015258789,12.84000015258789,2208428.0
2024-04-08 17:45:00+03:00,12.84000015258789,12.850000381469727,12.819999694824219,12.84000015258789,12.84000015258789,3108696.0
2024-04-08 17:50:00+03:00,12.84000015258789,12.850000381469727,12.819999694824219,12.84000015258789,12.84000015258789,2858618.0
2024-04-08 17:55:00+03:00,12.829999923706055,12.850000381469727,12.819999694824219,12.829999923706055,12.829999923706055,3265227.0
2024-04-09 09:55:00+03:00,12.869999885559082,12.869999885559082,12.869999885559082,12.869999885559082,12.869999885559082,0.0
2024-04-09 10:00:00+03:00,12.869999885559082,12.920000076293945,12.819999694824219,12.869999885559082,12.869999885559082,13323542.0
2024-04-09 10:05:00+03:00,12.869999885559082,12.9399995803833,12.84000015258789,12.9399995803833,12.9399995803833,18999351.0
2024-04-09 10:10:00+03:00,12.9399995803833,12.970000267028809,12.880000114440918,12.890000343322754,12.890000343322754,11730492.0
2024-04-09 10:15:00+03:00,12.899999618530273,12.920000076293945,12.890000343322754,12.90999984741211,12.90999984741211,3342750.0
2024-04-09 10:20:00+03:00,12.90999984741211,12.9399995803833,12.899999618530273,12.930000305175781,12.930000305175781,5469886.0
2024-04-09 10:25:00+03:00,12.930000305175781,12.9399995803833,12.899999618530273,12.90999984741211,12.90999984741211,2819465.0
2024-04-09 10:30:00+03:00,12.920000076293945,12.930000305175781,12.90999984741211,12.930000305175781,12.930000305175781,1871128.0
2024-04-09 10:35:00+03:00,12.930000305175781,12.960000038146973,12.920000076293945,12.949999809265137,12.949999809265137,3484015.0
2024-04-09 10:40:00+03:00,12.970000267028809,13.109999656677246,12.960000038146973,13.09000015258789,13.09000015258789,35405284.0
2024-04-09 10:45:00+03:00,13.09000015258789,13.130000114440918,13.039999961853027,13.0600004196167,13.0600004196167,17388786.0
2024-04-09 10:50:00+03:00,13.0600004196167,13.069999694824219,12.989999771118164,13.050000190734863,13.050000190734863,8191226.0
2024-04-09 10:55:00+03:00,13.050000190734863,13.09000015258789,13.020000457763672,13.029999732971191,13.029999732971191,6448935.0
2024-04-09 11:00:00+03:00,13.029999732971191,13.050000190734863,12.960000038146973,12.970000267028809,12.970000267028809,9550227.0
2024-04-09 11:05:00+03:00,12.979999542236328,12.989999771118164,12.949999809265137,12.960000038146973,12.960000038146973,3462795.0
2024-04-09 11:10:00+03:00,12.949999809265137,12.989999771118164,12.930000305175781,12.9399995803833,12.9399995803833,5029295.0
2024-04-09 11:15:00+03:00,12.9399995803833,12.949999809265137,12.90999984741211,12.90999984741211,12.90999984741211,4681940.0
2024-04-09 11:20:00+03:00,12.920000076293945,12.920000076293945,12.880000114440918,12.90999984741211,12.90999984741211,3678178.0
2024-04-09 11:25:00+03:00,12.899999618530273,12.920000076293945,12.869999885559082,12.890000343322754,12.890000343322754,4373638.0
2024-04-09 11:30:00+03:00,12.890000343322754,12.90999984741211,12.859999656677246,12.899999618530273,12.899999618530273,3958304.0
2024-04-09 11:35:00+03:00,12.899999618530273,12.90999984741211,12.880000114440918,12.899999618530273,12.899999618530273,2123390.0
2024-04-09 11:40:00+03:00,12.899999618530273,12.90999984741211,12.850000381469727,12.859999656677246,12.859999656677246,6144795.0
2024-04-09 11:45:00+03:00,12.859999656677246,12.869999885559082,12.779999732971191,12.789999961853027,12.789999961853027,12868823.0
2024-04-09 11:50:00+03:00,12.800000190734863,12.84000015258789,12.789999961853027,12.84000015258789,12.84000015258789,8925580.0
2024-04-09 11:55:00+03:00,12.84000015258789,12.850000381469727,12.800000190734863,12.829999923706055,12.829999923706055,5971459.0
2024-04-09 12:00:00+03:00,12.829999923706055,12.859999656677246,12.819999694824219,12.84000015258789,12.84000015258789,3026332.0
2024-04-09 12:05:00+03:00,12.84000015258789,12.869999885559082,12.819999694824219,12.819999694824219,12.819999694824219,8251861.0
2024-04-09 12:10:00+03:00,12.829999923706055,12.859999656677246,12.819999694824219,12.84000015258789,12.84000015258789,5923483.0
2024-04-09 12:15:00+03:00,12.84000015258789,12.850000381469727,12.819999694824219,12.829999923706055,12.829999923706055,3800905.0
2024-04-09 12:20:00+03:00,12.829999923706055,12.859999656677246,12.819999694824219,12.859999656677246,12.859999656677246,5332739.0
2024-04-09 12:25:00+03:00,12.850000381469727,12.859999656677246,12.819999694824219,12.84000015258789,12.84000015258789,7209382.0
2024-04-09 12:35:00+03:00,12.84000015258789,12.84000015258789,12.84000015258789,12.84000015258789,12.84000015258789,13733857.0
2024-04-15 09:55:00+03:00,12.710000038146973,12.710000038146973,12.710000038146973,12.710000038146973,12.710000038146973,0.0
2024-04-15 10:00:00+03:00,12.720000267028809,13.020000457763672,12.680000305175781,13.010000228881836,13.010000228881836,36412097.0
2024-04-15 10:05:00+03:00,13.010000228881836,13.029999732971191,12.90999984741211,13.029999732971191,13.029999732971191,28382343.0
2024-04-15 10:10:00+03:00,13.020000457763672,13.119999885559082,12.970000267028809,13.0,13.0,22606427.0
2024-04-15 10:15:00+03:00,13.0,13.010000228881836,12.920000076293945,12.9399995803833,12.9399995803833,8838198.0
2024-04-15 10:20:00+03:00,12.949999809265137,12.960000038146973,12.850000381469727,12.880000114440918,12.880000114440918,11457295.0
2024-04-15 10:25:00+03:00,12.869999885559082,12.890000343322754,12.819999694824219,12.84000015258789,12.84000015258789,10686865.0
2024-04-15 10:30:00+03:00,12.84000015258789,12.850000381469727,12.789999961853027,12.800000190734863,12.800000190734863,10150749.0
2024-04-15 10:35:00+03:00,12.800000190734863,12.819999694824219,12.75,12.770000457763672,12.770000457763672,7514773.0
2024-04-15 10:40:00+03:00,12.760000228881836,12.770000457763672,12.720000267028809,12.760000228881836,12.760000228881836,5758849.0
2024-04-15 10:45:00+03:00,12.760000228881836,12.789999961853027,12.739999771118164,12.779999732971191,12.779999732971191,4794494.0
2024-04-15 10:50:00+03:00,12.779999732971191,12.800000190734863,12.75,12.789999961853027,12.789999961853027,3732270.0
2024-04-15 10:55:00+03:00,12.800000190734863,12.84000015258789,12.789999961853027,12.819999694824219,12.819999694824219,6117373.0
2024-04-15 11:00:00+03:00,12.819999694824219,12.850000381469727,12.800000190734863,12.829999923706055,12.829999923706055,4459659.0
2024-04-15 11:05:00+03:00,12.84000015258789,12.880000114440918,12.819999694824219,12.869999885559082,12.869999885559082,5116111.0
2024-04-15 11:10:00+03:00,12.869999885559082,12.869999885559082,12.84000015258789,12.859999656677246,12.859999656677246,2748137.0
2024-04-15 11:15:00+03:00,12.850000381469727,12.899999618530273,12.850000381469727,12.880000114440918,12.880000114440918,3591138.0
2024-04-15 11:20:00+03:00,12.880000114440918,12.890000343322754,12.859999656677246,12.880000114440918,12.880000114440918,2014210.0
2024-04-15 11:25:00+03:00,12.880000114440918,12.899999618530273,12.859999656677246,12.899999618530273,12.899999618530273,5206792.0
2024-04-15 11:30:00+03:00,12.890000343322754,12.90999984741211,12.880000114440918,12.899999618530273,12.899999618530273,3625530.0
2024-04-15 11:35:00+03:00,12.890000343322754,12.970000267028809,12.890000343322754,12.949999809265137,12.949999809265137,12932920.0
2024-04-15 11:40:00+03:00,12.949999809265137,12.960000038146973,12.930000305175781,12.9399995803833,12.9399995803833,5633923.0
2024-04-15 11:45:00+03:00,12.930000305175781,12.949999809265137,12.880000114440918,12.920000076293945,12.920000076293945,6506987.0
2024-04-15 11:50:00+03:00,12.920000076293945,12.930000305175781,12.899999618530273,12.90999984741211,12.90999984741211,1298132.0
2024-04-15 11:55:00+03:00,12.920000076293945,12.930000305175781,12.899999618530273,12.90999984741211,12.90999984741211,1048719.0
2024-04-15 12:00:00+03:00,12.90999984741211,12.9399995803833,12.899999618530273,12.9399995803833,12.9399995803833,2745570.0
2024-04-15 12:05:00+03:00,12.9399995803833,12.9399995803833,12.899999618530273,12.90999984741211,12.90999984741211,1332250.0
2024-04-15 12:10:00+03:00,12.90999984741211,12.9399995803833,12.899999618530273,12.920000076293945,12.920000076293945,1810495.0
2024-04-15 12:15:00+03:00,12.920000076293945,12.930000305175781,12.899999618530273,12.90999984741211,12.90999984741211,1622036.0
2024-04-15 12:20:00+03:00,12.90999984741211,12.920000076293945,12.890000343322754,12.920000076293945,12.920000076293945,1698737.0
2024-04-15 12:25:00+03:00,12.920000076293945,12.960000038146973,12.90999984741211,12.920000076293945,12.920000076293945,6812464.0
2024-04-15 12:30:00+03:00,12.920000076293945,12.930000305175781,12.899999618530273,12.899999618530273,12.899999618530273,1140129.0
2024-04-15 12:35:00+03:00,12.90999984741211,12.920000076293945,12.880000114440918,12.899999618530273,12.899999618530273,3365421.0
2024-04-15 12:40:00+03:00,12.890000343322754,12.920000076293945,12.880000114440918,12.90999984741211,12.90999984741211,2087687.0
2024-04-15 12:45:00+03:00,12.90999984741211,12.920000076293945,12.899999618530273,12.90999984741211,12.90999984741211,816830.0
2024-04-15 12:50:00+03:00,12.90999984741211,12.90999984741211,12.890000343322754,12.890000343322754,12.890000343322754,489082.0
2024-04-15 12:55:00+03:00,12.899999618530273,12.899999618530273,12.880000114440918,12.890000343322754,12.890000343322754,730244.0
2024-04-15 13:00:00+03:00,12.880000114440918,12.890000343322754,12.859999656677246,12.890000343322754,12.890000343322754,2238779.0
2024-04-15 13:05:00+03:00,12.890000343322754,12.90999984741211,12.880000114440918,12.899999618530273,12.899999618530273,2694601.0
2024-04-15 13:10:00+03:00,12.899999618530273,12.899999618530273,12.880000114440918,12.890000343322754,12.890000343322754,949797.0
2024-04-15 13:15:00+03:00,12.899999618530273,12.90999984741211,12.880000114440918,12.899999618530273,12.899999618530273,896321.0
2024-04-15 13:20:00+03:00,12.899999618530273,12.899999618530273,12.869999885559082,12.880000114440918,12.880000114440918,1105198.0
2024-04-15 13:25:00+03:00,12.869999885559082,12.890000343322754,12.869999885559082,12.880000114440918,12.880000114440918,748947.0
2024-04-15 13:30:00+03:00,12.880000114440918,12.890000343322754,12.859999656677246,12.880000114440918,12.880000114440918,1422607.0
2024-04-15 13:35:00+03:00,12.880000114440918,12.890000343322754,12.869999885559082,12.869999885559082,12.869999885559082,348553.0
2024-04-15 13:40:00+03:00,12.880000114440918,12.899999618530273,12.859999656677246,12.890000343322754,12.890000343322754,2224206.0
2024-04-15 13:45:00+03:00,12.890000343322754,12.890000343322754,12.869999885559082,12.880000114440918,12.880000114440918,637793.0
2024-04-15 13:50:00+03:00,12.880000114440918,12.880000114440918,12.84000015258789,12.850000381469727,12.850000381469727,3404936.0
2024-04-15 13:55:00+03:00,12.850000381469727,12.859999656677246,12.84000015258789,12.859999656677246,12.859999656677246,2538164.0
2024-04-15 14:00:00+03:00,12.859999656677246,12.859999656677246,12.829999923706055,12.84000015258789,12.84000015258789,3259487.0
2024-04-15 14:05:00+03:00,12.850000381469727,12.850000381469727,12.819999694824219,12.84000015258789,12.84000015258789,1174207.0
2024-04-15 14:10:00+03:00,12.84000015258789,12.850000381469727,12.819999694824219,12.850000381469727,12.850000381469727,1545908.0
2024-04-15 14:15:00+03:00,12.84000015258789,12.850000381469727,12.829999923706055,12.850000381469727,12.850000381469727,882422.0
2024-04-15 14:20:00+03:00,12.84000015258789,12.850000381469727,12.800000190734863,12.8100004196167,12.8100004196167,2355604.0
2024-04-15 14:25:00+03:00,12.8100004196167,12.819999694824219,12.800000190734863,12.8100004196167,12.8100004196167,1449140.0
2024-04-15 14:30:00+03:00,12.819999694824219,12.829999923706055,12.800000190734863,12.819999694824219,12.819999694824219,801480.0
2024-04-15 14:35:00+03:00,12.8100004196167,12.819999694824219,12.770000457763672,12.779999732971191,12.779999732971191,3894307.0
2024-04-15 14:40:00+03:00,12.779999732971191,12.800000190734863,12.779999732971191,12.800000190734863,12.800000190734863,526273.0
2024-04-15 14:45:00+03:00,12.800000190734863,12.869999885559082,12.789999961853027,12.859999656677246,12.859999656677246,5529518.0
2024-04-15 14:50:00+03:00,12.859999656677246,12.890000343322754,12.84000015258789,12.859999656677246,12.859999656677246,3523942.0
2024-04-15 14:55:00+03:00,12.859999656677246,12.869999885559082,12.84000015258789,12.850000381469727,12.850000381469727,2342069.0
2024-04-15 15:00:00+03:00,12.859999656677246,12.859999656677246,12.829999923706055,12.84000015258789,12.84000015258789,1637900.0
2024-04-15 15:05:00+03:00,12.84000015258789,12.890000343322754,12.819999694824219,12.880000114440918,12.880000114440918,8907103.0
2024-04-15 15:10:00+03:00,12.880000114440918,12.899999618530273,12.850000381469727,12.890000343322754,12.890000343322754,11330002.0
2024-04-15 15:15:00+03:00,12.890000343322754,12.890000343322754,12.8100004196167,12.829999923706055,12.829999923706055,8322690.0
2024-04-15 15:20:00+03:00,12.829999923706055,12.84000015258789,12.800000190734863,12.819999694824219,12.819999694824219,5308110.0
2024-04-15 15:25:00+03:00,12.8100004196167,12.819999694824219,12.779999732971191,12.800000190734863,12.800000190734863,4963671.0
2024-04-15 15:30:00+03:00,12.800000190734863,12.829999923706055,12.789999961853027,12.800000190734863,12.800000190734863,3279906.0
2024-04-15 15:35:00+03:00,12.800000190734863,12.819999694824219,12.800000190734863,12.819999694824219,12.819999694824219,1215640.0
2024-04-15 15:40:00+03:00,12.8100004196167,12.829999923706055,12.800000190734863,12.819999694824219,12.819999694824219,1498851.0
2024-04-15 15:45:00+03:00,12.819999694824219,12.819999694824219,12.800000190734863,12.8100004196167,12.8100004196167,598361.0
2024-04-15 15:50:00+03:00,12.819999694824219,12.829999923706055,12.800000190734863,12.8100004196167,12.8100004196167,1077260.0
2024-04-15 15:55:00+03:00,12.819999694824219,12.819999694824219,12.800000190734863,12.819999694824219,12.819999694824219,1017478.0
2024-04-15 16:00:00+03:00,12.819999694824219,12.850000381469727,12.800000190734863,12.829999923706055,12.829999923706055,3467022.0
2024-04-15 16:05:00+03:00,12.84000015258789,12.84000015258789,12.8100004196167,12.819999694824219,12.819999694824219,831423.0
2024-04-15 16:10:00+03:00,12.8100004196167,12.829999923706055,12.8100004196167,12.829999923706055,12.829999923706055,672249.0
2024-04-15 16:15:00+03:00,12.829999923706055,12.829999923706055,12.8100004196167,12.819999694824219,12.819999694824219,766658.0
2024-04-15 16:20:00+03:00,12.8100004196167,12.829999923706055,12.800000190734863,12.829999923706055,12.829999923706055,2534768.0
2024-04-15 16:25:00+03:00,12.829999923706055,12.84000015258789,12.8100004196167,12.829999923706055,12.829999923706055,1171486.0
2024-04-15 16:30:00+03:00,12.84000015258789,12.84000015258789,12.819999694824219,12.829999923706055,12.829999923706055,865987.0
2024-04-15 16:35:00+03:00,12.84000015258789,12.84000015258789,12.819999694824219,12.829999923706055,12.829999923706055,1386839.0
2024-04-15 16:40:00+03:00,12.819999694824219,12.829999923706055,12.8100004196167,12.829999923706055,12.829999923706055,835755.0
2024-04-15 16:45:00+03:00,12.829999923706055,12.84000015258789,12.8100004196167,12.829999923706055,12.829999923706055,1347638.0
2024-04-15 16:50:00+03:00,12.829999923706055,12.829999923706055,12.8100004196167,12.829999923706055,12.829999923706055,428558.0
2024-04-15 16:55:00+03:00,12.829999923706055,12.829999923706055,12.819999694824219,12.829999923706055,12.829999923706055,296105.0
2024-04-15 17:00:00+03:00,12.829999923706055,12.84000015258789,12.8100004196167,12.829999923706055,12.829999923706055,2130368.0
2024-04-15 17:05:00+03:00,12.829999923706055,12.829999923706055,12.800000190734863,12.8100004196167,12.8100004196167,4954219.0
2024-04-15 17:10:00+03:00,12.800000190734863,12.819999694824219,12.800000190734863,12.8100004196167,12.8100004196167,993927.0
2024-04-15 17:15:00+03:00,12.8100004196167,12.819999694824219,12.800000190734863,12.8100004196167,12.8100004196167,1950307.0
2024-04-15 17:20:00+03:00,12.8100004196167,12.819999694824219,12.800000190734863,12.8100004196167,12.8100004196167,1450881.0
2024-04-15 17:25:00+03:00,12.819999694824219,12.869999885559082,12.8100004196167,12.859999656677246,12.859999656677246,10532226.0
2024-04-15 17:30:00+03:00,12.859999656677246,12.869999885559082,12.819999694824219,12.84000015258789,12.84000015258789,2976400.0
2024-04-15 17:35:00+03:00,12.850000381469727,12.859999656677246,12.819999694824219,12.829999923706055,12.829999923706055,7044421.0
2024-04-15 17:40:00+03:00,12.829999923706055,12.84000015258789,12.8100004196167,12.8100004196167,12.8100004196167,3064769.0
2024-04-15 17:45:00+03:00,12.8100004196167,12.84000015258789,12.770000457763672,12.779999732971191,12.779999732971191,6484323.0
2024-04-15 17:50:00+03:00,12.789999961853027,12.789999961853027,12.75,12.770000457763672,12.770000457763672,3350419.0
2024-04-15 17:55:00+03:00,12.770000457763672,12.819999694824219,12.760000228881836,12.779999732971191,12.779999732971191,8918643.0
2024-04-16 09:55:00+03:00,12.760000228881836,12.760000228881836,12.760000228881836,12.760000228881836,12.760000228881836,0.0
2024-04-16 10:00:00+03:00,12.760000228881836,12.770000457763672,12.699999809265137,12.720000267028809,12.720000267028809,13776428.0
2024-04-16 10:05:00+03:00,12.720000267028809,12.899999618530273,12.65999984741211,12.880000114440918,12.880000114440918,22119697.0
2024-04-16 10:10:00+03:00,12.880000114440918,12.890000343322754,12.8100004196167,12.84000015258789,12.84000015258789,12009258.0
2024-04-16 10:15:00+03:00,12.84000015258789,12.859999656677246,12.8100004196167,12.850000381469727,12.850000381469727,7458884.0
2024-04-16 10:20:00+03:00,12.850000381469727,12.859999656677246,12.779999732971191,12.789999961853027,12.789999961853027,8710481.0
2024-04-16 10:25:00+03:00,12.779999732971191,12.789999961853027,12.670000076293945,12.6899995803833,12.6899995803833,12133274.0
2024-04-16 10:30:00+03:00,12.680000305175781,12.6899995803833,12.489999771118164,12.550000190734863,12.550000190734863,15916159.0
2024-04-16 10:35:00+03:00,12.550000190734863,12.5600004196167,12.479999542236328,12.5,12.5,9343516.0
2024-04-16 10:40:00+03:00,12.510000228881836,12.5600004196167,12.489999771118164,12.550000190734863,12.550000190734863,4099484.0
2024-04-16 10:45:00+03:00,12.550000190734863,12.59000015258789,12.529999732971191,12.59000015258789,12.59000015258789,3369899.0
2024-04-16 10:50:00+03:00,12.600000381469727,12.609999656677246,12.520000457763672,12.529999732971191,12.529999732971191,2327860.0
2024-04-16 10:55:00+03:00,12.529999732971191,12.550000190734863,12.350000381469727,12.369999885559082,12.369999885559082,11984027.0
2024-04-16 11:00:00+03:00,12.369999885559082,12.4399995803833,12.329999923706055,12.390000343322754,12.390000343322754,6734617.0
2024-04-16 11:05:00+03:00,12.399999618530273,12.479999542236328,12.380000114440918,12.460000038146973,12.460000038146973,3786066.0
2024-04-16 11:10:00+03:00,12.460000038146973,12.479999542236328,12.260000228881836,12.359999656677246,12.359999656677246,14449756.0
2024-04-16 11:15:00+03:00,12.359999656677246,12.40999984741211,12.34000015258789,12.369999885559082,12.369999885559082,3353576.0
2024-04-16 11:20:00+03:00,12.369999885559082,12.40999984741211,12.359999656677246,12.390000343322754,12.390000343322754,1305134.0
2024-04-16 11:25:00+03:00,12.399999618530273,12.399999618530273,12.359999656677246,12.399999618530273,12.399999618530273,1741968.0
2024-04-16 11:30:00+03:00,12.399999618530273,12.40999984741211,12.359999656677246,12.390000343322754,12.390000343322754,2015562.0
2024-04-16 11:35:00+03:00,12.390000343322754,12.399999618530273,12.359999656677246,12.380000114440918,12.380000114440918,835258.0
2024-04-16 11:40:00+03:00,12.390000343322754,12.390000343322754,12.3100004196167,12.329999923706055,12.329999923706055,4820306.0
2024-04-16 11:45:00+03:00,12.319999694824219,12.34000015258789,12.300000190734863,12.329999923706055,12.329999923706055,2294940.0
2024-04-16 11:50:00+03:00,12.319999694824219,12.329999923706055,12.270000457763672,12.300000190734863,12.300000190734863,2945230.0
2024-04-16 11:55:00+03:00,12.300000190734863,12.3100004196167,12.279999732971191,12.3100004196167,12.3100004196167,1522625.0
2024-04-16 12:00:00+03:00,12.3100004196167,12.319999694824219,12.270000457763672,12.279999732971191,12.279999732971191,1850303.0
2024-04-16 12:05:00+03:00,12.279999732971191,12.289999961853027,12.260000228881836,12.289999961853027,12.289999961853027,1015006.0
2024-04-16 12:10:00+03:00,12.279999732971191,12.279999732971191,12.239999771118164,12.25,12.25,3299597.0
2024-04-16 12:15:00+03:00,12.25,12.300000190734863,12.25,12.289999961853027,12.289999961853027,2433864.0
2024-04-16 12:20:00+03:00,12.289999961853027,12.289999961853027,12.210000038146973,12.220000267028809,12.220000267028809,2688370.0
2024-04-16 12:25:00+03:00,12.220000267028809,12.260000228881836,12.210000038146973,12.220000267028809,12.220000267028809,1799255.0
2024-04-16 12:30:00+03:00,12.220000267028809,12.239999771118164,12.210000038146973,12.239999771118164,12.239999771118164,1258712.0
2024-04-16 12:35:00+03:00,12.239999771118164,12.260000228881836,12.210000038146973,12.239999771118164,12.239999771118164,2576404.0
2024-04-16 12:40:00+03:00,12.229999542236328,12.239999771118164,12.210000038146973,12.229999542236328,12.229999542236328,1432234.0
2024-04-16 12:45:00+03:00,12.229999542236328,12.229999542236328,12.199999809265137,12.229999542236328,12.229999542236328,1080900.0
2024-04-16 12:50:00+03:00,12.229999542236328,12.260000228881836,12.220000267028809,12.25,12.25,725503.0
2024-04-16 12:55:00+03:00,12.260000228881836,12.279999732971191,12.220000267028809,12.25,12.25,5034661.0
2024-04-16 13:00:00+03:00,12.239999771118164,12.25,12.170000076293945,12.220000267028809,12.220000267028809,4985059.0
2024-04-16 13:05:00+03:00,12.210000038146973,12.229999542236328,12.199999809265137,12.229999542236328,12.229999542236328,1210609.0
2024-04-16 13:10:00+03:00,12.220000267028809,12.239999771118164,12.199999809265137,12.220000267028809,12.220000267028809,2104935.0
2024-04-16 13:15:00+03:00,12.220000267028809,12.25,12.199999809265137,12.239999771118164,12.239999771118164,1700334.0
2024-04-16 13:20:00+03:00,12.239999771118164,12.25,12.220000267028809,12.25,12.25,1281098.0
2024-04-16 13:25:00+03:00,12.25,12.25,12.1899995803833,12.210000038146973,12.210000038146973,1940347.0
2024-04-16 13:30:00+03:00,12.210000038146973,12.229999542236328,12.1899995803833,12.229999542236328,12.229999542236328,1203225.0
2024-04-16 13:35:00+03:00,12.229999542236328,12.229999542236328,12.180000305175781,12.180000305175781,12.180000305175781,1097524.0
2024-04-16 13:40:00+03:00,12.1899995803833,12.220000267028809,12.180000305175781,12.220000267028809,12.220000267028809,1010760.0
2024-04-16 13:45:00+03:00,12.220000267028809,12.25,12.210000038146973,12.25,12.25,1187065.0
2024-04-16 13:50:00+03:00,12.239999771118164,12.279999732971191,12.210000038146973,12.210000038146973,12.210000038146973,4597933.0
2024-04-16 13:55:00+03:00,12.210000038146973,12.260000228881836,12.199999809265137,12.229999542236328,12.229999542236328,4168129.0
2024-04-16 14:00:00+03:00,12.229999542236328,12.25,12.1899995803833,12.199999809265137,12.199999809265137,2475303.0
2024-04-16 14:05:00+03:00,12.199999809265137,12.220000267028809,12.1899995803833,12.220000267028809,12.220000267028809,1740418.0
2024-04-16 14:10:00+03:00,12.210000038146973,12.229999542236328,12.1899995803833,12.199999809265137,12.199999809265137,2149826.0
2024-04-16 14:15:00+03:00,12.210000038146973,12.239999771118164,12.199999809265137,12.199999809265137,12.199999809265137,2443283.0
2024-04-16 14:20:00+03:00,12.199999809265137,12.229999542236328,12.199999809265137,12.229999542236328,12.229999542236328,2170538.0
2024-04-16 14:25:00+03:00,12.229999542236328,12.279999732971191,12.220000267028809,12.270000457763672,12.270000457763672,2363163.0
2024-04-16 14:30:00+03:00,12.270000457763672,12.319999694824219,12.270000457763672,12.319999694824219,12.319999694824219,5919111.0
2024-04-16 14:35:00+03:00,12.319999694824219,12.319999694824219,12.300000190734863,12.319999694824219,12.319999694824219,3247931.0
2024-04-16 14:40:00+03:00,12.319999694824219,12.369999885559082,12.319999694824219,12.329999923706055,12.329999923706055,7564904.0
2024-04-16 14:45:00+03:00,12.329999923706055,12.369999885559082,12.319999694824219,12.359999656677246,12.359999656677246,3664121.0
2024-04-16 14:50:00+03:00,12.359999656677246,12.369999885559082,12.329999923706055,12.350000381469727,12.350000381469727,3013474.0
2024-04-16 14:55:00+03:00,12.350000381469727,12.350000381469727,12.300000190734863,12.329999923706055,12.329999923706055,2253708.0
2024-04-16 15:00:00+03:00,12.329999923706055,12.329999923706055,12.289999961853027,12.300000190734863,12.300000190734863,2088457.0
2024-04-16 15:05:00+03:00,12.289999961853027,12.300000190734863,12.279999732971191,12.289999961853027,12.289999961853027,1494777.0
2024-04-16 15:10:00+03:00,12.289999961853027,12.3100004196167,12.279999732971191,12.289999961853027,12.289999961853027,1469936.0
2024-04-16 15:15:00+03:00,12.300000190734863,12.300000190734863,12.25,12.289999961853027,12.289999961853027,2381802.0
2024-04-16 15:20:00+03:00,12.289999961853027,12.289999961853027,12.260000228881836,12.270000457763672,12.270000457763672,1056574.0
2024-04-16 15:25:00+03:00,12.270000457763672,12.289999961853027,12.25,12.279999732971191,12.279999732971191,962712.0
2024-04-16 15:30:00+03:00,12.279999732971191,12.279999732971191,12.260000228881836,12.270000457763672,12.270000457763672,341455.0
2024-04-16 15:35:00+03:00,12.270000457763672,12.270000457763672,12.220000267028809,12.239999771118164,12.239999771118164,2879240.0
2024-04-16 15:40:00+03:00,12.239999771118164,12.25,12.220000267028809,12.239999771118164,12.239999771118164,1254281.0
2024-04-16 15:45:00+03:00,12.239999771118164,12.25,12.220000267028809,12.25,12.25,1115745.0
2024-04-16 15:50:00+03:00,12.25,12.260000228881836,12.239999771118164,12.25,12.25,1111014.0
2024-04-16 15:55:00+03:00,12.25,12.260000228881836,12.220000267028809,12.239999771118164,12.239999771118164,1045190.0
2024-04-16 16:00:00+03:00,12.239999771118164,12.260000228881836,12.220000267028809,12.25,12.25,1133798.0
2024-04-16 16:05:00+03:00,12.25,12.25,12.229999542236328,12.239999771118164,12.239999771118164,669732.0
2024-04-16 16:10:00+03:00,12.239999771118164,12.239999771118164,12.1899995803833,12.199999809265137,12.199999809265137,2504900.0
2024-04-16 16:15:00+03:00,12.199999809265137,12.239999771118164,12.199999809265137,12.220000267028809,12.220000267028809,1505026.0
2024-04-16 16:20:00+03:00,12.220000267028809,12.239999771118164,12.210000038146973,12.229999542236328,12.229999542236328,490842.0
2024-04-16 16:25:00+03:00,12.229999542236328,12.25,12.220000267028809,12.239999771118164,12.239999771118164,1038718.0
2024-04-16 16:30:00+03:00,12.239999771118164,12.239999771118164,12.199999809265137,12.220000267028809,12.220000267028809,1584654.0
2024-04-16 16:35:00+03:00,12.210000038146973,12.229999542236328,12.199999809265137,12.229999542236328,12.229999542236328,1429516.0
2024-04-16 16:40:00+03:00,12.229999542236328,12.229999542236328,12.1899995803833,12.199999809265137,12.199999809265137,1265960.0
2024-04-16 16:45:00+03:00,12.1899995803833,12.199999809265137,12.180000305175781,12.1899995803833,12.1899995803833,1163433.0
2024-04-16 16:50:00+03:00,12.1899995803833,12.210000038146973,12.170000076293945,12.180000305175781,12.180000305175781,2952861.0
2024-04-16 16:55:00+03:00,12.1899995803833,12.199999809265137,12.180000305175781,12.199999809265137,12.199999809265137,824342.0
2024-04-16 17:00:00+03:00,12.199999809265137,12.210000038146973,12.170000076293945,12.170000076293945,12.170000076293945,2975637.0
2024-04-16 17:05:00+03:00,12.180000305175781,12.229999542236328,12.15999984741211,12.199999809265137,12.199999809265137,5306338.0
2024-04-16 17:10:00+03:00,12.1899995803833,12.239999771118164,12.1899995803833,12.229999542236328,12.229999542236328,5865424.0
2024-04-16 17:15:00+03:00,12.239999771118164,12.25,12.210000038146973,12.220000267028809,12.220000267028809,2908240.0
2024-04-16 17:20:00+03:00,12.220000267028809,12.229999542236328,12.199999809265137,12.220000267028809,12.220000267028809,2681419.0
2024-04-16 17:25:00+03:00,12.229999542236328,12.229999542236328,12.199999809265137,12.220000267028809,12.220000267028809,1002912.0
2024-04-16 17:30:00+03:00,12.220000267028809,12.229999542236328,12.180000305175781,12.220000267028809,12.220000267028809,3231820.0
2024-04-16 17:35:00+03:00,12.210000038146973,12.239999771118164,12.210000038146973,12.210000038146973,12.210000038146973,1639249.0
2024-04-16 17:40:00+03:00,12.220000267028809,12.239999771118164,12.199999809265137,12.229999542236328,12.229999542236328,1997325.0
2024-04-16 17:45:00+03:00,12.239999771118164,12.279999732971191,12.229999542236328,12.25,12.25,7021256.0
2024-04-16 17:50:00+03:00,12.25,12.25,12.1899995803833,12.199999809265137,12.199999809265137,5417871.0
2024-04-16 17:55:00+03:00,12.199999809265137,12.210000038146973,12.15999984741211,12.170000076293945,12.170000076293945,7197530.0
2024-04-17 09:55:00+03:00,12.3100004196167,12.3100004196167,12.3100004196167,12.3100004196167,12.3100004196167,0.0
2024-04-17 10:00:00+03:00,12.300000190734863,12.34000015258789,12.270000457763672,12.3100004196167,12.3100004196167,13466907.0
2024-04-17 10:05:00+03:00,12.3100004196167,12.390000343322754,12.279999732971191,12.369999885559082,12.369999885559082,13044024.0
2024-04-17 10:10:00+03:00,12.359999656677246,12.390000343322754,12.350000381469727,12.359999656677246,12.359999656677246,8412544.0
2024-04-17 10:15:00+03:00,12.369999885559082,12.380000114440918,12.329999923706055,12.329999923706055,12.329999923706055,7927901.0
2024-04-17 10:20:00+03:00,12.34000015258789,12.369999885559082,12.3100004196167,12.34000015258789,12.34000015258789,5938556.0
2024-04-17 10:25:00+03:00,12.34000015258789,12.399999618530273,12.329999923706055,12.390000343322754,12.390000343322754,7224667.0
2024-04-17 10:30:00+03:00,12.399999618530273,12.449999809265137,12.390000343322754,12.420000076293945,12.420000076293945,11566039.0
2024-04-17 10:35:00+03:00,12.420000076293945,12.460000038146973,12.390000343322754,12.399999618530273,12.399999618530273,11708480.0
2024-04-17 10:40:00+03:00,12.399999618530273,12.420000076293945,12.380000114440918,12.40999984741211,12.40999984741211,3483127.0
2024-04-17 10:45:00+03:00,12.40999984741211,12.430000305175781,12.390000343322754,12.40999984741211,12.40999984741211,3508083.0
2024-04-17 10:50:00+03:00,12.420000076293945,12.460000038146973,12.40999984741211,12.460000038146973,12.460000038146973,6402867.0
2024-04-17 10:55:00+03:00,12.449999809265137,12.510000228881836,12.449999809265137,12.479999542236328,12.479999542236328,13561540.0
2024-04-17 11:00:00+03:00,12.479999542236328,12.5,12.460000038146973,12.479999542236328,12.479999542236328,4821023.0
2024-04-17 11:05:00+03:00,12.479999542236328,12.479999542236328,12.449999809265137,12.460000038146973,12.460000038146973,3003290.0
2024-04-17 11:10:00+03:00,12.460000038146973,12.460000038146973,12.420000076293945,12.4399995803833,12.4399995803833,2974743.0
2024-04-17 11:15:00+03:00,12.4399995803833,12.4399995803833,12.399999618530273,12.420000076293945,12.420000076293945,3137650.0
2024-04-17 11:20:00+03:00,12.40999984741211,12.420000076293945,12.369999885559082,12.390000343322754,12.390000343322754,2111798.0
2024-04-17 11:25:00+03:00,12.380000114440918,12.40999984741211,12.369999885559082,12.380000114440918,12.380000114440918,2533992.0
2024-04-17 11:30:00+03:00,12.380000114440918,12.380000114440918,12.350000381469727,12.359999656677246,12.359999656677246,2112840.0
2024-04-17 11:35:00+03:00,12.350000381469727,12.369999885559082,12.319999694824219,12.34000015258789,12.34000015258789,5722314.0
2024-04-17 11:40:00+03:00,12.329999923706055,12.34000015258789,12.279999732971191,12.319999694824219,12.319999694824219,5763803.0
2024-04-17 11:45:00+03:00,12.319999694824219,12.319999694824219,12.289999961853027,12.300000190734863,12.300000190734863,3126794.0
2024-04-17 11:50:00+03:00,12.3100004196167,12.3100004196167,12.279999732971191,12.300000190734863,12.300000190734863,3348338.0
2024-04-17 11:55:00+03:00,12.300000190734863,12.3100004196167,12.289999961853027,12.300000190734863,12.300000190734863,2100969.0
2024-04-17 12:00:00+03:00,12.3100004196167,12.34000015258789,12.300000190734863,12.3100004196167,12.3100004196167,3421292.0
2024-04-17 12:05:00+03:00,12.300000190734863,12.319999694824219,12.300000190734863,12.3100004196167,12.3100004196167,1076647.0
2024-04-17 12:10:00+03:00,12.3100004196167,12.3100004196167,12.289999961853027,12.300000190734863,12.300000190734863,1231819.0
2024-04-17 12:15:00+03:00,12.300000190734863,12.3100004196167,12.279999732971191,12.3100004196167,12.3100004196167,1730957.0
2024-04-17 12:20:00+03:00,12.3100004196167,12.319999694824219,12.300000190734863,12.3100004196167,12.3100004196167,742181.0
2024-04-17 12:25:00+03:00,12.3100004196167,12.3100004196167,12.279999732971191,12.289999961853027,12.289999961853027,1576902.0
2024-04-17 12:30:00+03:00,12.289999961853027,12.289999961853027,12.279999732971191,12.289999961853027,12.289999961853027,1249640.0
2024-04-17 12:35:00+03:00,12.289999961853027,12.289999961853027,12.270000457763672,12.270000457763672,12.270000457763672,961112.0
2024-04-17 12:40:00+03:00,12.279999732971191,12.289999961853027,12.260000228881836,12.289999961853027,12.289999961853027,1773321.0
2024-04-17 12:45:00+03:00,12.289999961853027,12.3100004196167,12.289999961853027,12.300000190734863,12.300000190734863,2576473.0
2024-04-17 12:50:00+03:00,12.300000190734863,12.3100004196167,12.289999961853027,12.300000190734863,12.300000190734863,907195.0
2024-04-17 12:55:00+03:00,12.300000190734863,12.3100004196167,12.279999732971191,12.289999961853027,12.289999961853027,1837714.0
2024-04-17 13:00:00+03:00,12.289999961853027,12.289999961853027,12.270000457763672,12.289999961853027,12.289999961853027,629806.0
2024-04-17 13:05:00+03:00,12.289999961853027,12.289999961853027,12.25,12.25,12.25,3491176.0
2024-04-17 13:10:00+03:00,12.260000228881836,12.270000457763672,12.220000267028809,12.229999542236328,12.229999542236328,4484037.0
2024-04-17 13:15:00+03:00,12.239999771118164,12.279999732971191,12.229999542236328,12.279999732971191,12.279999732971191,3220637.0
2024-04-17 13:20:00+03:00,12.279999732971191,12.279999732971191,12.239999771118164,12.260000228881836,12.260000228881836,2208240.0
2024-04-17 13:25:00+03:00,12.270000457763672,12.300000190734863,12.260000228881836,12.300000190734863,12.300000190734863,2963939.0
2024-04-17 13:30:00+03:00,12.289999961853027,12.319999694824219,12.270000457763672,12.319999694824219,12.319999694824219,1724912.0
2024-04-17 13:35:00+03:00,12.3100004196167,12.399999618530273,12.3100004196167,12.380000114440918,12.380000114440918,12800378.0
2024-04-17 13:40:00+03:00,12.390000343322754,12.430000305175781,12.380000114440918,12.420000076293945,12.420000076293945,13970704.0
2024-04-17 13:45:00+03:00,12.420000076293945,12.4399995803833,12.399999618530273,12.430000305175781,12.430000305175781,6132819.0
2024-04-17 13:50:00+03:00,12.430000305175781,12.4399995803833,12.40999984741211,12.430000305175781,12.430000305175781,3752733.0
2024-04-17 13:55:00+03:00,12.430000305175781,12.460000038146973,12.40999984741211,12.430000305175781,12.430000305175781,7155981.0
2024-04-17 14:00:00+03:00,12.420000076293945,12.420000076293945,12.34000015258789,12.359999656677246,12.359999656677246,6743935.0
2024-04-17 14:05:00+03:00,12.369999885559082,12.369999885559082,12.34000015258789,12.359999656677246,12.359999656677246,2043973.0
2024-04-17 14:10:00+03:00,12.359999656677246,12.359999656677246,12.3100004196167,12.319999694824219,12.319999694824219,2792778.0
2024-04-17 14:15:00+03:00,12.319999694824219,12.329999923706055,12.3100004196167,12.319999694824219,12.319999694824219,1873531.0
2024-04-17 14:20:00+03:00,12.3100004196167,12.319999694824219,12.289999961853027,12.300000190734863,12.300000190734863,4554730.0
2024-04-17 14:25:00+03:00,12.300000190734863,12.300000190734863,12.260000228881836,12.289999961853027,12.289999961853027,3638989.0
2024-04-17 14:30:00+03:00,12.300000190734863,12.3100004196167,12.279999732971191,12.279999732971191,12.279999732971191,2151578.0
2024-04-17 14:35:00+03:00,12.289999961853027,12.3100004196167,12.279999732971191,12.3100004196167,12.3100004196167,2194183.0
2024-04-17 14:40:00+03:00,12.3100004196167,12.329999923706055,12.289999961853027,12.319999694824219,12.319999694824219,1666979.0
2024-04-17 14:45:00+03:00,12.329999923706055,12.329999923706055,12.289999961853027,12.3100004196167,12.3100004196167,1386404.0
2024-04-17 14:50:00+03:00,12.300000190734863,12.319999694824219,12.289999961853027,12.3100004196167,12.3100004196167,1034786.0
2024-04-17 14:55:00+03:00,12.319999694824219,12.319999694824219,12.279999732971191,12.289999961853027,12.289999961853027,2543847.0
2024-04-17 15:00:00+03:00,12.289999961853027,12.300000190734863,12.279999732971191,12.300000190734863,12.300000190734863,2935957.0
2024-04-17 15:05:00+03:00,12.289999961853027,12.319999694824219,12.279999732971191,12.3100004196167,12.3100004196167,2419596.0
2024-04-17 15:10:00+03:00,12.3100004196167,12.3100004196167,12.279999732971191,12.279999732971191,12.279999732971191,982027.0
2024-04-17 15:15:00+03:00,12.289999961853027,12.3100004196167,12.270000457763672,12.300000190734863,12.300000190734863,1933000.0
2024-04-17 15:20:00+03:00,12.3100004196167,12.3100004196167,12.279999732971191,12.289999961853027,12.289999961853027,1784431.0
2024-04-17 15:25:00+03:00,12.300000190734863,12.34000015258789,12.289999961853027,12.300000190734863,12.300000190734863,3003012.0
2024-04-17 15:30:00+03:00,12.300000190734863,12.300000190734863,12.260000228881836,12.289999961853027,12.289999961853027,2546236.0
2024-04-17 15:35:00+03:00,12.279999732971191,12.289999961853027,12.270000457763672,12.289999961853027,12.289999961853027,2169763.0
2024-04-17 15:40:00+03:00,12.279999732971191,12.279999732971191,12.270000457763672,12.279999732971191,12.279999732971191,1537317.0
2024-04-17 15:45:00+03:00,12.279999732971191,12.279999732971191,12.260000228881836,12.260000228881836,12.260000228881836,2898042.0
2024-04-17 15:50:00+03:00,12.270000457763672,12.300000190734863,12.25,12.300000190734863,12.300000190734863,2075722.0
2024-04-17 15:55:00+03:00,12.300000190734863,12.300000190734863,12.229999542236328,12.229999542236328,12.229999542236328,2720215.0
2024-04-17 16:00:00+03:00,12.220000267028809,12.279999732971191,12.220000267028809,12.260000228881836,12.260000228881836,2721810.0
2024-04-17 16:05:00+03:00,12.260000228881836,12.279999732971191,12.25,12.270000457763672,12.270000457763672,1078480.0
2024-04-17 16:10:00+03:00,12.260000228881836,12.289999961853027,12.25,12.260000228881836,12.260000228881836,2894084.0
2024-04-17 16:15:00+03:00,12.260000228881836,12.300000190734863,12.25,12.270000457763672,12.270000457763672,2764348.0
2024-04-17 16:20:00+03:00,12.279999732971191,12.3100004196167,12.270000457763672,12.270000457763672,12.270000457763672,2569896.0
2024-04-17 16:25:00+03:00,12.270000457763672,12.279999732971191,12.239999771118164,12.270000457763672,12.270000457763672,1553298.0
2024-04-17 16:30:00+03:00,12.260000228881836,12.270000457763672,12.220000267028809,12.260000228881836,12.260000228881836,3926822.0
2024-04-17 16:35:00+03:00,12.270000457763672,12.270000457763672,12.25,12.260000228881836,12.260000228881836,924360.0
2024-04-17 16:40:00+03:00,12.260000228881836,12.270000457763672,12.25,12.25,12.25,1186042.0
2024-04-17 16:45:00+03:00,12.260000228881836,12.279999732971191,12.239999771118164,12.260000228881836,12.260000228881836,1949861.0
2024-04-17 16:50:00+03:00,12.260000228881836,12.279999732971191,12.25,12.260000228881836,12.260000228881836,1678226.0
2024-04-17 16:55:00+03:00,12.270000457763672,12.279999732971191,12.25,12.260000228881836,12.260000228881836,2043243.0
2024-04-17 17:00:00+03:00,12.270000457763672,12.3100004196167,12.260000228881836,12.300000190734863,12.300000190734863,6651613.0
2024-04-17 17:05:00+03:00,12.300000190734863,12.319999694824219,12.279999732971191,12.3100004196167,12.3100004196167,4689541.0
2024-04-17 17:10:00+03:00,12.3100004196167,12.350000381469727,12.300000190734863,12.300000190734863,12.300000190734863,5494506.0
2024-04-17 17:15:00+03:00,12.3100004196167,12.34000015258789,12.289999961853027,12.319999694824219,12.319999694824219,8066443.0
2024-04-17 17:20:00+03:00,12.319999694824219,12.34000015258789,12.300000190734863,12.3100004196167,12.3100004196167,4081389.0
2024-04-17 17:25:00+03:00,12.319999694824219,12.329999923706055,12.289999961853027,12.300000190734863,12.300000190734863,2928550.0
2024-04-17 17:30:00+03:00,12.300000190734863,12.329999923706055,12.289999961853027,12.319999694824219,12.319999694824219,3946044.0
2024-04-17 17:35:00+03:00,12.319999694824219,12.329999923706055,12.289999961853027,12.300000190734863,12.300000190734863,3829788.0
2024-04-17 17:40:00+03:00,12.300000190734863,12.3100004196167,12.279999732971191,12.300000190734863,12.300000190734863,4489985.0
2024-04-17 17:45:00+03:00,12.300000190734863,12.319999694824219,12.279999732971191,12.289999961853027,12.289999961853027,3528743.0
2024-04-17 17:50:00+03:00,12.300000190734863,12.300000190734863,12.25,12.260000228881836,12.260000228881836,7367601.0
2024-04-17 17:55:00+03:00,12.270000457763672,12.289999961853027,12.25,12.260000228881836,12.260000228881836,8180571.0
2024-04-18 09:55:00+03:00,12.350000381469727,12.350000381469727,12.350000381469727,12.350000381469727,12.350000381469727,3530963.0
2024-04-18 10:00:00+03:00,12.350000381469727,12.40999984741211,12.319999694824219,12.359999656677246,12.359999656677246,13503145.0
2024-04-18 10:05:00+03:00,12.359999656677246,12.399999618530273,12.34000015258789,12.380000114440918,12.380000114440918,8526735.0
2024-04-18 10:10:00+03:00,12.380000114440918,12.40999984741211,12.34000015258789,12.350000381469727,12.350000381469727,6377008.0
2024-04-18 10:15:00+03:00,12.34000015258789,12.359999656677246,12.3100004196167,12.329999923706055,12.329999923706055,5442513.0
2024-04-18 10:20:00+03:00,12.329999923706055,12.34000015258789,12.3100004196167,12.319999694824219,12.319999694824219,3243638.0
2024-04-18 10:25:00+03:00,12.3100004196167,12.329999923706055,12.300000190734863,12.3100004196167,12.3100004196167,3756719.0
2024-04-18 10:30:00+03:00,12.319999694824219,12.329999923706055,12.279999732971191,12.319999694824219,12.319999694824219,3826536.0
2024-04-18 10:35:00+03:00,12.319999694824219,12.319999694824219,12.270000457763672,12.279999732971191,12.279999732971191,2017170.0
2024-04-18 10:40:00+03:00,12.279999732971191,12.3100004196167,12.270000457763672,12.300000190734863,12.300000190734863,2388417.0
2024-04-18 10:45:00+03:00,12.300000190734863,12.329999923706055,12.289999961853027,12.289999961853027,12.289999961853027,1859512.0
2024-04-18 10:50:00+03:00,12.289999961853027,12.319999694824219,12.279999732971191,12.3100004196167,12.3100004196167,2514803.0
2024-04-18 10:55:00+03:00,12.3100004196167,12.3100004196167,12.289999961853027,12.300000190734863,12.300000190734863,2078647.0
2024-04-18 11:00:00+03:00,12.300000190734863,12.350000381469727,12.289999961853027,12.319999694824219,12.319999694824219,2938499.0
2024-04-18 11:05:00+03:00,12.319999694824219,12.329999923706055,12.3100004196167,12.329999923706055,12.329999923706055,963289.0
2024-04-18 11:10:00+03:00,12.319999694824219,12.329999923706055,12.300000190734863,12.3100004196167,12.3100004196167,1024947.0
2024-04-18 11:15:00+03:00,12.3100004196167,12.319999694824219,12.279999732971191,12.300000190734863,12.300000190734863,1442665.0
2024-04-18 11:20:00+03:00,12.300000190734863,12.300000190734863,12.289999961853027,12.300000190734863,12.300000190734863,456281.0
2024-04-18 11:25:00+03:00,12.289999961853027,12.300000190734863,12.279999732971191,12.289999961853027,12.289999961853027,1349877.0
2024-04-18 11:30:00+03:00,12.289999961853027,12.3100004196167,12.279999732971191,12.300000190734863,12.300000190734863,1121366.0
2024-04-18 11:35:00+03:00,12.300000190734863,12.3100004196167,12.260000228881836,12.270000457763672,12.270000457763672,1453576.0
2024-04-18 11:40:00+03:00,12.270000457763672,12.3100004196167,12.260000228881836,12.300000190734863,12.300000190734863,1870387.0
2024-04-18 11:45:00+03:00,12.300000190734863,12.350000381469727,12.289999961853027,12.34000015258789,12.34000015258789,5536201.0
2024-04-18 11:50:00+03:00,12.350000381469727,12.399999618530273,12.34000015258789,12.380000114440918,12.380000114440918,9896763.0
2024-04-18 11:55:00+03:00,12.380000114440918,12.399999618530273,12.369999885559082,12.390000343322754,12.390000343322754,7087581.0
2024-04-18 12:00:00+03:00,12.390000343322754,12.390000343322754,12.369999885559082,12.380000114440918,12.380000114440918,1686885.0
2024-04-18 12:05:00+03:00,12.380000114440918,12.380000114440918,12.34000015258789,12.350000381469727,12.350000381469727,1864075.0
2024-04-18 12:10:00+03:00,12.34000015258789,12.359999656677246,12.329999923706055,12.329999923706055,12.329999923706055,944871.0
2024-04-18 12:15:00+03:00,12.34000015258789,12.359999656677246,12.329999923706055,12.359999656677246,12.359999656677246,496516.0
2024-04-18 12:20:00+03:00,12.359999656677246,12.369999885559082,12.329999923706055,12.329999923706055,12.329999923706055,2491648.0
2024-04-18 12:25:00+03:00,12.329999923706055,12.350000381469727,12.319999694824219,12.34000015258789,12.34000015258789,730298.0
2024-04-18 12:30:00+03:00,12.34000015258789,12.359999656677246,12.319999694824219,12.329999923706055,12.329999923706055,1384878.0
2024-04-18 12:35:00+03:00,12.329999923706055,12.350000381469727,12.3100004196167,12.34000015258789,12.34000015258789,1298028.0
2024-04-18 12:40:00+03:00,12.350000381469727,12.369999885559082,12.34000015258789,12.359999656677246,12.359999656677246,993469.0
2024-04-18 12:45:00+03:00,12.359999656677246,12.399999618530273,12.350000381469727,12.380000114440918,12.380000114440918,4125451.0
2024-04-18 12:50:00+03:00,12.380000114440918,12.460000038146973,12.369999885559082,12.449999809265137,12.449999809265137,12214005.0
2024-04-18 12:55:00+03:00,12.449999809265137,12.460000038146973,12.399999618530273,12.4399995803833,12.4399995803833,4484957.0
2024-04-18 13:00:00+03:00,12.4399995803833,12.449999809265137,12.40999984741211,12.420000076293945,12.420000076293945,2198151.0
2024-04-18 13:05:00+03:00,12.420000076293945,12.420000076293945,12.380000114440918,12.399999618530273,12.399999618530273,1676121.0
2024-04-18 13:10:00+03:00,12.390000343322754,12.399999618530273,12.369999885559082,12.399999618530273,12.399999618530273,1069864.0
2024-04-18 13:15:00+03:00,12.399999618530273,12.399999618530273,12.359999656677246,12.369999885559082,12.369999885559082,893486.0
2024-04-18 13:20:00+03:00,12.380000114440918,12.390000343322754,12.369999885559082,12.390000343322754,12.390000343322754,579260.0
2024-04-18 13:25:00+03:00,12.390000343322754,12.399999618530273,12.380000114440918,12.399999618530273,12.399999618530273,1238697.0
2024-04-18 13:30:00+03:00,12.390000343322754,12.399999618530273,12.369999885559082,12.390000343322754,12.390000343322754,1080824.0
2024-04-18 13:35:00+03:00,12.380000114440918,12.40999984741211,12.369999885559082,12.380000114440918,12.380000114440918,1403125.0
2024-04-18 13:40:00+03:00,12.380000114440918,12.380000114440918,12.359999656677246,12.380000114440918,12.380000114440918,1088989.0
2024-04-18 13:45:00+03:00,12.369999885559082,12.380000114440918,12.350000381469727,12.350000381469727,12.350000381469727,1453194.0
2024-04-18 13:50:00+03:00,12.359999656677246,12.369999885559082,12.34000015258789,12.359999656677246,12.359999656677246,3387791.0
2024-04-18 13:55:00+03:00,12.359999656677246,12.369999885559082,12.350000381469727,12.359999656677246,12.359999656677246,869070.0
2024-04-18 14:00:00+03:00,12.369999885559082,12.380000114440918,12.359999656677246,12.369999885559082,12.369999885559082,713070.0
2024-04-18 14:05:00+03:00,12.369999885559082,12.369999885559082,12.350000381469727,12.369999885559082,12.369999885559082,1251999.0
2024-04-18 14:10:00+03:00,12.369999885559082,12.390000343322754,12.350000381469727,12.369999885559082,12.369999885559082,3186937.0
2024-04-18 14:15:00+03:00,12.369999885559082,12.399999618530273,12.359999656677246,12.380000114440918,12.380000114440918,5965056.0
2024-04-18 14:20:00+03:00,12.380000114440918,12.390000343322754,12.369999885559082,12.369999885559082,12.369999885559082,765523.0
2024-04-18 14:25:00+03:00,12.380000114440918,12.390000343322754,12.369999885559082,12.390000343322754,12.390000343322754,714272.0
2024-04-18 14:30:00+03:00,12.380000114440918,12.390000343322754,12.369999885559082,12.390000343322754,12.390000343322754,1212032.0
2024-04-18 14:35:00+03:00,12.390000343322754,12.390000343322754,12.369999885559082,12.380000114440918,12.380000114440918,1663339.0
2024-04-18 14:40:00+03:00,12.369999885559082,12.380000114440918,12.359999656677246,12.369999885559082,12.369999885559082,850720.0
2024-04-18 14:45:00+03:00,12.369999885559082,12.369999885559082,12.34000015258789,12.359999656677246,12.359999656677246,2627345.0
2024-04-18 14:50:00+03:00,12.350000381469727,12.369999885559082,12.34000015258789,12.350000381469727,12.350000381469727,1565685.0
2024-04-18 14:55:00+03:00,12.359999656677246,12.380000114440918,12.350000381469727,12.359999656677246,12.359999656677246,3430677.0
2024-04-18 15:00:00+03:00,12.369999885559082,12.380000114440918,12.359999656677246,12.369999885559082,12.369999885559082,1784501.0
2024-04-18 15:05:00+03:00,12.359999656677246,12.380000114440918,12.359999656677246,12.359999656677246,12.359999656677246,1546310.0
2024-04-18 15:10:00+03:00,12.369999885559082,12.369999885559082,12.350000381469727,12.369999885559082,12.369999885559082,1584075.0
2024-04-18 15:15:00+03:00,12.369999885559082,12.380000114440918,12.350000381469727,12.369999885559082,12.369999885559082,1174712.0
2024-04-18 15:20:00+03:00,12.369999885559082,12.380000114440918,12.350000381469727,12.369999885559082,12.369999885559082,2356800.0
2024-04-18 15:25:00+03:00,12.369999885559082,12.369999885559082,12.34000015258789,12.350000381469727,12.350000381469727,1835673.0
2024-04-18 15:30:00+03:00,12.34000015258789,12.350000381469727,12.329999923706055,12.34000015258789,12.34000015258789,2184060.0
2024-04-18 15:35:00+03:00,12.34000015258789,12.350000381469727,12.329999923706055,12.34000015258789,12.34000015258789,1329786.0
2024-04-18 15:40:00+03:00,12.34000015258789,12.34000015258789,12.319999694824219,12.329999923706055,12.329999923706055,947821.0
2024-04-18 15:45:00+03:00,12.329999923706055,12.34000015258789,12.319999694824219,12.319999694824219,12.319999694824219,1761775.0
2024-04-18 15:50:00+03:00,12.329999923706055,12.34000015258789,12.3100004196167,12.319999694824219,12.319999694824219,1637234.0
2024-04-18 15:55:00+03:00,12.319999694824219,12.34000015258789,12.3100004196167,12.329999923706055,12.329999923706055,893663.0
2024-04-18 16:00:00+03:00,12.319999694824219,12.34000015258789,12.3100004196167,12.329999923706055,12.329999923706055,1893131.0
2024-04-18 16:05:00+03:00,12.329999923706055,12.34000015258789,12.3100004196167,12.319999694824219,12.319999694824219,1627751.0
2024-04-18 16:10:00+03:00,12.329999923706055,12.329999923706055,12.3100004196167,12.319999694824219,12.319999694824219,1409260.0
2024-04-18 16:15:00+03:00,12.319999694824219,12.319999694824219,12.289999961853027,12.300000190734863,12.300000190734863,2598245.0
2024-04-18 16:20:00+03:00,12.300000190734863,12.3100004196167,12.279999732971191,12.300000190734863,12.300000190734863,2545910.0
2024-04-18 16:25:00+03:00,12.300000190734863,12.300000190734863,12.25,12.260000228881836,12.260000228881836,5597459.0
2024-04-18 16:30:00+03:00,12.270000457763672,12.289999961853027,12.260000228881836,12.279999732971191,12.279999732971191,3068608.0
2024-04-18 16:35:00+03:00,12.270000457763672,12.289999961853027,12.220000267028809,12.239999771118164,12.239999771118164,6532650.0
2024-04-18 16:40:00+03:00,12.239999771118164,12.270000457763672,12.239999771118164,12.260000228881836,12.260000228881836,1647148.0
2024-04-18 16:45:00+03:00,12.270000457763672,12.270000457763672,12.239999771118164,12.25,12.25,1413490.0
2024-04-18 16:50:00+03:00,12.25,12.270000457763672,12.239999771118164,12.25,12.25,1530713.0
2024-04-18 16:55:00+03:00,12.239999771118164,12.270000457763672,12.239999771118164,12.260000228881836,12.260000228881836,2419092.0
2024-04-18 17:00:00+03:00,12.25,12.270000457763672,12.239999771118164,12.25,12.25,1618381.0
2024-04-18 17:05:00+03:00,12.25,12.260000228881836,12.229999542236328,12.239999771118164,12.239999771118164,2536742.0
2024-04-18 17:10:00+03:00,12.239999771118164,12.239999771118164,12.220000267028809,12.239999771118164,12.239999771118164,1342270.0
2024-04-18 17:15:00+03:00,12.229999542236328,12.260000228881836,12.229999542236328,12.239999771118164,12.239999771118164,2188994.0
2024-04-18 17:20:00+03:00,12.239999771118164,12.239999771118164,12.210000038146973,12.210000038146973,12.210000038146973,2722311.0
2024-04-18 17:25:00+03:00,12.220000267028809,12.220000267028809,12.15999984741211,12.170000076293945,12.170000076293945,4769895.0
2024-04-18 17:30:00+03:00,12.170000076293945,12.260000228881836,12.15999984741211,12.25,12.25,8714591.0
2024-04-18 17:35:00+03:00,12.25,12.300000190734863,12.229999542236328,12.300000190734863,12.300000190734863,4644798.0
2024-04-18 17:40:00+03:00,12.300000190734863,12.34000015258789,12.289999961853027,12.34000015258789,12.34000015258789,7393688.0
2024-04-18 17:45:00+03:00,12.34000015258789,12.369999885559082,12.300000190734863,12.319999694824219,12.319999694824219,7803526.0
2024-04-18 17:50:00+03:00,12.319999694824219,12.319999694824219,12.260000228881836,12.270000457763672,12.270000457763672,4084274.0
2024-04-18 17:55:00+03:00,12.270000457763672,12.289999961853027,12.260000228881836,12.279999732971191,12.279999732971191,5965597.0
2024-04-19 09:55:00+03:00,12.140000343322754,12.140000343322754,12.140000343322754,12.140000343322754,12.140000343322754,0.0
2024-04-19 10:00:00+03:00,12.140000343322754,12.220000267028809,12.100000381469727,12.170000076293945,12.170000076293945,20853895.0
2024-04-19 10:05:00+03:00,12.180000305175781,12.229999542236328,12.170000076293945,12.1899995803833,12.1899995803833,8317296.0
2024-04-19 10:10:00+03:00,12.199999809265137,12.220000267028809,12.170000076293945,12.1899995803833,12.1899995803833,6067536.0
2024-04-19 10:15:00+03:00,12.1899995803833,12.239999771118164,12.180000305175781,12.220000267028809,12.220000267028809,7908236.0
2024-04-19 10:20:00+03:00,12.220000267028809,12.229999542236328,12.1899995803833,12.199999809265137,12.199999809265137,3929900.0
2024-04-19 10:25:00+03:00,12.210000038146973,12.220000267028809,12.170000076293945,12.220000267028809,12.220000267028809,6090195.0
2024-04-19 10:30:00+03:00,12.220000267028809,12.220000267028809,12.180000305175781,12.180000305175781,12.180000305175781,1996284.0
2024-04-19 10:35:00+03:00,12.1899995803833,12.199999809265137,12.180000305175781,12.199999809265137,12.199999809265137,1367408.0
2024-04-19 10:40:00+03:00,12.1899995803833,12.199999809265137,12.149999618530273,12.15999984741211,12.15999984741211,4222347.0
2024-04-19 10:45:00+03:00,12.15999984741211,12.170000076293945,12.149999618530273,12.15999984741211,12.15999984741211,1405581.0
2024-04-19 10:50:00+03:00,12.15999984741211,12.15999984741211,12.140000343322754,12.149999618530273,12.149999618530273,1826865.0
2024-04-19 10:55:00+03:00,12.149999618530273,12.170000076293945,12.140000343322754,12.170000076293945,12.170000076293945,1769246.0
2024-04-19 11:00:00+03:00,12.15999984741211,12.1899995803833,12.149999618530273,12.15999984741211,12.15999984741211,1561710.0
2024-04-19 11:05:00+03:00,12.170000076293945,12.170000076293945,12.149999618530273,12.149999618530273,12.149999618530273,1213242.0
2024-04-19 11:10:00+03:00,12.149999618530273,12.15999984741211,12.119999885559082,12.130000114440918,12.130000114440918,2622203.0
2024-04-19 11:15:00+03:00,12.140000343322754,12.140000343322754,12.109999656677246,12.119999885559082,12.119999885559082,2553279.0
2024-04-19 11:20:00+03:00,12.119999885559082,12.149999618530273,12.109999656677246,12.149999618530273,12.149999618530273,2021533.0
2024-04-19 11:25:00+03:00,12.149999618530273,12.149999618530273,12.119999885559082,12.140000343322754,12.140000343322754,761241.0
2024-04-19 11:30:00+03:00,12.140000343322754,12.170000076293945,12.140000343322754,12.149999618530273,12.149999618530273,2395011.0
2024-04-19 11:35:00+03:00,12.149999618530273,12.149999618530273,12.130000114440918,12.130000114440918,12.130000114440918,939546.0
2024-04-19 11:40:00+03:00,12.130000114440918,12.149999618530273,12.130000114440918,12.140000343322754,12.140000343322754,1163594.0
2024-04-19 11:45:00+03:00,12.140000343322754,12.140000343322754,12.119999885559082,12.130000114440918,12.130000114440918,872988.0
2024-04-19 11:50:00+03:00,12.130000114440918,12.140000343322754,12.119999885559082,12.140000343322754,12.140000343322754,557833.0
2024-04-19 11:55:00+03:00,12.140000343322754,12.149999618530273,12.130000114440918,12.130000114440918,12.130000114440918,507384.0
2024-04-19 12:00:00+03:00,12.140000343322754,12.149999618530273,12.130000114440918,12.140000343322754,12.140000343322754,649743.0
2024-04-19 12:05:00+03:00,12.140000343322754,12.140000343322754,12.109999656677246,12.119999885559082,12.119999885559082,1870655.0
2024-04-19 12:10:00+03:00,12.119999885559082,12.140000343322754,12.109999656677246,12.140000343322754,12.140000343322754,918759.0
2024-04-19 12:15:00+03:00,12.140000343322754,12.140000343322754,12.130000114440918,12.140000343322754,12.140000343322754,560350.0
2024-04-19 12:20:00+03:00,12.130000114440918,12.149999618530273,12.119999885559082,12.130000114440918,12.130000114440918,745322.0
2024-04-19 12:25:00+03:00,12.140000343322754,12.149999618530273,12.130000114440918,12.149999618530273,12.149999618530273,315942.0
2024-04-19 12:30:00+03:00,12.149999618530273,12.180000305175781,12.130000114440918,12.15999984741211,12.15999984741211,1940641.0
2024-04-19 12:35:00+03:00,12.170000076293945,12.180000305175781,12.149999618530273,12.15999984741211,12.15999984741211,1071977.0
2024-04-19 12:40:00+03:00,12.170000076293945,12.170000076293945,12.130000114440918,12.140000343322754,12.140000343322754,909293.0
2024-04-19 12:45:00+03:00,12.140000343322754,12.149999618530273,12.119999885559082,12.140000343322754,12.140000343322754,1456532.0
2024-04-19 12:50:00+03:00,12.140000343322754,12.149999618530273,12.119999885559082,12.130000114440918,12.130000114440918,1363782.0
2024-04-19 12:55:00+03:00,12.130000114440918,12.140000343322754,12.119999885559082,12.140000343322754,12.140000343322754,344038.0
2024-04-19 13:00:00+03:00,12.130000114440918,12.140000343322754,12.119999885559082,12.140000343322754,12.140000343322754,252243.0
2024-04-19 13:05:00+03:00,12.140000343322754,12.149999618530273,12.130000114440918,12.149999618530273,12.149999618530273,364595.0
2024-04-19 13:10:00+03:00,12.149999618530273,12.180000305175781,12.140000343322754,12.15999984741211,12.15999984741211,1667621.0
2024-04-19 13:15:00+03:00,12.15999984741211,12.15999984741211,12.140000343322754,12.149999618530273,12.149999618530273,680685.0
2024-04-19 13:20:00+03:00,12.140000343322754,12.149999618530273,12.130000114440918,12.149999618530273,12.149999618530273,510314.0
2024-04-19 13:25:00+03:00,12.140000343322754,12.149999618530273,12.130000114440918,12.149999618530273,12.149999618530273,668185.0
2024-04-19 13:30:00+03:00,12.140000343322754,12.170000076293945,12.130000114440918,12.170000076293945,12.170000076293945,1722969.0
2024-04-19 13:35:00+03:00,12.15999984741211,12.170000076293945,12.149999618530273,12.170000076293945,12.170000076293945,277773.0
2024-04-19 13:40:00+03:00,12.170000076293945,12.170000076293945,12.149999618530273,12.170000076293945,12.170000076293945,1434975.0
2024-04-19 13:45:00+03:00,12.170000076293945,12.170000076293945,12.149999618530273,12.170000076293945,12.170000076293945,681487.0
2024-04-19 13:50:00+03:00,12.15999984741211,12.170000076293945,12.149999618530273,12.15999984741211,12.15999984741211,1178816.0
2024-04-19 13:55:00+03:00,12.15999984741211,12.180000305175781,12.15999984741211,12.170000076293945,12.170000076293945,838609.0
2024-04-19 14:00:00+03:00,12.170000076293945,12.170000076293945,12.140000343322754,12.15999984741211,12.15999984741211,903922.0
2024-04-19 14:05:00+03:00,12.149999618530273,12.15999984741211,12.140000343322754,12.149999618530273,12.149999618530273,425925.0
2024-04-19 14:10:00+03:00,12.149999618530273,12.15999984741211,12.140000343322754,12.149999618530273,12.149999618530273,394936.0
2024-04-19 14:15:00+03:00,12.140000343322754,12.15999984741211,12.140000343322754,12.149999618530273,12.149999618530273,546534.0
2024-04-19 14:20:00+03:00,12.149999618530273,12.149999618530273,12.140000343322754,12.149999618530273,12.149999618530273,245519.0
2024-04-19 14:25:00+03:00,12.140000343322754,12.149999618530273,12.140000343322754,12.140000343322754,12.140000343322754,882548.0
2024-04-19 14:30:00+03:00,12.140000343322754,12.149999618530273,12.130000114440918,12.140000343322754,12.140000343322754,792883.0
2024-04-19 14:35:00+03:00,12.140000343322754,12.15999984741211,12.119999885559082,12.149999618530273,12.149999618530273,1478473.0
2024-04-19 14:40:00+03:00,12.149999618530273,12.170000076293945,12.140000343322754,12.170000076293945,12.170000076293945,1320775.0
2024-04-19 14:45:00+03:00,12.15999984741211,12.199999809265137,12.15999984741211,12.199999809265137,12.199999809265137,3649731.0
2024-04-19 14:50:00+03:00,12.199999809265137,12.220000267028809,12.1899995803833,12.1899995803833,12.1899995803833,4818760.0
2024-04-19 14:55:00+03:00,12.199999809265137,12.210000038146973,12.180000305175781,12.1899995803833,12.1899995803833,1644004.0
2024-04-19 15:00:00+03:00,12.1899995803833,12.220000267028809,12.170000076293945,12.180000305175781,12.180000305175781,3477133.0
2024-04-19 15:05:00+03:00,12.180000305175781,12.199999809265137,12.170000076293945,12.1899995803833,12.1899995803833,2472416.0
2024-04-19 15:10:00+03:00,12.199999809265137,12.220000267028809,12.180000305175781,12.210000038146973,12.210000038146973,6024807.0
2024-04-19 15:15:00+03:00,12.210000038146973,12.329999923706055,12.210000038146973,12.3100004196167,12.3100004196167,19004910.0
2024-04-19 15:20:00+03:00,12.3100004196167,12.319999694824219,12.279999732971191,12.3100004196167,12.3100004196167,7119401.0
2024-04-19 15:25:00+03:00,12.3100004196167,12.390000343322754,12.3100004196167,12.380000114440918,12.380000114440918,9142050.0
2024-04-19 15:30:00+03:00,12.390000343322754,12.420000076293945,12.380000114440918,12.40999984741211,12.40999984741211,11097250.0
2024-04-19 15:35:00+03:00,12.40999984741211,12.449999809265137,12.390000343322754,12.430000305175781,12.430000305175781,9260071.0
2024-04-19 15:40:00+03:00,12.430000305175781,12.539999961853027,12.430000305175781,12.460000038146973,12.460000038146973,21396011.0
2024-04-19 15:45:00+03:00,12.460000038146973,12.479999542236328,12.430000305175781,12.4399995803833,12.4399995803833,6064843.0
2024-04-19 15:50:00+03:00,12.4399995803833,12.510000228881836,12.430000305175781,12.489999771118164,12.489999771118164,6980291.0
2024-04-19 15:55:00+03:00,12.5,12.510000228881836,12.4399995803833,12.479999542236328,12.479999542236328,6629688.0
2024-04-19 16:00:00+03:00,12.479999542236328,12.5,12.4399995803833,12.489999771118164,12.489999771118164,12134562.0
2024-04-19 16:05:00+03:00,12.479999542236328,12.670000076293945,12.479999542236328,12.630000114440918,12.630000114440918,38158526.0
2024-04-19 16:10:00+03:00,12.630000114440918,12.850000381469727,12.630000114440918,12.84000015258789,12.84000015258789,29295586.0
2024-04-19 16:15:00+03:00,12.84000015258789,12.859999656677246,12.75,12.819999694824219,12.819999694824219,20303110.0
2024-04-19 16:20:00+03:00,12.829999923706055,12.869999885559082,12.779999732971191,12.8100004196167,12.8100004196167,12829065.0
2024-04-19 16:25:00+03:00,12.800000190734863,12.880000114440918,12.789999961853027,12.859999656677246,12.859999656677246,26283675.0
2024-04-19 16:30:00+03:00,12.859999656677246,12.930000305175781,12.84000015258789,12.899999618530273,12.899999618530273,16799489.0
2024-04-19 16:35:00+03:00,12.899999618530273,12.930000305175781,12.890000343322754,12.920000076293945,12.920000076293945,12520254.0
2024-04-19 16:40:00+03:00,12.930000305175781,12.930000305175781,12.829999923706055,12.859999656677246,12.859999656677246,10484135.0
2024-04-19 16:45:00+03:00,12.859999656677246,12.920000076293945,12.850000381469727,12.90999984741211,12.90999984741211,7917114.0
2024-04-19 16:50:00+03:00,12.899999618530273,12.920000076293945,12.880000114440918,12.899999618530273,12.899999618530273,2673634.0
2024-04-19 16:55:00+03:00,12.890000343322754,12.920000076293945,12.880000114440918,12.920000076293945,12.920000076293945,3781667.0
2024-04-19 17:00:00+03:00,12.90999984741211,12.920000076293945,12.8100004196167,12.8100004196167,12.8100004196167,6633602.0
2024-04-19 17:05:00+03:00,12.819999694824219,12.829999923706055,12.789999961853027,12.800000190734863,12.800000190734863,6624463.0
2024-04-19 17:10:00+03:00,12.800000190734863,12.869999885559082,12.779999732971191,12.850000381469727,12.850000381469727,5828899.0
2024-04-19 17:15:00+03:00,12.850000381469727,12.880000114440918,12.829999923706055,12.869999885559082,12.869999885559082,3637556.0
2024-04-19 17:20:00+03:00,12.880000114440918,12.890000343322754,12.859999656677246,12.869999885559082,12.869999885559082,5413317.0
2024-04-19 17:25:00+03:00,12.859999656677246,12.880000114440918,12.84000015258789,12.850000381469727,12.850000381469727,3069236.0
2024-04-19 17:30:00+03:00,12.850000381469727,12.869999885559082,12.770000457763672,12.829999923706055,12.829999923706055,7932617.0
2024-04-19 17:35:00+03:00,12.829999923706055,12.859999656677246,12.8100004196167,12.829999923706055,12.829999923706055,2892000.0
2024-04-19 17:40:00+03:00,12.829999923706055,12.850000381469727,12.819999694824219,12.84000015258789,12.84000015258789,3074768.0
2024-04-19 17:45:00+03:00,12.84000015258789,12.850000381469727,12.8100004196167,12.829999923706055,12.829999923706055,3275862.0
2024-04-19 17:50:00+03:00,12.819999694824219,12.850000381469727,12.8100004196167,12.829999923706055,12.829999923706055,6767441.0
2024-04-19 17:55:00+03:00,12.84000015258789,12.880000114440918,12.819999694824219,12.829999923706055,12.829999923706055,13271101.0
2024-04-22 09:55:00+03:00,13.029999732971191,13.029999732971191,13.029999732971191,13.029999732971191,13.029999732971191,0.0
2024-04-22 10:00:00+03:00,13.029999732971191,13.0600004196167,12.890000343322754,12.90999984741211,12.90999984741211,29743391.0
2024-04-22 10:05:00+03:00,12.90999984741211,12.920000076293945,12.850000381469727,12.859999656677246,12.859999656677246,9962375.0
2024-04-22 10:10:00+03:00,12.869999885559082,12.890000343322754,12.819999694824219,12.869999885559082,12.869999885559082,10371760.0
2024-04-22 10:15:00+03:00,12.869999885559082,12.890000343322754,12.850000381469727,12.859999656677246,12.859999656677246,5884604.0
2024-04-22 10:20:00+03:00,12.859999656677246,12.890000343322754,12.829999923706055,12.880000114440918,12.880000114440918,7203595.0
2024-04-22 10:25:00+03:00,12.880000114440918,12.890000343322754,12.859999656677246,12.869999885559082,12.869999885559082,3006786.0
2024-04-22 10:30:00+03:00,12.869999885559082,12.880000114440918,12.829999923706055,12.850000381469727,12.850000381469727,2846454.0
2024-04-22 10:35:00+03:00,12.850000381469727,12.90999984741211,12.84000015258789,12.890000343322754,12.890000343322754,6008054.0
2024-04-22 10:40:00+03:00,12.899999618530273,12.899999618530273,12.850000381469727,12.859999656677246,12.859999656677246,2635617.0
2024-04-22 10:45:00+03:00,12.859999656677246,12.880000114440918,12.850000381469727,12.850000381469727,12.850000381469727,1683515.0
2024-04-22 10:50:00+03:00,12.859999656677246,12.869999885559082,12.84000015258789,12.859999656677246,12.859999656677246,1032216.0
2024-04-22 10:55:00+03:00,12.869999885559082,12.869999885559082,12.850000381469727,12.859999656677246,12.859999656677246,1457875.0
2024-04-22 11:00:00+03:00,12.850000381469727,12.859999656677246,12.819999694824219,12.84000015258789,12.84000015258789,4051443.0
2024-04-22 11:05:00+03:00,12.84000015258789,12.850000381469727,12.829999923706055,12.829999923706055,12.829999923706055,1047031.0
2024-04-22 11:10:00+03:00,12.84000015258789,12.859999656677246,12.829999923706055,12.850000381469727,12.850000381469727,1751702.0
2024-04-22 11:15:00+03:00,12.850000381469727,12.890000343322754,12.84000015258789,12.869999885559082,12.869999885559082,2993171.0
2024-04-22 11:20:00+03:00,12.869999885559082,12.90999984741211,12.859999656677246,12.890000343322754,12.890000343322754,3196602.0
2024-04-22 11:25:00+03:00,12.890000343322754,12.890000343322754,12.850000381469727,12.859999656677246,12.859999656677246,1160199.0
2024-04-22 11:30:00+03:00,12.859999656677246,12.9399995803833,12.850000381469727,12.920000076293945,12.920000076293945,5867734.0
2024-04-22 11:35:00+03:00,12.920000076293945,12.960000038146973,12.890000343322754,12.9399995803833,12.9399995803833,8923809.0
2024-04-22 11:40:00+03:00,12.930000305175781,12.970000267028809,12.930000305175781,12.9399995803833,12.9399995803833,6430094.0
2024-04-22 11:45:00+03:00,12.9399995803833,12.9399995803833,12.90999984741211,12.920000076293945,12.920000076293945,2852111.0
2024-04-22 11:50:00+03:00,12.920000076293945,12.930000305175781,12.899999618530273,12.930000305175781,12.930000305175781,2255278.0
2024-04-22 11:55:00+03:00,12.930000305175781,12.930000305175781,12.90999984741211,12.930000305175781,12.930000305175781,974358.0
2024-04-22 12:00:00+03:00,12.920000076293945,12.930000305175781,12.899999618530273,12.920000076293945,12.920000076293945,1894755.0
2024-04-22 12:05:00+03:00,12.920000076293945,12.920000076293945,12.869999885559082,12.880000114440918,12.880000114440918,1841991.0
2024-04-22 12:10:00+03:00,12.869999885559082,12.890000343322754,12.869999885559082,12.890000343322754,12.890000343322754,986115.0
2024-04-22 12:15:00+03:00,12.890000343322754,12.899999618530273,12.880000114440918,12.890000343322754,12.890000343322754,1047044.0
2024-04-22 12:20:00+03:00,12.880000114440918,12.899999618530273,12.880000114440918,12.899999618530273,12.899999618530273,582229.0
2024-04-22 12:25:00+03:00,12.899999618530273,12.899999618530273,12.880000114440918,12.880000114440918,12.880000114440918,1034443.0
2024-04-22 12:30:00+03:00,12.890000343322754,12.899999618530273,12.869999885559082,12.899999618530273,12.899999618530273,732494.0
2024-04-22 12:35:00+03:00,12.890000343322754,12.899999618530273,12.869999885559082,12.880000114440918,12.880000114440918,1757506.0
2024-04-22 12:40:00+03:00,12.869999885559082,12.880000114440918,12.850000381469727,12.859999656677246,12.859999656677246,2746745.0
2024-04-22 12:45:00+03:00,12.850000381469727,12.869999885559082,12.84000015258789,12.859999656677246,12.859999656677246,1478137.0
2024-04-22 12:50:00+03:00,12.859999656677246,12.859999656677246,12.84000015258789,12.859999656677246,12.859999656677246,811940.0
2024-04-22 12:55:00+03:00,12.850000381469727,12.859999656677246,12.84000015258789,12.84000015258789,12.84000015258789,904350.0
2024-04-22 13:00:00+03:00,12.84000015258789,12.850000381469727,12.819999694824219,12.84000015258789,12.84000015258789,2011360.0
2024-04-22 13:05:00+03:00,12.829999923706055,12.869999885559082,12.819999694824219,12.859999656677246,12.859999656677246,2367379.0
2024-04-22 13:10:00+03:00,12.859999656677246,12.880000114440918,12.850000381469727,12.859999656677246,12.859999656677246,1464652.0
2024-04-22 13:15:00+03:00,12.859999656677246,12.859999656677246,12.84000015258789,12.850000381469727,12.850000381469727,1093204.0
2024-04-22 13:20:00+03:00,12.859999656677246,12.859999656677246,12.84000015258789,12.850000381469727,12.850000381469727,749564.0
2024-04-22 13:25:00+03:00,12.850000381469727,12.869999885559082,12.84000015258789,12.850000381469727,12.850000381469727,1298677.0
2024-04-22 13:30:00+03:00,12.850000381469727,12.859999656677246,12.84000015258789,12.84000015258789,12.84000015258789,652526.0
2024-04-22 13:35:00+03:00,12.850000381469727,12.850000381469727,12.829999923706055,12.84000015258789,12.84000015258789,1296632.0
2024-04-22 13:40:00+03:00,12.84000015258789,12.880000114440918,12.84000015258789,12.859999656677246,12.859999656677246,1859587.0
2024-04-22 13:45:00+03:00,12.859999656677246,12.869999885559082,12.84000015258789,12.850000381469727,12.850000381469727,1410846.0
2024-04-22 13:50:00+03:00,12.850000381469727,12.859999656677246,12.84000015258789,12.850000381469727,12.850000381469727,605546.0
2024-04-22 13:55:00+03:00,12.850000381469727,12.850000381469727,12.84000015258789,12.84000015258789,12.84000015258789,290726.0
2024-04-22 14:00:00+03:00,12.84000015258789,12.850000381469727,12.819999694824219,12.829999923706055,12.829999923706055,1176690.0
2024-04-22 14:05:00+03:00,12.829999923706055,12.84000015258789,12.8100004196167,12.819999694824219,12.819999694824219,3188738.0
2024-04-22 14:10:00+03:00,12.829999923706055,12.829999923706055,12.800000190734863,12.800000190734863,12.800000190734863,1584207.0
2024-04-22 14:15:00+03:00,12.8100004196167,12.829999923706055,12.8100004196167,12.819999694824219,12.819999694824219,1172133.0
2024-04-22 14:20:00+03:00,12.829999923706055,12.829999923706055,12.8100004196167,12.829999923706055,12.829999923706055,1060677.0
2024-04-22 14:25:00+03:00,12.829999923706055,12.829999923706055,12.8100004196167,12.8100004196167,12.8100004196167,1563076.0
2024-04-22 14:30:00+03:00,12.819999694824219,12.819999694824219,12.800000190734863,12.8100004196167,12.8100004196167,1496865.0
2024-04-22 14:35:00+03:00,12.800000190734863,12.8100004196167,12.770000457763672,12.770000457763672,12.770000457763672,1807387.0
2024-04-22 14:40:00+03:00,12.770000457763672,12.779999732971191,12.720000267028809,12.739999771118164,12.739999771118164,5041785.0
2024-04-22 14:45:00+03:00,12.739999771118164,12.760000228881836,12.729999542236328,12.760000228881836,12.760000228881836,3933649.0
2024-04-22 14:50:00+03:00,12.760000228881836,12.779999732971191,12.699999809265137,12.720000267028809,12.720000267028809,3567383.0
2024-04-22 14:55:00+03:00,12.710000038146973,12.75,12.710000038146973,12.739999771118164,12.739999771118164,1654944.0
2024-04-22 15:00:00+03:00,12.739999771118164,12.739999771118164,12.6899995803833,12.710000038146973,12.710000038146973,3360965.0
2024-04-22 15:05:00+03:00,12.710000038146973,12.760000228881836,12.699999809265137,12.760000228881836,12.760000228881836,3985557.0
2024-04-22 15:10:00+03:00,12.75,12.760000228881836,12.739999771118164,12.75,12.75,900289.0
2024-04-22 15:15:00+03:00,12.75,12.75,12.720000267028809,12.729999542236328,12.729999542236328,1543178.0
2024-04-22 15:20:00+03:00,12.729999542236328,12.770000457763672,12.729999542236328,12.770000457763672,12.770000457763672,1994840.0
2024-04-22 15:25:00+03:00,12.770000457763672,12.770000457763672,12.739999771118164,12.739999771118164,12.739999771118164,1843094.0
2024-04-22 15:30:00+03:00,12.739999771118164,12.75,12.710000038146973,12.739999771118164,12.739999771118164,1284754.0
2024-04-22 15:35:00+03:00,12.729999542236328,12.760000228881836,12.729999542236328,12.75,12.75,1267968.0
2024-04-22 15:40:00+03:00,12.75,12.75,12.729999542236328,12.729999542236328,12.729999542236328,1639595.0
2024-04-22 15:45:00+03:00,12.729999542236328,12.739999771118164,12.710000038146973,12.720000267028809,12.720000267028809,1055759.0
2024-04-22 15:50:00+03:00,12.729999542236328,12.75,12.710000038146973,12.75,12.75,2079338.0
2024-04-22 15:55:00+03:00,12.739999771118164,12.739999771118164,12.710000038146973,12.729999542236328,12.729999542236328,1453915.0
2024-04-22 16:00:00+03:00,12.729999542236328,12.75,12.720000267028809,12.739999771118164,12.739999771118164,948145.0
2024-04-22 16:05:00+03:00,12.739999771118164,12.739999771118164,12.720000267028809,12.739999771118164,12.739999771118164,606964.0
2024-04-22 16:10:00+03:00,12.739999771118164,12.739999771118164,12.670000076293945,12.6899995803833,12.6899995803833,5850211.0
2024-04-22 16:15:00+03:00,12.6899995803833,12.6899995803833,12.649999618530273,12.670000076293945,12.670000076293945,3339353.0
2024-04-22 16:20:00+03:00,12.670000076293945,12.680000305175781,12.649999618530273,12.670000076293945,12.670000076293945,1897991.0
2024-04-22 16:25:00+03:00,12.670000076293945,12.680000305175781,12.649999618530273,12.65999984741211,12.65999984741211,2235342.0
2024-04-22 16:30:00+03:00,12.65999984741211,12.680000305175781,12.640000343322754,12.670000076293945,12.670000076293945,1867427.0
2024-04-22 16:35:00+03:00,12.670000076293945,12.670000076293945,12.619999885559082,12.619999885559082,12.619999885559082,2415942.0
2024-04-22 16:40:00+03:00,12.630000114440918,12.630000114440918,12.550000190734863,12.569999694824219,12.569999694824219,6745079.0
2024-04-22 16:45:00+03:00,12.5600004196167,12.59000015258789,12.539999961853027,12.550000190734863,12.550000190734863,6298351.0
2024-04-22 16:50:00+03:00,12.539999961853027,12.579999923706055,12.529999732971191,12.539999961853027,12.539999961853027,3823914.0
2024-04-22 16:55:00+03:00,12.539999961853027,12.579999923706055,12.529999732971191,12.5600004196167,12.5600004196167,2987321.0
2024-04-22 17:00:00+03:00,12.550000190734863,12.550000190734863,12.510000228881836,12.529999732971191,12.529999732971191,4191404.0
2024-04-22 17:05:00+03:00,12.529999732971191,12.529999732971191,12.380000114440918,12.380000114440918,12.380000114440918,10570298.0
2024-04-22 17:25:00+03:00,12.460000038146973,12.520000457763672,12.430000305175781,12.470000267028809,12.470000267028809,16499459.0
2024-04-22 17:30:00+03:00,12.470000267028809,12.520000457763672,12.449999809265137,12.479999542236328,12.479999542236328,5726392.0
2024-04-22 17:35:00+03:00,12.489999771118164,12.520000457763672,12.470000267028809,12.5,12.5,5652606.0
2024-04-22 17:40:00+03:00,12.5,12.569999694824219,12.5,12.550000190734863,12.550000190734863,5041952.0
2024-04-22 17:45:00+03:00,12.539999961853027,12.550000190734863,12.510000228881836,12.520000457763672,12.520000457763672,4603824.0
2024-04-22 17:50:00+03:00,12.520000457763672,12.550000190734863,12.510000228881836,12.529999732971191,12.529999732971191,8102808.0
2024-04-22 17:55:00+03:00,12.529999732971191,12.609999656677246,12.520000457763672,12.529999732971191,12.529999732971191,8877791.0
2024-04-24 09:55:00+03:00,12.65999984741211,12.65999984741211,12.65999984741211,12.65999984741211,12.65999984741211,0.0
2024-04-24 10:00:00+03:00,12.670000076293945,12.739999771118164,12.649999618530273,12.710000038146973,12.710000038146973,21078644.0
2024-04-24 10:05:00+03:00,12.699999809265137,12.729999542236328,12.680000305175781,12.699999809265137,12.699999809265137,8407264.0
2024-04-24 10:10:00+03:00,12.699999809265137,12.729999542236328,12.670000076293945,12.699999809265137,12.699999809265137,4995998.0
2024-04-24 10:15:00+03:00,12.6899995803833,12.720000267028809,12.670000076293945,12.680000305175781,12.680000305175781,4159065.0
2024-04-24 10:20:00+03:00,12.680000305175781,12.680000305175781,12.649999618530273,12.670000076293945,12.670000076293945,3625117.0
2024-04-24 10:25:00+03:00,12.65999984741211,12.680000305175781,12.640000343322754,12.680000305175781,12.680000305175781,2040256.0
2024-04-24 10:30:00+03:00,12.680000305175781,12.789999961853027,12.670000076293945,12.770000457763672,12.770000457763672,11060862.0
2024-04-24 10:35:00+03:00,12.770000457763672,12.779999732971191,12.75,12.770000457763672,12.770000457763672,7043912.0
2024-04-24 10:40:00+03:00,12.770000457763672,12.770000457763672,12.6899995803833,12.710000038146973,12.710000038146973,7423804.0
2024-04-24 10:45:00+03:00,12.710000038146973,12.760000228881836,12.710000038146973,12.729999542236328,12.729999542236328,4885090.0
2024-04-24 10:50:00+03:00,12.729999542236328,12.739999771118164,12.710000038146973,12.720000267028809,12.720000267028809,1641448.0
2024-04-24 10:55:00+03:00,12.729999542236328,12.739999771118164,12.710000038146973,12.729999542236328,12.729999542236328,984143.0
2024-04-24 11:00:00+03:00,12.729999542236328,12.729999542236328,12.6899995803833,12.710000038146973,12.710000038146973,1998155.0
2024-04-24 11:05:00+03:00,12.710000038146973,12.739999771118164,12.699999809265137,12.720000267028809,12.720000267028809,3287399.0
2024-04-24 11:10:00+03:00,12.729999542236328,12.729999542236328,12.710000038146973,12.720000267028809,12.720000267028809,1190957.0
2024-04-24 11:15:00+03:00,12.720000267028809,12.720000267028809,12.699999809265137,12.699999809265137,12.699999809265137,2197102.0
2024-04-24 11:20:00+03:00,12.699999809265137,12.710000038146973,12.680000305175781,12.699999809265137,12.699999809265137,1282773.0
2024-04-24 11:25:00+03:00,12.6899995803833,12.75,12.6899995803833,12.729999542236328,12.729999542236328,3098153.0
2024-04-24 11:30:00+03:00,12.729999542236328,12.729999542236328,12.699999809265137,12.699999809265137,12.699999809265137,1589603.0
2024-04-24 11:35:00+03:00,12.710000038146973,12.770000457763672,12.699999809265137,12.760000228881836,12.760000228881836,7423904.0
2024-04-24 11:40:00+03:00,12.760000228881836,12.819999694824219,12.75,12.800000190734863,12.800000190734863,14079188.0
2024-04-24 11:45:00+03:00,12.789999961853027,12.819999694824219,12.789999961853027,12.819999694824219,12.819999694824219,5578446.0
2024-04-24 11:50:00+03:00,12.819999694824219,12.859999656677246,12.8100004196167,12.84000015258789,12.84000015258789,14172522.0
2024-04-24 11:55:00+03:00,12.84000015258789,12.84000015258789,12.800000190734863,12.8100004196167,12.8100004196167,4403502.0
2024-04-24 12:00:00+03:00,12.8100004196167,12.859999656677246,12.800000190734863,12.850000381469727,12.850000381469727,4696109.0
2024-04-24 12:05:00+03:00,12.850000381469727,12.880000114440918,12.850000381469727,12.869999885559082,12.869999885559082,12500080.0
2024-04-24 12:10:00+03:00,12.880000114440918,12.880000114440918,12.850000381469727,12.869999885559082,12.869999885559082,5154888.0
2024-04-24 12:15:00+03:00,12.869999885559082,12.899999618530273,12.869999885559082,12.890000343322754,12.890000343322754,9890153.0
2024-04-24 12:20:00+03:00,12.890000343322754,12.90999984741211,12.880000114440918,12.90999984741211,12.90999984741211,7649284.0
2024-04-24 12:25:00+03:00,12.90999984741211,12.9399995803833,12.890000343322754,12.930000305175781,12.930000305175781,8464358.0
2024-04-24 12:30:00+03:00,12.930000305175781,12.930000305175781,12.880000114440918,12.890000343322754,12.890000343322754,4200694.0
2024-04-24 12:35:00+03:00,12.890000343322754,12.90999984741211,12.869999885559082,12.890000343322754,12.890000343322754,3137123.0
2024-04-24 12:40:00+03:00,12.880000114440918,12.899999618530273,12.869999885559082,12.890000343322754,12.890000343322754,2126437.0
2024-04-24 12:45:00+03:00,12.890000343322754,12.890000343322754,12.869999885559082,12.880000114440918,12.880000114440918,1411261.0
2024-04-24 12:50:00+03:00,12.890000343322754,12.899999618530273,12.880000114440918,12.890000343322754,12.890000343322754,2977509.0
2024-04-24 12:55:00+03:00,12.890000343322754,12.899999618530273,12.880000114440918,12.890000343322754,12.890000343322754,840871.0
2024-04-24 13:00:00+03:00,12.890000343322754,12.890000343322754,12.869999885559082,12.880000114440918,12.880000114440918,1036368.0
2024-04-24 13:05:00+03:00,12.869999885559082,12.880000114440918,12.850000381469727,12.869999885559082,12.869999885559082,2566752.0
2024-04-24 13:10:00+03:00,12.880000114440918,12.890000343322754,12.859999656677246,12.890000343322754,12.890000343322754,1120811.0
2024-04-24 13:15:00+03:00,12.880000114440918,12.890000343322754,12.880000114440918,12.880000114440918,12.880000114440918,710155.0
2024-04-24 13:20:00+03:00,12.890000343322754,12.90999984741211,12.880000114440918,12.899999618530273,12.899999618530273,1980489.0
2024-04-24 13:25:00+03:00,12.899999618530273,12.899999618530273,12.880000114440918,12.890000343322754,12.890000343322754,817654.0
2024-04-24 13:30:00+03:00,12.880000114440918,12.890000343322754,12.850000381469727,12.880000114440918,12.880000114440918,2940918.0
2024-04-24 13:35:00+03:00,12.880000114440918,12.880000114440918,12.859999656677246,12.880000114440918,12.880000114440918,694224.0
2024-04-24 13:40:00+03:00,12.869999885559082,12.880000114440918,12.869999885559082,12.880000114440918,12.880000114440918,716226.0
2024-04-24 13:45:00+03:00,12.880000114440918,12.880000114440918,12.859999656677246,12.880000114440918,12.880000114440918,1061652.0
2024-04-24 13:50:00+03:00,12.880000114440918,12.890000343322754,12.869999885559082,12.890000343322754,12.890000343322754,1511378.0
2024-04-24 13:55:00+03:00,12.890000343322754,12.899999618530273,12.880000114440918,12.899999618530273,12.899999618530273,1725500.0
2024-04-24 14:00:00+03:00,12.890000343322754,12.899999618530273,12.880000114440918,12.890000343322754,12.890000343322754,1253348.0
2024-04-24 14:05:00+03:00,12.899999618530273,12.920000076293945,12.880000114440918,12.890000343322754,12.890000343322754,2867365.0
2024-04-24 14:10:00+03:00,12.880000114440918,12.890000343322754,12.859999656677246,12.869999885559082,12.869999885559082,1068233.0
2024-04-24 14:15:00+03:00,12.880000114440918,12.880000114440918,12.850000381469727,12.850000381469727,12.850000381469727,2198747.0
2024-04-24 14:20:00+03:00,12.859999656677246,12.90999984741211,12.850000381469727,12.890000343322754,12.890000343322754,3673194.0
2024-04-24 14:25:00+03:00,12.899999618530273,12.899999618530273,12.869999885559082,12.880000114440918,12.880000114440918,1413482.0
2024-04-24 14:30:00+03:00,12.869999885559082,12.880000114440918,12.859999656677246,12.869999885559082,12.869999885559082,792781.0
2024-04-24 14:35:00+03:00,12.880000114440918,12.890000343322754,12.869999885559082,12.890000343322754,12.890000343322754,2251471.0
2024-04-24 14:40:00+03:00,12.880000114440918,12.920000076293945,12.859999656677246,12.90999984741211,12.90999984741211,10196024.0
2024-04-24 14:45:00+03:00,12.899999618530273,12.90999984741211,12.880000114440918,12.880000114440918,12.880000114440918,3238764.0
2024-04-24 14:50:00+03:00,12.890000343322754,12.890000343322754,12.850000381469727,12.859999656677246,12.859999656677246,3291516.0
2024-04-24 14:55:00+03:00,12.859999656677246,12.869999885559082,12.819999694824219,12.829999923706055,12.829999923706055,3844588.0
2024-04-24 15:00:00+03:00,12.829999923706055,12.850000381469727,12.819999694824219,12.850000381469727,12.850000381469727,2083672.0
2024-04-24 15:05:00+03:00,12.84000015258789,12.850000381469727,12.829999923706055,12.84000015258789,12.84000015258789,1072668.0
2024-04-24 15:10:00+03:00,12.829999923706055,12.84000015258789,12.819999694824219,12.84000015258789,12.84000015258789,730290.0
2024-04-24 15:15:00+03:00,12.84000015258789,12.84000015258789,12.819999694824219,12.84000015258789,12.84000015258789,1492687.0
2024-04-24 15:20:00+03:00,12.84000015258789,12.84000015258789,12.829999923706055,12.84000015258789,12.84000015258789,394841.0
2024-04-24 15:25:00+03:00,12.84000015258789,12.850000381469727,12.8100004196167,12.819999694824219,12.819999694824219,2205427.0
2024-04-24 15:30:00+03:00,12.819999694824219,12.869999885559082,12.8100004196167,12.869999885559082,12.869999885559082,3032208.0
2024-04-24 15:35:00+03:00,12.859999656677246,12.869999885559082,12.84000015258789,12.850000381469727,12.850000381469727,1384320.0
2024-04-24 15:40:00+03:00,12.84000015258789,12.890000343322754,12.829999923706055,12.890000343322754,12.890000343322754,3082328.0
2024-04-24 15:45:00+03:00,12.890000343322754,12.90999984741211,12.869999885559082,12.899999618530273,12.899999618530273,4478377.0
2024-04-24 15:50:00+03:00,12.899999618530273,12.960000038146973,12.890000343322754,12.949999809265137,12.949999809265137,16812466.0
2024-04-24 15:55:00+03:00,12.9399995803833,12.979999542236328,12.930000305175781,12.960000038146973,12.960000038146973,11494715.0
2024-04-24 16:00:00+03:00,12.960000038146973,12.989999771118164,12.949999809265137,12.979999542236328,12.979999542236328,5568425.0
2024-04-24 16:05:00+03:00,12.979999542236328,12.989999771118164,12.970000267028809,12.979999542236328,12.979999542236328,6082347.0
2024-04-24 16:10:00+03:00,12.989999771118164,13.0,12.9399995803833,12.9399995803833,12.9399995803833,9175503.0
2024-04-24 16:15:00+03:00,12.949999809265137,12.949999809265137,12.930000305175781,12.930000305175781,12.930000305175781,6397426.0
2024-04-24 16:20:00+03:00,12.9399995803833,12.960000038146973,12.930000305175781,12.949999809265137,12.949999809265137,3274777.0
2024-04-24 16:25:00+03:00,12.9399995803833,12.960000038146973,12.930000305175781,12.949999809265137,12.949999809265137,3298887.0
2024-04-24 16:30:00+03:00,12.949999809265137,12.960000038146973,12.920000076293945,12.9399995803833,12.9399995803833,4885827.0
2024-04-24 16:35:00+03:00,12.9399995803833,12.960000038146973,12.930000305175781,12.949999809265137,12.949999809265137,2993630.0
2024-04-24 16:40:00+03:00,12.949999809265137,12.960000038146973,12.930000305175781,12.9399995803833,12.9399995803833,4298783.0
2024-04-24 16:45:00+03:00,12.930000305175781,12.949999809265137,12.920000076293945,12.9399995803833,12.9399995803833,2575523.0
2024-04-24 16:50:00+03:00,12.9399995803833,12.949999809265137,12.920000076293945,12.920000076293945,12.920000076293945,2416025.0
2024-04-24 16:55:00+03:00,12.930000305175781,12.949999809265137,12.90999984741211,12.930000305175781,12.930000305175781,3533561.0
2024-04-24 17:00:00+03:00,12.9399995803833,12.9399995803833,12.930000305175781,12.9399995803833,12.9399995803833,431661.0
2024-04-24 17:05:00+03:00,12.9399995803833,13.029999732971191,12.9399995803833,13.029999732971191,13.029999732971191,30431545.0
2024-04-24 17:10:00+03:00,13.020000457763672,13.050000190734863,12.970000267028809,12.989999771118164,12.989999771118164,15653143.0
2024-04-24 17:15:00+03:00,12.989999771118164,13.050000190734863,12.989999771118164,13.039999961853027,13.039999961853027,7492782.0
2024-04-24 17:20:00+03:00,13.039999961853027,13.069999694824219,13.029999732971191,13.029999732971191,13.029999732971191,9320997.0
2024-04-24 17:25:00+03:00,13.039999961853027,13.0600004196167,13.020000457763672,13.050000190734863,13.050000190734863,3625178.0
2024-04-24 17:30:00+03:00,13.050000190734863,13.069999694824219,13.029999732971191,13.050000190734863,13.050000190734863,4774228.0
2024-04-24 17:35:00+03:00,13.039999961853027,13.0600004196167,12.989999771118164,13.020000457763672,13.020000457763672,7668730.0
2024-04-24 17:40:00+03:00,13.010000228881836,13.020000457763672,12.9399995803833,13.010000228881836,13.010000228881836,7239515.0
2024-04-24 17:45:00+03:00,13.010000228881836,13.010000228881836,12.979999542236328,12.989999771118164,12.989999771118164,6053895.0
2024-04-24 17:50:00+03:00,12.989999771118164,13.010000228881836,12.960000038146973,12.979999542236328,12.979999542236328,7923547.0
2024-04-24 17:55:00+03:00,12.979999542236328,13.010000228881836,12.949999809265137,12.989999771118164,12.989999771118164,10409306.0
2024-04-25 09:55:00+03:00,13.010000228881836,13.010000228881836,13.010000228881836,13.010000228881836,13.010000228881836,0.0
2024-04-25 10:00:00+03:00,13.0,13.029999732971191,12.899999618530273,12.949999809265137,12.949999809265137,22392389.0
2024-04-25 10:05:00+03:00,12.949999809265137,13.0,12.930000305175781,12.949999809265137,12.949999809265137,10193923.0
2024-04-25 10:10:00+03:00,12.9399995803833,12.949999809265137,12.90999984741211,12.9399995803833,12.9399995803833,5562370.0
2024-04-25 10:15:00+03:00,12.949999809265137,12.989999771118164,12.9399995803833,12.949999809265137,12.949999809265137,4398950.0
2024-04-25 10:20:00+03:00,12.949999809265137,12.979999542236328,12.9399995803833,12.970000267028809,12.970000267028809,2750086.0
2024-04-25 10:25:00+03:00,12.970000267028809,12.989999771118164,12.960000038146973,12.989999771118164,12.989999771118164,4512560.0
2024-04-25 10:30:00+03:00,12.989999771118164,13.0,12.970000267028809,12.989999771118164,12.989999771118164,5159415.0
2024-04-25 10:35:00+03:00,12.989999771118164,13.0,12.9399995803833,12.949999809265137,12.949999809265137,4796129.0
2024-04-25 10:40:00+03:00,12.960000038146973,12.979999542236328,12.949999809265137,12.970000267028809,12.970000267028809,1192082.0
2024-04-25 10:45:00+03:00,12.970000267028809,13.0,12.970000267028809,12.989999771118164,12.989999771118164,2965574.0
2024-04-25 10:50:00+03:00,13.0,13.010000228881836,12.9399995803833,12.960000038146973,12.960000038146973,7948260.0
2024-04-25 10:55:00+03:00,12.960000038146973,12.970000267028809,12.9399995803833,12.960000038146973,12.960000038146973,2036336.0
2024-04-25 11:00:00+03:00,12.960000038146973,12.970000267028809,12.949999809265137,12.970000267028809,12.970000267028809,2261051.0
2024-04-25 11:05:00+03:00,12.970000267028809,13.010000228881836,12.960000038146973,13.010000228881836,13.010000228881836,8671536.0
2024-04-25 11:10:00+03:00,13.010000228881836,13.0600004196167,12.989999771118164,13.0,13.0,8799131.0
2024-04-25 11:15:00+03:00,13.010000228881836,13.010000228881836,12.989999771118164,13.0,13.0,1376677.0
2024-04-25 11:20:00+03:00,12.989999771118164,13.010000228881836,12.9399995803833,12.960000038146973,12.960000038146973,4915935.0
2024-04-25 11:25:00+03:00,12.960000038146973,12.960000038146973,12.9399995803833,12.949999809265137,12.949999809265137,4177411.0
2024-04-25 11:30:00+03:00,12.949999809265137,12.970000267028809,12.9399995803833,12.960000038146973,12.960000038146973,1856872.0
2024-04-25 11:35:00+03:00,12.960000038146973,12.960000038146973,12.9399995803833,12.960000038146973,12.960000038146973,893316.0
2024-04-25 11:40:00+03:00,12.960000038146973,12.960000038146973,12.930000305175781,12.949999809265137,12.949999809265137,2195486.0
2024-04-25 11:45:00+03:00,12.960000038146973,12.970000267028809,12.949999809265137,12.970000267028809,12.970000267028809,1931969.0
2024-04-25 11:50:00+03:00,12.970000267028809,13.010000228881836,12.960000038146973,13.0,13.0,3101276.0
2024-04-25 11:55:00+03:00,13.0,13.020000457763672,12.989999771118164,13.0,13.0,2541289.0
2024-04-25 12:00:00+03:00,13.0,13.029999732971191,13.0,13.010000228881836,13.010000228881836,2545286.0
2024-04-25 12:05:00+03:00,13.010000228881836,13.010000228881836,12.989999771118164,13.010000228881836,13.010000228881836,2825159.0
2024-04-25 12:10:00+03:00,13.010000228881836,13.010000228881836,12.989999771118164,13.0,13.0,1810209.0
2024-04-25 12:15:00+03:00,13.0,13.010000228881836,12.989999771118164,12.989999771118164,12.989999771118164,1108268.0
2024-04-25 12:20:00+03:00,12.989999771118164,13.0,12.979999542236328,12.989999771118164,12.989999771118164,1201520.0
2024-04-25 12:25:00+03:00,12.989999771118164,13.0,12.979999542236328,13.0,13.0,440445.0
2024-04-25 12:30:00+03:00,13.0,13.039999961853027,12.989999771118164,13.029999732971191,13.029999732971191,4346481.0
2024-04-25 12:35:00+03:00,13.029999732971191,13.039999961853027,13.010000228881836,13.029999732971191,13.029999732971191,4018509.0
2024-04-25 12:40:00+03:00,13.029999732971191,13.039999961853027,13.020000457763672,13.020000457763672,13.020000457763672,1679593.0
2024-04-25 12:45:00+03:00,13.020000457763672,13.029999732971191,13.010000228881836,13.020000457763672,13.020000457763672,1180171.0
2024-04-25 12:50:00+03:00,13.020000457763672,13.029999732971191,13.0,13.010000228881836,13.010000228881836,2754491.0
2024-04-25 12:55:00+03:00,13.010000228881836,13.020000457763672,12.989999771118164,13.010000228881836,13.010000228881836,1538932.0
2024-04-25 13:00:00+03:00,13.010000228881836,13.020000457763672,13.0,13.010000228881836,13.010000228881836,737561.0
2024-04-25 13:05:00+03:00,13.010000228881836,13.039999961853027,13.0,13.020000457763672,13.020000457763672,2635466.0
2024-04-25 13:10:00+03:00,13.029999732971191,13.050000190734863,13.020000457763672,13.029999732971191,13.029999732971191,2490447.0
2024-04-25 13:15:00+03:00,13.020000457763672,13.029999732971191,13.0,13.010000228881836,13.010000228881836,1345526.0
2024-04-25 13:20:00+03:00,13.0,13.010000228881836,12.989999771118164,13.0,13.0,1695649.0
2024-04-25 13:25:00+03:00,13.0,13.020000457763672,12.989999771118164,13.020000457763672,13.020000457763672,1175777.0
2024-04-25 13:30:00+03:00,13.010000228881836,13.039999961853027,13.0,13.029999732971191,13.029999732971191,1424182.0
2024-04-25 13:35:00+03:00,13.039999961853027,13.039999961853027,13.020000457763672,13.029999732971191,13.029999732971191,881487.0
2024-04-25 13:40:00+03:00,13.020000457763672,13.029999732971191,13.010000228881836,13.020000457763672,13.020000457763672,2364888.0
2024-04-25 13:45:00+03:00,13.020000457763672,13.050000190734863,13.020000457763672,13.029999732971191,13.029999732971191,3536065.0
2024-04-25 13:50:00+03:00,13.029999732971191,13.029999732971191,12.989999771118164,13.010000228881836,13.010000228881836,4011457.0
2024-04-25 13:55:00+03:00,13.010000228881836,13.050000190734863,13.0,13.039999961853027,13.039999961853027,4127441.0
2024-04-25 14:00:00+03:00,13.039999961853027,13.039999961853027,12.920000076293945,12.989999771118164,12.989999771118164,16321091.0
2024-04-25 14:05:00+03:00,12.989999771118164,13.010000228881836,12.970000267028809,12.979999542236328,12.979999542236328,9121141.0
2024-04-25 14:10:00+03:00,12.970000267028809,12.979999542236328,12.920000076293945,12.949999809265137,12.949999809265137,7889624.0
2024-04-25 14:15:00+03:00,12.9399995803833,12.949999809265137,12.90999984741211,12.920000076293945,12.920000076293945,3794537.0
2024-04-25 14:20:00+03:00,12.930000305175781,12.9399995803833,12.850000381469727,12.859999656677246,12.859999656677246,9614305.0
2024-04-25 14:25:00+03:00,12.850000381469727,12.869999885559082,12.819999694824219,12.829999923706055,12.829999923706055,7498464.0
2024-04-25 14:30:00+03:00,12.829999923706055,12.84000015258789,12.800000190734863,12.8100004196167,12.8100004196167,9398460.0
2024-04-25 14:35:00+03:00,12.8100004196167,12.850000381469727,12.800000190734863,12.829999923706055,12.829999923706055,3323048.0
2024-04-25 14:40:00+03:00,12.84000015258789,12.850000381469727,12.819999694824219,12.850000381469727,12.850000381469727,2373886.0
2024-04-25 14:45:00+03:00,12.850000381469727,12.850000381469727,12.829999923706055,12.84000015258789,12.84000015258789,2032214.0
2024-04-25 14:50:00+03:00,12.84000015258789,12.850000381469727,12.829999923706055,12.850000381469727,12.850000381469727,590419.0
2024-04-25 14:55:00+03:00,12.850000381469727,12.880000114440918,12.84000015258789,12.859999656677246,12.859999656677246,2154206.0
2024-04-25 15:00:00+03:00,12.859999656677246,12.880000114440918,12.850000381469727,12.859999656677246,12.859999656677246,4253560.0
2024-04-25 15:05:00+03:00,12.869999885559082,12.890000343322754,12.850000381469727,12.890000343322754,12.890000343322754,2607842.0
2024-04-25 15:10:00+03:00,12.880000114440918,12.90999984741211,12.880000114440918,12.899999618530273,12.899999618530273,2164992.0
2024-04-25 15:15:00+03:00,12.899999618530273,12.930000305175781,12.890000343322754,12.899999618530273,12.899999618530273,4013648.0
2024-04-25 15:20:00+03:00,12.899999618530273,12.90999984741211,12.819999694824219,12.829999923706055,12.829999923706055,3675746.0
2024-04-25 15:25:00+03:00,12.819999694824219,12.850000381469727,12.8100004196167,12.84000015258789,12.84000015258789,3405605.0
2024-04-25 15:30:00+03:00,12.84000015258789,12.850000381469727,12.829999923706055,12.84000015258789,12.84000015258789,1833046.0
2024-04-25 15:35:00+03:00,12.829999923706055,12.850000381469727,12.819999694824219,12.829999923706055,12.829999923706055,2113019.0
2024-04-25 15:40:00+03:00,12.819999694824219,12.84000015258789,12.800000190734863,12.8100004196167,12.8100004196167,2362600.0
2024-04-25 15:45:00+03:00,12.800000190734863,12.8100004196167,12.770000457763672,12.779999732971191,12.779999732971191,6644825.0
2024-04-25 15:50:00+03:00,12.779999732971191,12.779999732971191,12.739999771118164,12.75,12.75,5005694.0
2024-04-25 15:55:00+03:00,12.75,12.760000228881836,12.720000267028809,12.729999542236328,12.729999542236328,3626187.0
2024-04-25 16:00:00+03:00,12.739999771118164,12.75,12.720000267028809,12.739999771118164,12.739999771118164,3150316.0
2024-04-25 16:05:00+03:00,12.729999542236328,12.75,12.699999809265137,12.710000038146973,12.710000038146973,4034178.0
2024-04-25 16:10:00+03:00,12.699999809265137,12.710000038146973,12.680000305175781,12.710000038146973,12.710000038146973,5041323.0
2024-04-25 16:15:00+03:00,12.699999809265137,12.729999542236328,12.680000305175781,12.729999542236328,12.729999542236328,2724043.0
2024-04-25 16:20:00+03:00,12.720000267028809,12.760000228881836,12.710000038146973,12.75,12.75,1981917.0
2024-04-25 16:25:00+03:00,12.75,12.75,12.729999542236328,12.739999771118164,12.739999771118164,898214.0
2024-04-25 16:30:00+03:00,12.729999542236328,12.739999771118164,12.6899995803833,12.720000267028809,12.720000267028809,2693355.0
2024-04-25 16:35:00+03:00,12.729999542236328,12.739999771118164,12.6899995803833,12.710000038146973,12.710000038146973,982384.0
2024-04-25 16:40:00+03:00,12.710000038146973,12.729999542236328,12.699999809265137,12.720000267028809,12.720000267028809,653675.0
2024-04-25 16:45:00+03:00,12.720000267028809,12.720000267028809,12.670000076293945,12.680000305175781,12.680000305175781,1937780.0
2024-04-25 16:50:00+03:00,12.680000305175781,12.710000038146973,12.670000076293945,12.699999809265137,12.699999809265137,2078256.0
2024-04-25 16:55:00+03:00,12.699999809265137,12.710000038146973,12.65999984741211,12.680000305175781,12.680000305175781,1979893.0
2024-04-25 17:00:00+03:00,12.680000305175781,12.6899995803833,12.649999618530273,12.670000076293945,12.670000076293945,2092900.0
2024-04-25 17:05:00+03:00,12.65999984741211,12.699999809265137,12.649999618530273,12.6899995803833,12.6899995803833,1627724.0
2024-04-25 17:10:00+03:00,12.699999809265137,12.729999542236328,12.6899995803833,12.710000038146973,12.710000038146973,5006477.0
2024-04-25 17:15:00+03:00,12.710000038146973,12.729999542236328,12.699999809265137,12.729999542236328,12.729999542236328,1321218.0
2024-04-25 17:20:00+03:00,12.729999542236328,12.739999771118164,12.710000038146973,12.720000267028809,12.720000267028809,1094599.0
2024-04-25 17:25:00+03:00,12.720000267028809,12.739999771118164,12.6899995803833,12.729999542236328,12.729999542236328,2466803.0
2024-04-25 17:30:00+03:00,12.729999542236328,12.75,12.6899995803833,12.699999809265137,12.699999809265137,1957850.0
2024-04-25 17:35:00+03:00,12.710000038146973,12.710000038146973,12.670000076293945,12.699999809265137,12.699999809265137,1589322.0
2024-04-25 17:40:00+03:00,12.699999809265137,12.710000038146973,12.680000305175781,12.6899995803833,12.6899995803833,1649393.0
2024-04-25 17:45:00+03:00,12.699999809265137,12.729999542236328,12.6899995803833,12.710000038146973,12.710000038146973,2414405.0
2024-04-25 17:50:00+03:00,12.710000038146973,12.720000267028809,12.65999984741211,12.65999984741211,12.65999984741211,3517738.0
2024-04-25 17:55:00+03:00,12.65999984741211,12.710000038146973,12.640000343322754,12.699999809265137,12.699999809265137,8589464.0
2024-04-26 09:55:00+03:00,12.770000457763672,12.770000457763672,12.770000457763672,12.770000457763672,12.770000457763672,0.0
2024-04-26 10:00:00+03:00,12.779999732971191,12.829999923706055,12.770000457763672,12.800000190734863,12.800000190734863,13454076.0
2024-04-26 10:05:00+03:00,12.800000190734863,12.8100004196167,12.770000457763672,12.800000190734863,12.800000190734863,3517910.0
2024-04-26 10:10:00+03:00,12.8100004196167,12.8100004196167,12.770000457763672,12.789999961853027,12.789999961853027,4823752.0
2024-04-26 10:15:00+03:00,12.789999961853027,12.850000381469727,12.779999732971191,12.829999923706055,12.829999923706055,5077557.0
2024-04-26 10:20:00+03:00,12.84000015258789,12.850000381469727,12.789999961853027,12.800000190734863,12.800000190734863,5631146.0
2024-04-26 10:25:00+03:00,12.800000190734863,12.819999694824219,12.789999961853027,12.800000190734863,12.800000190734863,3238376.0
2024-04-26 10:30:00+03:00,12.800000190734863,12.84000015258789,12.789999961853027,12.8100004196167,12.8100004196167,2556429.0
2024-04-26 10:35:00+03:00,12.819999694824219,12.829999923706055,12.8100004196167,12.819999694824219,12.819999694824219,3267634.0
2024-04-26 10:40:00+03:00,12.8100004196167,12.819999694824219,12.779999732971191,12.800000190734863,12.800000190734863,1551481.0
2024-04-26 10:45:00+03:00,12.800000190734863,12.8100004196167,12.789999961853027,12.8100004196167,12.8100004196167,1116038.0
2024-04-26 10:50:00+03:00,12.8100004196167,12.829999923706055,12.800000190734863,12.819999694824219,12.819999694824219,1502092.0
2024-04-26 10:55:00+03:00,12.819999694824219,12.880000114440918,12.8100004196167,12.859999656677246,12.859999656677246,8143754.0
2024-04-26 11:00:00+03:00,12.850000381469727,12.869999885559082,12.84000015258789,12.850000381469727,12.850000381469727,2582190.0
2024-04-26 11:05:00+03:00,12.850000381469727,12.859999656677246,12.84000015258789,12.859999656677246,12.859999656677246,1210470.0
2024-04-26 11:10:00+03:00,12.850000381469727,12.859999656677246,12.84000015258789,12.84000015258789,12.84000015258789,2012429.0
2024-04-26 11:15:00+03:00,12.850000381469727,12.880000114440918,12.84000015258789,12.880000114440918,12.880000114440918,1967517.0
2024-04-26 11:20:00+03:00,12.880000114440918,12.899999618530273,12.869999885559082,12.899999618530273,12.899999618530273,6422367.0
2024-04-26 11:25:00+03:00,12.899999618530273,12.930000305175781,12.880000114440918,12.890000343322754,12.890000343322754,8353433.0
2024-04-26 11:30:00+03:00,12.890000343322754,12.90999984741211,12.880000114440918,12.899999618530273,12.899999618530273,2110167.0
2024-04-26 11:35:00+03:00,12.890000343322754,12.899999618530273,12.880000114440918,12.890000343322754,12.890000343322754,2735285.0
2024-04-26 11:40:00+03:00,12.899999618530273,12.920000076293945,12.890000343322754,12.890000343322754,12.890000343322754,3590608.0
2024-04-26 11:45:00+03:00,12.899999618530273,12.970000267028809,12.890000343322754,12.9399995803833,12.9399995803833,9475398.0
2024-04-26 11:50:00+03:00,12.949999809265137,12.970000267028809,12.9399995803833,12.949999809265137,12.949999809265137,5286823.0
2024-04-26 11:55:00+03:00,12.949999809265137,13.010000228881836,12.9399995803833,13.0,13.0,19159088.0
2024-04-26 12:00:00+03:00,13.0,13.010000228881836,12.970000267028809,12.979999542236328,12.979999542236328,5678640.0
2024-04-26 12:05:00+03:00,12.979999542236328,12.979999542236328,12.9399995803833,12.970000267028809,12.970000267028809,7010511.0
2024-04-26 12:10:00+03:00,12.960000038146973,12.970000267028809,12.9399995803833,12.949999809265137,12.949999809265137,1937593.0
2024-04-26 12:15:00+03:00,12.949999809265137,12.960000038146973,12.930000305175781,12.9399995803833,12.9399995803833,2626979.0
2024-04-26 12:20:00+03:00,12.949999809265137,12.949999809265137,12.930000305175781,12.949999809265137,12.949999809265137,2013275.0
2024-04-26 12:25:00+03:00,12.949999809265137,12.949999809265137,12.9399995803833,12.949999809265137,12.949999809265137,980447.0
2024-04-26 12:30:00+03:00,12.949999809265137,12.970000267028809,12.9399995803833,12.960000038146973,12.960000038146973,1604536.0
2024-04-26 12:35:00+03:00,12.970000267028809,12.979999542236328,12.930000305175781,12.9399995803833,12.9399995803833,3371695.0
2024-04-26 12:40:00+03:00,12.9399995803833,12.960000038146973,12.930000305175781,12.949999809265137,12.949999809265137,1441445.0
2024-04-26 12:45:00+03:00,12.949999809265137,12.949999809265137,12.9399995803833,12.949999809265137,12.949999809265137,469589.0
2024-04-26 12:50:00+03:00,12.949999809265137,12.960000038146973,12.9399995803833,12.949999809265137,12.949999809265137,358093.0
2024-04-26 12:55:00+03:00,12.949999809265137,12.949999809265137,12.920000076293945,12.920000076293945,12.920000076293945,4539838.0
2024-04-26 13:00:00+03:00,12.920000076293945,12.930000305175781,12.90999984741211,12.930000305175781,12.930000305175781,1126821.0
2024-04-26 13:05:00+03:00,12.930000305175781,12.930000305175781,12.90999984741211,12.920000076293945,12.920000076293945,479240.0
2024-04-26 13:10:00+03:00,12.920000076293945,12.920000076293945,12.899999618530273,12.90999984741211,12.90999984741211,1635530.0
2024-04-26 13:15:00+03:00,12.90999984741211,12.930000305175781,12.890000343322754,12.930000305175781,12.930000305175781,1191561.0
2024-04-26 13:20:00+03:00,12.930000305175781,12.9399995803833,12.920000076293945,12.930000305175781,12.930000305175781,740520.0
2024-04-26 13:25:00+03:00,12.930000305175781,12.930000305175781,12.899999618530273,12.899999618530273,12.899999618530273,385873.0
2024-04-26 13:30:00+03:00,12.899999618530273,12.90999984741211,12.890000343322754,12.899999618530273,12.899999618530273,1141674.0
2024-04-26 13:35:00+03:00,12.899999618530273,12.899999618530273,12.880000114440918,12.880000114440918,12.880000114440918,655492.0
2024-04-26 13:40:00+03:00,12.880000114440918,12.890000343322754,12.869999885559082,12.890000343322754,12.890000343322754,1300700.0
2024-04-26 13:45:00+03:00,12.890000343322754,12.920000076293945,12.880000114440918,12.90999984741211,12.90999984741211,1468844.0
2024-04-26 13:50:00+03:00,12.899999618530273,12.930000305175781,12.890000343322754,12.930000305175781,12.930000305175781,2284079.0
2024-04-26 13:55:00+03:00,12.930000305175781,12.960000038146973,12.920000076293945,12.949999809265137,12.949999809265137,2398415.0
2024-04-26 14:00:00+03:00,12.949999809265137,12.970000267028809,12.949999809265137,12.970000267028809,12.970000267028809,2370152.0
2024-04-26 14:05:00+03:00,12.970000267028809,12.979999542236328,12.960000038146973,12.970000267028809,12.970000267028809,1951710.0
2024-04-26 14:10:00+03:00,12.970000267028809,12.979999542236328,12.9399995803833,12.979999542236328,12.979999542236328,3789798.0
2024-04-26 14:15:00+03:00,12.989999771118164,12.989999771118164,12.979999542236328,12.979999542236328,12.979999542236328,4137950.0
2024-04-26 14:20:00+03:00,12.979999542236328,13.0,12.970000267028809,13.0,13.0,7089101.0
2024-04-26 14:25:00+03:00,13.0,13.010000228881836,12.989999771118164,13.010000228881836,13.010000228881836,8510412.0
2024-04-26 14:30:00+03:00,13.010000228881836,13.010000228881836,12.979999542236328,13.0,13.0,4280929.0
2024-04-26 14:35:00+03:00,13.0,13.029999732971191,13.0,13.010000228881836,13.010000228881836,8507210.0
2024-04-26 14:40:00+03:00,13.010000228881836,13.050000190734863,13.010000228881836,13.050000190734863,13.050000190734863,7628981.0
2024-04-26 14:45:00+03:00,13.050000190734863,13.050000190734863,13.0,13.0,13.0,2167060.0
2024-04-26 14:50:00+03:00,13.010000228881836,13.020000457763672,12.989999771118164,13.0,13.0,5651302.0
2024-04-26 14:55:00+03:00,12.989999771118164,13.020000457763672,12.989999771118164,13.0,13.0,3325781.0
2024-04-26 15:00:00+03:00,13.010000228881836,13.010000228881836,13.0,13.0,13.0,786218.0
2024-04-26 15:05:00+03:00,13.010000228881836,13.029999732971191,13.0,13.020000457763672,13.020000457763672,3251775.0
2024-04-26 15:10:00+03:00,13.010000228881836,13.020000457763672,13.0,13.010000228881836,13.010000228881836,1038783.0
2024-04-26 15:15:00+03:00,13.010000228881836,13.020000457763672,13.0,13.0,13.0,942724.0
2024-04-26 15:20:00+03:00,13.0,13.020000457763672,13.0,13.010000228881836,13.010000228881836,1855485.0
2024-04-26 15:25:00+03:00,13.010000228881836,13.020000457763672,13.0,13.010000228881836,13.010000228881836,944098.0
2024-04-26 15:30:00+03:00,13.010000228881836,13.020000457763672,13.0,13.020000457763672,13.020000457763672,1152995.0
2024-04-26 15:35:00+03:00,13.020000457763672,13.039999961853027,13.010000228881836,13.039999961853027,13.039999961853027,3185022.0
2024-04-26 15:40:00+03:00,13.039999961853027,13.130000114440918,13.029999732971191,13.109999656677246,13.109999656677246,20872064.0
2024-04-26 15:45:00+03:00,13.109999656677246,13.170000076293945,13.079999923706055,13.140000343322754,13.140000343322754,21150544.0
2024-04-26 15:50:00+03:00,13.149999618530273,13.25,13.140000343322754,13.210000038146973,13.210000038146973,20664265.0
2024-04-26 15:55:00+03:00,13.210000038146973,13.260000228881836,13.1899995803833,13.220000267028809,13.220000267028809,10027247.0
2024-04-26 16:00:00+03:00,13.220000267028809,13.25,13.210000038146973,13.229999542236328,13.229999542236328,6183263.0
2024-04-26 16:05:00+03:00,13.229999542236328,13.34000015258789,13.220000267028809,13.34000015258789,13.34000015258789,19666617.0
2024-04-26 16:10:00+03:00,13.350000381469727,13.380000114440918,13.289999961853027,13.3100004196167,13.3100004196167,18778531.0
2024-04-26 16:15:00+03:00,13.3100004196167,13.390000343322754,13.3100004196167,13.380000114440918,13.380000114440918,13052878.0
2024-04-26 16:20:00+03:00,13.380000114440918,13.40999984741211,13.350000381469727,13.390000343322754,13.390000343322754,19675716.0
2024-04-26 16:25:00+03:00,13.380000114440918,13.420000076293945,13.380000114440918,13.420000076293945,13.420000076293945,10168996.0
2024-04-26 16:30:00+03:00,13.40999984741211,13.479999542236328,13.399999618530273,13.470000267028809,13.470000267028809,12789333.0
2024-04-26 16:35:00+03:00,13.479999542236328,13.529999732971191,13.4399995803833,13.510000228881836,13.510000228881836,14807700.0
2024-04-26 16:40:00+03:00,13.510000228881836,13.520000457763672,13.460000038146973,13.479999542236328,13.479999542236328,7490385.0
2024-04-26 16:45:00+03:00,13.479999542236328,13.510000228881836,13.430000305175781,13.449999809265137,13.449999809265137,8059662.0
2024-04-26 16:50:00+03:00,13.449999809265137,13.470000267028809,13.430000305175781,13.4399995803833,13.4399995803833,4784299.0
2024-04-26 16:55:00+03:00,13.4399995803833,13.4399995803833,13.359999656677246,13.399999618530273,13.399999618530273,6999038.0
2024-04-26 17:00:00+03:00,13.399999618530273,13.40999984741211,13.369999885559082,13.380000114440918,13.380000114440918,2405349.0
2024-04-26 17:05:00+03:00,13.380000114440918,13.399999618530273,13.350000381469727,13.380000114440918,13.380000114440918,5240370.0
2024-04-26 17:10:00+03:00,13.380000114440918,13.390000343322754,13.350000381469727,13.369999885559082,13.369999885559082,3567174.0
2024-04-26 17:15:00+03:00,13.369999885559082,13.390000343322754,13.350000381469727,13.359999656677246,13.359999656677246,1850733.0
2024-04-26 17:20:00+03:00,13.359999656677246,13.390000343322754,13.350000381469727,13.369999885559082,13.369999885559082,1908968.0
2024-04-26 17:25:00+03:00,13.380000114440918,13.390000343322754,13.350000381469727,13.369999885559082,13.369999885559082,2027945.0
2024-04-26 17:30:00+03:00,13.369999885559082,13.390000343322754,13.279999732971191,13.289999961853027,13.289999961853027,8722399.0
2024-04-26 17:35:00+03:00,13.289999961853027,13.3100004196167,13.199999809265137,13.229999542236328,13.229999542236328,11982381.0
2024-04-26 17:40:00+03:00,13.229999542236328,13.239999771118164,13.210000038146973,13.229999542236328,13.229999542236328,5942957.0
2024-04-26 17:45:00+03:00,13.229999542236328,13.25,13.180000305175781,13.220000267028809,13.220000267028809,12958572.0
2024-04-26 17:50:00+03:00,13.220000267028809,13.3100004196167,13.210000038146973,13.279999732971191,13.279999732971191,7335601.0
2024-04-26 17:55:00+03:00,13.279999732971191,13.300000190734863,13.220000267028809,13.25,13.25,11265896.0
2024-04-29 09:55:00+03:00,13.350000381469727,13.350000381469727,13.350000381469727,13.350000381469727,13.350000381469727,0.0
2024-04-29 10:00:00+03:00,13.350000381469727,13.5,13.34000015258789,13.460000038146973,13.460000038146973,19108661.0
2024-04-29 10:05:00+03:00,13.460000038146973,13.5,13.390000343322754,13.40999984741211,13.40999984741211,13500391.0
2024-04-29 10:10:00+03:00,13.420000076293945,13.550000190734863,13.40999984741211,13.529999732971191,13.529999732971191,10068024.0
2024-04-29 10:15:00+03:00,13.529999732971191,13.619999885559082,13.510000228881836,13.539999961853027,13.539999961853027,19790679.0
2024-04-29 10:20:00+03:00,13.539999961853027,13.569999694824219,13.449999809265137,13.460000038146973,13.460000038146973,9856679.0
2024-04-29 10:25:00+03:00,13.460000038146973,13.460000038146973,13.399999618530273,13.420000076293945,13.420000076293945,5474763.0
2024-04-29 10:30:00+03:00,13.420000076293945,13.470000267028809,13.40999984741211,13.430000305175781,13.430000305175781,4998013.0
2024-04-29 10:35:00+03:00,13.430000305175781,13.430000305175781,13.359999656677246,13.380000114440918,13.380000114440918,9190042.0
2024-04-29 10:40:00+03:00,13.390000343322754,13.420000076293945,13.359999656677246,13.40999984741211,13.40999984741211,4514069.0
2024-04-29 10:45:00+03:00,13.420000076293945,13.460000038146973,13.399999618530273,13.430000305175781,13.430000305175781,4623917.0
2024-04-29 10:50:00+03:00,13.430000305175781,13.449999809265137,13.420000076293945,13.4399995803833,13.4399995803833,1823742.0
2024-04-29 10:55:00+03:00,13.4399995803833,13.449999809265137,13.420000076293945,13.430000305175781,13.430000305175781,3036113.0
2024-04-29 11:00:00+03:00,13.430000305175781,13.460000038146973,13.420000076293945,13.449999809265137,13.449999809265137,2632518.0
2024-04-29 11:05:00+03:00,13.460000038146973,13.470000267028809,13.4399995803833,13.449999809265137,13.449999809265137,1566147.0
2024-04-29 11:10:00+03:00,13.449999809265137,13.449999809265137,13.40999984741211,13.40999984741211,13.40999984741211,1502081.0
2024-04-29 11:15:00+03:00,13.420000076293945,13.420000076293945,13.390000343322754,13.399999618530273,13.399999618530273,2431284.0
2024-04-29 11:20:00+03:00,13.399999618530273,13.4399995803833,13.390000343322754,13.430000305175781,13.430000305175781,2233202.0
2024-04-29 11:25:00+03:00,13.430000305175781,13.430000305175781,13.399999618530273,13.40999984741211,13.40999984741211,1387810.0
2024-04-29 11:30:00+03:00,13.40999984741211,13.420000076293945,13.399999618530273,13.40999984741211,13.40999984741211,842206.0
2024-04-29 11:35:00+03:00,13.40999984741211,13.40999984741211,13.359999656677246,13.369999885559082,13.369999885559082,3028208.0
2024-04-29 11:40:00+03:00,13.380000114440918,13.40999984741211,13.369999885559082,13.399999618530273,13.399999618530273,2718587.0
2024-04-29 11:45:00+03:00,13.399999618530273,13.40999984741211,13.390000343322754,13.40999984741211,13.40999984741211,606122.0
2024-04-29 11:50:00+03:00,13.40999984741211,13.40999984741211,13.350000381469727,13.369999885559082,13.369999885559082,2469944.0
2024-04-29 11:55:00+03:00,13.380000114440918,13.399999618530273,13.359999656677246,13.399999618530273,13.399999618530273,1860334.0
2024-04-29 12:00:00+03:00,13.399999618530273,13.399999618530273,13.369999885559082,13.380000114440918,13.380000114440918,1381317.0
2024-04-29 12:05:00+03:00,13.380000114440918,13.40999984741211,13.380000114440918,13.40999984741211,13.40999984741211,1645931.0
2024-04-29 12:10:00+03:00,13.399999618530273,13.40999984741211,13.380000114440918,13.399999618530273,13.399999618530273,775122.0
2024-04-29 12:15:00+03:00,13.399999618530273,13.40999984741211,13.390000343322754,13.40999984741211,13.40999984741211,1001471.0
2024-04-29 12:20:00+03:00,13.399999618530273,13.4399995803833,13.390000343322754,13.430000305175781,13.430000305175781,2522113.0
2024-04-29 12:25:00+03:00,13.430000305175781,13.430000305175781,13.390000343322754,13.40999984741211,13.40999984741211,1170568.0
2024-04-29 12:30:00+03:00,13.40999984741211,13.40999984741211,13.390000343322754,13.40999984741211,13.40999984741211,742238.0
2024-04-29 12:35:00+03:00,13.40999984741211,13.40999984741211,13.390000343322754,13.40999984741211,13.40999984741211,872884.0
2024-04-29 12:40:00+03:00,13.40999984741211,13.40999984741211,13.359999656677246,13.380000114440918,13.380000114440918,2217486.0
2024-04-29 12:45:00+03:00,13.390000343322754,13.40999984741211,13.380000114440918,13.399999618530273,13.399999618530273,608797.0
2024-04-29 12:50:00+03:00,13.40999984741211,13.40999984741211,13.399999618530273,13.399999618530273,13.399999618530273,245526.0
2024-04-29 12:55:00+03:00,13.40999984741211,13.420000076293945,13.390000343322754,13.40999984741211,13.40999984741211,1147813.0
2024-04-29 13:00:00+03:00,13.420000076293945,13.430000305175781,13.40999984741211,13.420000076293945,13.420000076293945,898776.0
2024-04-29 13:05:00+03:00,13.420000076293945,13.420000076293945,13.40999984741211,13.420000076293945,13.420000076293945,286781.0
2024-04-29 13:10:00+03:00,13.420000076293945,13.430000305175781,13.40999984741211,13.430000305175781,13.430000305175781,540093.0
2024-04-29 13:15:00+03:00,13.430000305175781,13.4399995803833,13.40999984741211,13.420000076293945,13.420000076293945,1650064.0
2024-04-29 13:20:00+03:00,13.420000076293945,13.430000305175781,13.40999984741211,13.420000076293945,13.420000076293945,529787.0
2024-04-29 13:25:00+03:00,13.430000305175781,13.4399995803833,13.420000076293945,13.430000305175781,13.430000305175781,763333.0
2024-04-29 13:30:00+03:00,13.4399995803833,13.4399995803833,13.420000076293945,13.4399995803833,13.4399995803833,786043.0
2024-04-29 13:35:00+03:00,13.4399995803833,13.449999809265137,13.40999984741211,13.449999809265137,13.449999809265137,2336179.0
2024-04-29 13:40:00+03:00,13.449999809265137,13.5,13.430000305175781,13.470000267028809,13.470000267028809,4542909.0
2024-04-29 13:45:00+03:00,13.479999542236328,13.489999771118164,13.460000038146973,13.479999542236328,13.479999542236328,3380932.0
2024-04-29 13:50:00+03:00,13.479999542236328,13.529999732971191,13.470000267028809,13.520000457763672,13.520000457763672,3987274.0
2024-04-29 13:55:00+03:00,13.520000457763672,13.550000190734863,13.5,13.510000228881836,13.510000228881836,8320454.0
2024-04-29 14:00:00+03:00,13.510000228881836,13.520000457763672,13.489999771118164,13.5,13.5,3742638.0
2024-04-29 14:05:00+03:00,13.5,13.510000228881836,13.460000038146973,13.479999542236328,13.479999542236328,3420659.0
2024-04-29 14:10:00+03:00,13.479999542236328,13.489999771118164,13.460000038146973,13.479999542236328,13.479999542236328,2337700.0
2024-04-29 14:15:00+03:00,13.470000267028809,13.510000228881836,13.470000267028809,13.5,13.5,2830987.0
2024-04-29 14:20:00+03:00,13.5,13.5,13.460000038146973,13.460000038146973,13.460000038146973,3180889.0
2024-04-29 14:25:00+03:00,13.470000267028809,13.470000267028809,13.420000076293945,13.430000305175781,13.430000305175781,3632425.0
2024-04-29 14:30:00+03:00,13.430000305175781,13.430000305175781,13.399999618530273,13.430000305175781,13.430000305175781,2595274.0
2024-04-29 14:35:00+03:00,13.430000305175781,13.460000038146973,13.420000076293945,13.449999809265137,13.449999809265137,2257191.0
2024-04-29 14:40:00+03:00,13.460000038146973,13.470000267028809,13.420000076293945,13.430000305175781,13.430000305175781,1374011.0
2024-04-29 14:45:00+03:00,13.430000305175781,13.449999809265137,13.420000076293945,13.430000305175781,13.430000305175781,1190569.0
2024-04-29 14:50:00+03:00,13.430000305175781,13.449999809265137,13.420000076293945,13.4399995803833,13.4399995803833,689132.0
2024-04-29 14:55:00+03:00,13.430000305175781,13.449999809265137,13.420000076293945,13.430000305175781,13.430000305175781,1310046.0
2024-04-29 15:00:00+03:00,13.420000076293945,13.430000305175781,13.380000114440918,13.399999618530273,13.399999618530273,2660060.0
2024-04-29 15:05:00+03:00,13.399999618530273,13.420000076293945,13.390000343322754,13.40999984741211,13.40999984741211,999582.0
2024-04-29 15:10:00+03:00,13.40999984741211,13.420000076293945,13.390000343322754,13.399999618530273,13.399999618530273,949697.0
2024-04-29 15:15:00+03:00,13.390000343322754,13.40999984741211,13.380000114440918,13.399999618530273,13.399999618530273,1387329.0
2024-04-29 15:20:00+03:00,13.399999618530273,13.399999618530273,13.359999656677246,13.390000343322754,13.390000343322754,1478684.0
2024-04-29 15:25:00+03:00,13.390000343322754,13.40999984741211,13.380000114440918,13.399999618530273,13.399999618530273,1257640.0
2024-04-29 15:30:00+03:00,13.399999618530273,13.4399995803833,13.390000343322754,13.4399995803833,13.4399995803833,1295370.0
2024-04-29 15:35:00+03:00,13.4399995803833,13.460000038146973,13.430000305175781,13.460000038146973,13.460000038146973,1536130.0
2024-04-29 15:40:00+03:00,13.460000038146973,13.479999542236328,13.4399995803833,13.4399995803833,13.4399995803833,2432531.0
2024-04-29 15:45:00+03:00,13.449999809265137,13.460000038146973,13.4399995803833,13.449999809265137,13.449999809265137,664241.0
2024-04-29 15:50:00+03:00,13.4399995803833,13.460000038146973,13.430000305175781,13.4399995803833,13.4399995803833,1428796.0
2024-04-29 15:55:00+03:00,13.4399995803833,13.449999809265137,13.420000076293945,13.430000305175781,13.430000305175781,907577.0
2024-04-29 16:00:00+03:00,13.4399995803833,13.449999809265137,13.430000305175781,13.4399995803833,13.4399995803833,403725.0
2024-04-29 16:05:00+03:00,13.420000076293945,13.449999809265137,13.420000076293945,13.4399995803833,13.4399995803833,827017.0
2024-04-29 16:10:00+03:00,13.430000305175781,13.489999771118164,13.430000305175781,13.470000267028809,13.470000267028809,4086637.0
2024-04-29 16:15:00+03:00,13.479999542236328,13.489999771118164,13.460000038146973,13.479999542236328,13.479999542236328,2184603.0
2024-04-29 16:20:00+03:00,13.479999542236328,13.489999771118164,13.460000038146973,13.479999542236328,13.479999542236328,1194015.0
2024-04-29 16:25:00+03:00,13.479999542236328,13.479999542236328,13.449999809265137,13.449999809265137,13.449999809265137,1244643.0
2024-04-29 16:30:00+03:00,13.460000038146973,13.470000267028809,13.4399995803833,13.460000038146973,13.460000038146973,1043063.0
2024-04-29 16:35:00+03:00,13.449999809265137,13.460000038146973,13.449999809265137,13.449999809265137,13.449999809265137,453639.0
2024-04-29 16:40:00+03:00,13.449999809265137,13.470000267028809,13.430000305175781,13.460000038146973,13.460000038146973,1436358.0
2024-04-29 16:45:00+03:00,13.449999809265137,13.470000267028809,13.449999809265137,13.460000038146973,13.460000038146973,262478.0
2024-04-29 16:50:00+03:00,13.470000267028809,13.479999542236328,13.460000038146973,13.470000267028809,13.470000267028809,1053777.0
2024-04-29 16:55:00+03:00,13.470000267028809,13.479999542236328,13.460000038146973,13.470000267028809,13.470000267028809,2038050.0
2024-04-29 17:00:00+03:00,13.460000038146973,13.479999542236328,13.40999984741211,13.4399995803833,13.4399995803833,5947264.0
2024-04-29 17:05:00+03:00,13.4399995803833,13.449999809265137,13.430000305175781,13.4399995803833,13.4399995803833,3023058.0
2024-04-29 17:10:00+03:00,13.449999809265137,13.449999809265137,13.420000076293945,13.449999809265137,13.449999809265137,2772332.0
2024-04-29 17:15:00+03:00,13.449999809265137,13.449999809265137,13.420000076293945,13.4399995803833,13.4399995803833,1626443.0
2024-04-29 17:20:00+03:00,13.4399995803833,13.470000267028809,13.430000305175781,13.460000038146973,13.460000038146973,3979463.0
2024-04-29 17:25:00+03:00,13.470000267028809,13.489999771118164,13.460000038146973,13.489999771118164,13.489999771118164,2591158.0
2024-04-29 17:30:00+03:00,13.479999542236328,13.539999961853027,13.479999542236328,13.529999732971191,13.529999732971191,10659911.0
2024-04-29 17:35:00+03:00,13.520000457763672,13.550000190734863,13.5,13.520000457763672,13.520000457763672,5378261.0
2024-04-29 17:40:00+03:00,13.529999732971191,13.539999961853027,13.479999542236328,13.510000228881836,13.510000228881836,5670379.0
2024-04-29 17:45:00+03:00,13.510000228881836,13.550000190734863,13.5,13.550000190734863,13.550000190734863,4365197.0
2024-04-29 17:50:00+03:00,13.550000190734863,13.550000190734863,13.470000267028809,13.479999542236328,13.479999542236328,14104532.0
2024-04-29 17:55:00+03:00,13.470000267028809,13.5,13.460000038146973,13.489999771118164,13.489999771118164,8768056.0
2024-04-30 09:55:00+03:00,13.520000457763672,13.520000457763672,13.520000457763672,13.520000457763672,13.520000457763672,0.0
2024-04-30 10:00:00+03:00,13.510000228881836,13.630000114440918,13.479999542236328,13.619999885559082,13.619999885559082,18755578.0
2024-04-30 10:05:00+03:00,13.619999885559082,13.739999771118164,13.59000015258789,13.65999984741211,13.65999984741211,31115083.0
2024-04-30 10:10:00+03:00,13.65999984741211,13.770000457763672,13.640000343322754,13.670000076293945,13.670000076293945,19008176.0
2024-04-30 10:15:00+03:00,13.670000076293945,13.710000038146973,13.640000343322754,13.680000305175781,13.680000305175781,13381997.0
2024-04-30 10:20:00+03:00,13.680000305175781,13.739999771118164,13.65999984741211,13.720000267028809,13.720000267028809,9526402.0
2024-04-30 10:25:00+03:00,13.720000267028809,13.789999961853027,13.699999809265137,13.779999732971191,13.779999732971191,14340567.0
2024-04-30 10:30:00+03:00,13.779999732971191,13.789999961853027,13.739999771118164,13.779999732971191,13.779999732971191,8281026.0
2024-04-30 10:35:00+03:00,13.779999732971191,13.819999694824219,13.770000457763672,13.789999961853027,13.789999961853027,9300025.0
2024-04-30 10:40:00+03:00,13.789999961853027,13.789999961853027,13.739999771118164,13.75,13.75,5762133.0
2024-04-30 10:45:00+03:00,13.75,13.829999923706055,13.729999542236328,13.819999694824219,13.819999694824219,7393926.0
2024-04-30 10:50:00+03:00,13.819999694824219,13.869999885559082,13.8100004196167,13.859999656677246,13.859999656677246,8070843.0
2024-04-30 10:55:00+03:00,13.869999885559082,13.9399995803833,13.869999885559082,13.930000305175781,13.930000305175781,15530488.0
2024-04-30 11:00:00+03:00,13.930000305175781,13.960000038146973,13.899999618530273,13.920000076293945,13.920000076293945,7044173.0
2024-04-30 11:05:00+03:00,13.920000076293945,13.970000267028809,13.899999618530273,13.949999809265137,13.949999809265137,5670138.0
2024-04-30 11:10:00+03:00,13.949999809265137,13.949999809265137,13.880000114440918,13.880000114440918,13.880000114440918,5457958.0
2024-04-30 11:15:00+03:00,13.890000343322754,13.890000343322754,13.84000015258789,13.84000015258789,13.84000015258789,4744497.0
2024-04-30 11:20:00+03:00,13.850000381469727,13.859999656677246,13.819999694824219,13.829999923706055,13.829999923706055,2839114.0
2024-04-30 11:25:00+03:00,13.829999923706055,13.850000381469727,13.819999694824219,13.829999923706055,13.829999923706055,1976883.0
2024-04-30 11:30:00+03:00,13.829999923706055,13.850000381469727,13.800000190734863,13.8100004196167,13.8100004196167,2448698.0
2024-04-30 11:35:00+03:00,13.8100004196167,13.850000381469727,13.789999961853027,13.84000015258789,13.84000015258789,2976198.0
2024-04-30 11:40:00+03:00,13.829999923706055,13.850000381469727,13.819999694824219,13.829999923706055,13.829999923706055,1261819.0
2024-04-30 11:45:00+03:00,13.819999694824219,13.829999923706055,13.789999961853027,13.8100004196167,13.8100004196167,1940807.0
2024-04-30 11:50:00+03:00,13.800000190734863,13.800000190734863,13.75,13.760000228881836,13.760000228881836,4892016.0
2024-04-30 11:55:00+03:00,13.760000228881836,13.760000228881836,13.720000267028809,13.739999771118164,13.739999771118164,2997915.0
2024-04-30 12:00:00+03:00,13.729999542236328,13.760000228881836,13.720000267028809,13.760000228881836,13.760000228881836,4156350.0
2024-04-30 12:05:00+03:00,13.760000228881836,13.760000228881836,13.65999984741211,13.6899995803833,13.6899995803833,5063888.0
2024-04-30 12:10:00+03:00,13.6899995803833,13.710000038146973,13.670000076293945,13.710000038146973,13.710000038146973,3410333.0
2024-04-30 12:15:00+03:00,13.710000038146973,13.720000267028809,13.6899995803833,13.710000038146973,13.710000038146973,1888538.0
2024-04-30 12:20:00+03:00,13.710000038146973,13.720000267028809,13.670000076293945,13.6899995803833,13.6899995803833,2436311.0
2024-04-30 12:25:00+03:00,13.6899995803833,13.6899995803833,13.640000343322754,13.65999984741211,13.65999984741211,3446447.0
2024-04-30 12:30:00+03:00,13.65999984741211,13.710000038146973,13.640000343322754,13.699999809265137,13.699999809265137,2988610.0
2024-04-30 12:35:00+03:00,13.699999809265137,13.710000038146973,13.65999984741211,13.670000076293945,13.670000076293945,1488221.0
2024-04-30 12:40:00+03:00,13.670000076293945,13.6899995803833,13.65999984741211,13.6899995803833,13.6899995803833,995781.0
2024-04-30 12:45:00+03:00,13.6899995803833,13.6899995803833,13.670000076293945,13.6899995803833,13.6899995803833,917855.0
2024-04-30 12:50:00+03:00,13.6899995803833,13.699999809265137,13.680000305175781,13.680000305175781,13.680000305175781,766825.0
2024-04-30 12:55:00+03:00,13.6899995803833,13.6899995803833,13.649999618530273,13.6899995803833,13.6899995803833,1827020.0
2024-04-30 13:00:00+03:00,13.6899995803833,13.710000038146973,13.680000305175781,13.710000038146973,13.710000038146973,1374094.0
2024-04-30 13:05:00+03:00,13.710000038146973,13.710000038146973,13.6899995803833,13.699999809265137,13.699999809265137,1548592.0
2024-04-30 13:10:00+03:00,13.699999809265137,13.710000038146973,13.6899995803833,13.710000038146973,13.710000038146973,891253.0
2024-04-30 13:15:00+03:00,13.710000038146973,13.720000267028809,13.680000305175781,13.6899995803833,13.6899995803833,1691702.0
2024-04-30 13:20:00+03:00,13.680000305175781,13.6899995803833,13.65999984741211,13.670000076293945,13.670000076293945,982904.0
2024-04-30 13:25:00+03:00,13.670000076293945,13.6899995803833,13.649999618530273,13.670000076293945,13.670000076293945,2708066.0
2024-04-30 13:30:00+03:00,13.670000076293945,13.680000305175781,13.65999984741211,13.680000305175781,13.680000305175781,328483.0
2024-04-30 13:35:00+03:00,13.680000305175781,13.680000305175781,13.640000343322754,13.65999984741211,13.65999984741211,1858912.0
2024-04-30 13:40:00+03:00,13.65999984741211,13.65999984741211,13.630000114440918,13.640000343322754,13.640000343322754,1164182.0
2024-04-30 13:45:00+03:00,13.649999618530273,13.65999984741211,13.630000114440918,13.649999618530273,13.649999618530273,1181566.0
2024-04-30 13:50:00+03:00,13.640000343322754,13.65999984741211,13.640000343322754,13.65999984741211,13.65999984741211,556768.0
2024-04-30 13:55:00+03:00,13.65999984741211,13.65999984741211,13.640000343322754,13.649999618530273,13.649999618530273,624707.0
2024-04-30 14:00:00+03:00,13.649999618530273,13.649999618530273,13.59000015258789,13.600000381469727,13.600000381469727,4800300.0
2024-04-30 14:05:00+03:00,13.600000381469727,13.619999885559082,13.579999923706055,13.619999885559082,13.619999885559082,3945091.0
2024-04-30 14:10:00+03:00,13.619999885559082,13.619999885559082,13.59000015258789,13.619999885559082,13.619999885559082,1506942.0
2024-04-30 14:15:00+03:00,13.619999885559082,13.649999618530273,13.609999656677246,13.640000343322754,13.640000343322754,2919663.0
2024-04-30 14:20:00+03:00,13.649999618530273,13.649999618530273,13.59000015258789,13.600000381469727,13.600000381469727,2788055.0
2024-04-30 14:25:00+03:00,13.600000381469727,13.619999885559082,13.600000381469727,13.619999885559082,13.619999885559082,1872441.0
2024-04-30 14:30:00+03:00,13.619999885559082,13.65999984741211,13.609999656677246,13.640000343322754,13.640000343322754,3797115.0
2024-04-30 14:35:00+03:00,13.640000343322754,13.65999984741211,13.619999885559082,13.640000343322754,13.640000343322754,3248141.0
2024-04-30 14:40:00+03:00,13.640000343322754,13.640000343322754,13.600000381469727,13.619999885559082,13.619999885559082,2158758.0
2024-04-30 14:45:00+03:00,13.619999885559082,13.630000114440918,13.609999656677246,13.630000114440918,13.630000114440918,880861.0
2024-04-30 14:50:00+03:00,13.619999885559082,13.630000114440918,13.609999656677246,13.630000114440918,13.630000114440918,698935.0
2024-04-30 14:55:00+03:00,13.619999885559082,13.649999618530273,13.619999885559082,13.640000343322754,13.640000343322754,2687374.0
2024-04-30 15:00:00+03:00,13.640000343322754,13.649999618530273,13.619999885559082,13.640000343322754,13.640000343322754,1909730.0
2024-04-30 15:05:00+03:00,13.640000343322754,13.649999618530273,13.619999885559082,13.640000343322754,13.640000343322754,977239.0
2024-04-30 15:10:00+03:00,13.630000114440918,13.640000343322754,13.609999656677246,13.630000114440918,13.630000114440918,1297258.0
2024-04-30 15:15:00+03:00,13.630000114440918,13.640000343322754,13.619999885559082,13.640000343322754,13.640000343322754,664435.0
2024-04-30 15:20:00+03:00,13.640000343322754,13.649999618530273,13.630000114440918,13.630000114440918,13.630000114440918,2589887.0
2024-04-30 15:25:00+03:00,13.640000343322754,13.640000343322754,13.609999656677246,13.619999885559082,13.619999885559082,2800585.0
2024-04-30 15:30:00+03:00,13.619999885559082,13.630000114440918,13.609999656677246,13.619999885559082,13.619999885559082,2509580.0
2024-04-30 15:35:00+03:00,13.619999885559082,13.640000343322754,13.609999656677246,13.640000343322754,13.640000343322754,1801984.0
2024-04-30 15:40:00+03:00,13.630000114440918,13.670000076293945,13.619999885559082,13.65999984741211,13.65999984741211,3650973.0
2024-04-30 15:45:00+03:00,13.649999618530273,13.65999984741211,13.640000343322754,13.65999984741211,13.65999984741211,1903740.0
2024-04-30 15:50:00+03:00,13.65999984741211,13.670000076293945,13.640000343322754,13.65999984741211,13.65999984741211,1877137.0
2024-04-30 15:55:00+03:00,13.65999984741211,13.670000076293945,13.640000343322754,13.649999618530273,13.649999618530273,957744.0
2024-04-30 16:00:00+03:00,13.649999618530273,13.65999984741211,13.630000114440918,13.649999618530273,13.649999618530273,927878.0
2024-04-30 16:05:00+03:00,13.65999984741211,13.65999984741211,13.640000343322754,13.649999618530273,13.649999618530273,745518.0
2024-04-30 16:10:00+03:00,13.649999618530273,13.65999984741211,13.640000343322754,13.649999618530273,13.649999618530273,829021.0
2024-04-30 16:15:00+03:00,13.649999618530273,13.65999984741211,13.630000114440918,13.649999618530273,13.649999618530273,1173516.0
2024-04-30 16:20:00+03:00,13.640000343322754,13.680000305175781,13.640000343322754,13.680000305175781,13.680000305175781,4435406.0
2024-04-30 16:25:00+03:00,13.680000305175781,13.729999542236328,13.670000076293945,13.720000267028809,13.720000267028809,3887863.0
2024-04-30 16:30:00+03:00,13.720000267028809,13.739999771118164,13.699999809265137,13.729999542236328,13.729999542236328,6214374.0
2024-04-30 16:35:00+03:00,13.729999542236328,13.75,13.720000267028809,13.75,13.75,5761538.0
2024-04-30 16:40:00+03:00,13.75,13.779999732971191,13.729999542236328,13.75,13.75,6030793.0
2024-04-30 16:45:00+03:00,13.739999771118164,13.760000228881836,13.710000038146973,13.720000267028809,13.720000267028809,7235377.0
2024-04-30 16:50:00+03:00,13.729999542236328,13.760000228881836,13.720000267028809,13.739999771118164,13.739999771118164,1743326.0
2024-04-30 16:55:00+03:00,13.739999771118164,13.760000228881836,13.729999542236328,13.760000228881836,13.760000228881836,1514792.0
2024-04-30 17:00:00+03:00,13.760000228881836,13.8100004196167,13.739999771118164,13.779999732971191,13.779999732971191,8825761.0
2024-04-30 17:05:00+03:00,13.779999732971191,13.779999732971191,13.75,13.779999732971191,13.779999732971191,2706990.0
2024-04-30 17:10:00+03:00,13.779999732971191,13.800000190734863,13.760000228881836,13.800000190734863,13.800000190734863,5592261.0
2024-04-30 17:15:00+03:00,13.789999961853027,13.800000190734863,13.770000457763672,13.779999732971191,13.779999732971191,2974943.0
2024-04-30 17:20:00+03:00,13.779999732971191,13.789999961853027,13.75,13.789999961853027,13.789999961853027,7209606.0
2024-04-30 17:25:00+03:00,13.789999961853027,13.789999961853027,13.75,13.770000457763672,13.770000457763672,1847477.0
2024-04-30 17:30:00+03:00,13.760000228881836,13.789999961853027,13.739999771118164,13.760000228881836,13.760000228881836,8433655.0
2024-04-30 17:35:00+03:00,13.75,13.760000228881836,13.739999771118164,13.739999771118164,13.739999771118164,5234317.0
2024-04-30 17:40:00+03:00,13.739999771118164,13.75,13.710000038146973,13.720000267028809,13.720000267028809,7931209.0
2024-04-30 17:45:00+03:00,13.720000267028809,13.75,13.710000038146973,13.739999771118164,13.739999771118164,5784247.0
2024-04-30 17:50:00+03:00,13.739999771118164,13.75,13.720000267028809,13.739999771118164,13.739999771118164,4674097.0
2024-04-30 17:55:00+03:00,13.739999771118164,13.739999771118164,13.710000038146973,13.739999771118164,13.739999771118164,15212953.0
2024-05-02 09:55:00+03:00,13.760000228881836,13.760000228881836,13.760000228881836,13.760000228881836,13.760000228881836,0.0
2024-05-02 10:00:00+03:00,13.8100004196167,13.880000114440918,13.75,13.850000381469727,13.850000381469727,19754323.0
2024-05-02 10:05:00+03:00,13.84000015258789,13.880000114440918,13.729999542236328,13.739999771118164,13.739999771118164,15277221.0
2024-05-02 10:10:00+03:00,13.729999542236328,13.739999771118164,13.619999885559082,13.649999618530273,13.649999618530273,17743819.0
2024-05-02 10:15:00+03:00,13.649999618530273,13.680000305175781,13.630000114440918,13.680000305175781,13.680000305175781,8014166.0
2024-05-02 10:20:00+03:00,13.670000076293945,13.6899995803833,13.65999984741211,13.680000305175781,13.680000305175781,2995208.0
2024-05-02 10:25:00+03:00,13.680000305175781,13.6899995803833,13.640000343322754,13.680000305175781,13.680000305175781,4096566.0
2024-05-02 10:30:00+03:00,13.680000305175781,13.6899995803833,13.649999618530273,13.6899995803833,13.6899995803833,4142217.0
2024-05-02 10:35:00+03:00,13.6899995803833,13.729999542236328,13.680000305175781,13.729999542236328,13.729999542236328,4357990.0
2024-05-02 10:40:00+03:00,13.729999542236328,13.760000228881836,13.720000267028809,13.75,13.75,5987016.0
2024-05-02 10:45:00+03:00,13.75,13.75,13.729999542236328,13.739999771118164,13.739999771118164,2141986.0
2024-05-02 10:50:00+03:00,13.739999771118164,13.739999771118164,13.710000038146973,13.739999771118164,13.739999771118164,1777697.0
2024-05-02 10:55:00+03:00,13.729999542236328,13.739999771118164,13.699999809265137,13.720000267028809,13.720000267028809,2529851.0
2024-05-02 11:00:00+03:00,13.710000038146973,13.739999771118164,13.6899995803833,13.699999809265137,13.699999809265137,5086551.0
2024-05-02 11:05:00+03:00,13.710000038146973,13.720000267028809,13.699999809265137,13.710000038146973,13.710000038146973,1614411.0
2024-05-02 11:10:00+03:00,13.699999809265137,13.710000038146973,13.680000305175781,13.710000038146973,13.710000038146973,2402085.0
2024-05-02 11:15:00+03:00,13.710000038146973,13.710000038146973,13.670000076293945,13.6899995803833,13.6899995803833,1575375.0
2024-05-02 11:20:00+03:00,13.6899995803833,13.699999809265137,13.680000305175781,13.6899995803833,13.6899995803833,906417.0
2024-05-02 11:25:00+03:00,13.6899995803833,13.720000267028809,13.670000076293945,13.680000305175781,13.680000305175781,3468074.0
2024-05-02 11:30:00+03:00,13.6899995803833,13.699999809265137,13.680000305175781,13.699999809265137,13.699999809265137,957635.0
2024-05-02 11:35:00+03:00,13.699999809265137,13.699999809265137,13.680000305175781,13.680000305175781,13.680000305175781,470462.0
2024-05-02 11:40:00+03:00,13.6899995803833,13.6899995803833,13.670000076293945,13.6899995803833,13.6899995803833,1023162.0
2024-05-02 11:45:00+03:00,13.6899995803833,13.6899995803833,13.65999984741211,13.670000076293945,13.670000076293945,1592445.0
2024-05-02 11:50:00+03:00,13.670000076293945,13.670000076293945,13.640000343322754,13.670000076293945,13.670000076293945,2064622.0
2024-05-02 11:55:00+03:00,13.670000076293945,13.729999542236328,13.65999984741211,13.710000038146973,13.710000038146973,2841122.0
2024-05-02 12:00:00+03:00,13.699999809265137,13.720000267028809,13.680000305175781,13.6899995803833,13.6899995803833,1102325.0
2024-05-02 12:05:00+03:00,13.6899995803833,13.6899995803833,13.65999984741211,13.670000076293945,13.670000076293945,977039.0
2024-05-02 12:10:00+03:00,13.670000076293945,13.670000076293945,13.640000343322754,13.65999984741211,13.65999984741211,1702538.0
2024-05-02 12:15:00+03:00,13.65999984741211,13.670000076293945,13.649999618530273,13.670000076293945,13.670000076293945,992792.0
2024-05-02 12:20:00+03:00,13.65999984741211,13.670000076293945,13.619999885559082,13.640000343322754,13.640000343322754,2504095.0
2024-05-02 12:25:00+03:00,13.640000343322754,13.640000343322754,13.619999885559082,13.640000343322754,13.640000343322754,806616.0
2024-05-02 12:30:00+03:00,13.640000343322754,13.640000343322754,13.609999656677246,13.640000343322754,13.640000343322754,1627877.0
2024-05-02 12:35:00+03:00,13.640000343322754,13.640000343322754,13.619999885559082,13.630000114440918,13.630000114440918,1356735.0
2024-05-02 12:40:00+03:00,13.619999885559082,13.640000343322754,13.59000015258789,13.609999656677246,13.609999656677246,2489743.0
2024-05-02 12:45:00+03:00,13.600000381469727,13.609999656677246,13.59000015258789,13.609999656677246,13.609999656677246,1149478.0
2024-05-02 12:50:00+03:00,13.600000381469727,13.630000114440918,13.600000381469727,13.619999885559082,13.619999885559082,601313.0
2024-05-02 12:55:00+03:00,13.619999885559082,13.630000114440918,13.609999656677246,13.619999885559082,13.619999885559082,1797483.0
2024-05-02 13:00:00+03:00,13.619999885559082,13.619999885559082,13.569999694824219,13.59000015258789,13.59000015258789,2743366.0
2024-05-02 13:05:00+03:00,13.59000015258789,13.609999656677246,13.569999694824219,13.609999656677246,13.609999656677246,1268783.0
2024-05-02 13:10:00+03:00,13.600000381469727,13.630000114440918,13.600000381469727,13.619999885559082,13.619999885559082,841728.0
2024-05-02 13:15:00+03:00,13.619999885559082,13.630000114440918,13.609999656677246,13.619999885559082,13.619999885559082,783509.0
2024-05-02 13:20:00+03:00,13.619999885559082,13.630000114440918,13.59000015258789,13.609999656677246,13.609999656677246,1138865.0
2024-05-02 13:25:00+03:00,13.609999656677246,13.630000114440918,13.579999923706055,13.630000114440918,13.630000114440918,1277422.0
2024-05-02 13:30:00+03:00,13.630000114440918,13.640000343322754,13.600000381469727,13.609999656677246,13.609999656677246,2384936.0
2024-05-02 13:35:00+03:00,13.609999656677246,13.609999656677246,13.579999923706055,13.609999656677246,13.609999656677246,907733.0
2024-05-02 13:40:00+03:00,13.609999656677246,13.619999885559082,13.600000381469727,13.609999656677246,13.609999656677246,736138.0
2024-05-02 13:45:00+03:00,13.619999885559082,13.619999885559082,13.569999694824219,13.579999923706055,13.579999923706055,1982195.0
2024-05-02 13:50:00+03:00,13.579999923706055,13.59000015258789,13.5600004196167,13.579999923706055,13.579999923706055,1570356.0
2024-05-02 13:55:00+03:00,13.569999694824219,13.600000381469727,13.569999694824219,13.59000015258789,13.59000015258789,1181290.0
2024-05-02 14:00:00+03:00,13.59000015258789,13.600000381469727,13.569999694824219,13.59000015258789,13.59000015258789,595491.0
2024-05-02 14:05:00+03:00,13.59000015258789,13.59000015258789,13.569999694824219,13.579999923706055,13.579999923706055,1179708.0
2024-05-02 14:10:00+03:00,13.579999923706055,13.579999923706055,13.5600004196167,13.569999694824219,13.569999694824219,848407.0
2024-05-02 14:15:00+03:00,13.569999694824219,13.569999694824219,13.529999732971191,13.539999961853027,13.539999961853027,2199979.0
2024-05-02 14:20:00+03:00,13.529999732971191,13.539999961853027,13.479999542236328,13.489999771118164,13.489999771118164,3039431.0
2024-05-02 14:25:00+03:00,13.489999771118164,13.5,13.449999809265137,13.479999542236328,13.479999542236328,2350378.0
2024-05-02 14:30:00+03:00,13.489999771118164,13.510000228881836,13.470000267028809,13.510000228881836,13.510000228881836,2057587.0
2024-05-02 14:35:00+03:00,13.510000228881836,13.539999961853027,13.489999771118164,13.529999732971191,13.529999732971191,1427269.0
2024-05-02 14:40:00+03:00,13.529999732971191,13.539999961853027,13.489999771118164,13.520000457763672,13.520000457763672,2057421.0
2024-05-02 14:45:00+03:00,13.520000457763672,13.529999732971191,13.510000228881836,13.529999732971191,13.529999732971191,439512.0
2024-05-02 14:50:00+03:00,13.529999732971191,13.529999732971191,13.5,13.510000228881836,13.510000228881836,971172.0
2024-05-02 14:55:00+03:00,13.510000228881836,13.510000228881836,13.460000038146973,13.470000267028809,13.470000267028809,1996614.0
2024-05-02 15:00:00+03:00,13.460000038146973,13.479999542236328,13.449999809265137,13.479999542236328,13.479999542236328,1525635.0
2024-05-02 15:05:00+03:00,13.479999542236328,13.479999542236328,13.430000305175781,13.4399995803833,13.4399995803833,2514574.0
2024-05-02 15:10:00+03:00,13.449999809265137,13.470000267028809,13.430000305175781,13.449999809265137,13.449999809265137,2392334.0
2024-05-02 15:15:00+03:00,13.460000038146973,13.470000267028809,13.4399995803833,13.460000038146973,13.460000038146973,1321747.0
2024-05-02 15:20:00+03:00,13.460000038146973,13.460000038146973,13.430000305175781,13.4399995803833,13.4399995803833,585591.0
2024-05-02 15:25:00+03:00,13.4399995803833,13.4399995803833,13.420000076293945,13.420000076293945,13.420000076293945,1907475.0
2024-05-02 15:30:00+03:00,13.430000305175781,13.4399995803833,13.40999984741211,13.430000305175781,13.430000305175781,1482456.0
2024-05-02 15:35:00+03:00,13.430000305175781,13.4399995803833,13.40999984741211,13.420000076293945,13.420000076293945,1379363.0
2024-05-02 15:40:00+03:00,13.430000305175781,13.4399995803833,13.420000076293945,13.430000305175781,13.430000305175781,1271211.0
2024-05-02 15:45:00+03:00,13.430000305175781,13.470000267028809,13.420000076293945,13.470000267028809,13.470000267028809,1470716.0
2024-05-02 15:50:00+03:00,13.470000267028809,13.479999542236328,13.449999809265137,13.460000038146973,13.460000038146973,2285835.0
2024-05-02 15:55:00+03:00,13.460000038146973,13.510000228881836,13.449999809265137,13.510000228881836,13.510000228881836,1569721.0
2024-05-02 16:00:00+03:00,13.510000228881836,13.569999694824219,13.5,13.5600004196167,13.5600004196167,5776332.0
2024-05-02 16:05:00+03:00,13.550000190734863,13.609999656677246,13.550000190734863,13.579999923706055,13.579999923706055,5103414.0
2024-05-02 16:10:00+03:00,13.579999923706055,13.59000015258789,13.550000190734863,13.569999694824219,13.569999694824219,2697004.0
2024-05-02 16:15:00+03:00,13.579999923706055,13.59000015258789,13.539999961853027,13.569999694824219,13.569999694824219,4435678.0
2024-05-02 16:20:00+03:00,13.569999694824219,13.619999885559082,13.5600004196167,13.609999656677246,13.609999656677246,3261685.0
2024-05-02 16:25:00+03:00,13.600000381469727,13.640000343322754,13.59000015258789,13.609999656677246,13.609999656677246,4313714.0
2024-05-02 16:30:00+03:00,13.619999885559082,13.640000343322754,13.600000381469727,13.619999885559082,13.619999885559082,2101317.0
2024-05-02 16:35:00+03:00,13.630000114440918,13.630000114440918,13.569999694824219,13.600000381469727,13.600000381469727,3299704.0
2024-05-02 16:40:00+03:00,13.600000381469727,13.609999656677246,13.59000015258789,13.59000015258789,13.59000015258789,2544851.0
2024-05-02 16:45:00+03:00,13.600000381469727,13.630000114440918,13.59000015258789,13.609999656677246,13.609999656677246,2046544.0
2024-05-02 16:50:00+03:00,13.600000381469727,13.630000114440918,13.600000381469727,13.619999885559082,13.619999885559082,1258298.0
2024-05-02 16:55:00+03:00,13.630000114440918,13.65999984741211,13.609999656677246,13.649999618530273,13.649999618530273,3139417.0
2024-05-02 17:00:00+03:00,13.649999618530273,13.65999984741211,13.619999885559082,13.649999618530273,13.649999618530273,2528646.0
2024-05-02 17:05:00+03:00,13.640000343322754,13.65999984741211,13.619999885559082,13.640000343322754,13.640000343322754,1746332.0
2024-05-02 17:10:00+03:00,13.640000343322754,13.649999618530273,13.600000381469727,13.600000381469727,13.600000381469727,3050304.0
2024-05-02 17:15:00+03:00,13.609999656677246,13.630000114440918,13.59000015258789,13.609999656677246,13.609999656677246,1768575.0
2024-05-02 17:20:00+03:00,13.600000381469727,13.640000343322754,13.59000015258789,13.609999656677246,13.609999656677246,2655690.0
2024-05-02 17:25:00+03:00,13.609999656677246,13.640000343322754,13.600000381469727,13.609999656677246,13.609999656677246,2756328.0
2024-05-02 17:30:00+03:00,13.619999885559082,13.619999885559082,13.59000015258789,13.609999656677246,13.609999656677246,1960454.0
2024-05-02 17:35:00+03:00,13.600000381469727,13.619999885559082,13.600000381469727,13.609999656677246,13.609999656677246,3020692.0
2024-05-02 17:40:00+03:00,13.609999656677246,13.609999656677246,13.529999732971191,13.600000381469727,13.600000381469727,4935905.0
2024-05-02 17:45:00+03:00,13.59000015258789,13.619999885559082,13.579999923706055,13.59000015258789,13.59000015258789,3725811.0
2024-05-02 17:50:00+03:00,13.59000015258789,13.600000381469727,13.569999694824219,13.59000015258789,13.59000015258789,2538874.0
2024-05-02 17:55:00+03:00,13.600000381469727,13.649999618530273,13.59000015258789,13.640000343322754,13.640000343322754,8512465.0
2024-05-03 09:55:00+03:00,13.720000267028809,13.720000267028809,13.720000267028809,13.720000267028809,13.720000267028809,0.0
2024-05-03 10:00:00+03:00,13.720000267028809,13.850000381469727,13.720000267028809,13.770000457763672,13.770000457763672,26678749.0
2024-05-03 10:05:00+03:00,13.770000457763672,13.859999656677246,13.760000228881836,13.829999923706055,13.829999923706055,20210952.0
2024-05-03 10:10:00+03:00,13.84000015258789,13.84000015258789,13.770000457763672,13.8100004196167,13.8100004196167,7407251.0
2024-05-03 10:15:00+03:00,13.8100004196167,13.819999694824219,13.789999961853027,13.800000190734863,13.800000190734863,3513223.0
2024-05-03 10:20:00+03:00,13.800000190734863,13.800000190734863,13.729999542236328,13.779999732971191,13.779999732971191,6410639.0
2024-05-03 10:25:00+03:00,13.779999732971191,13.850000381469727,13.779999732971191,13.819999694824219,13.819999694824219,4990367.0
2024-05-03 10:30:00+03:00,13.829999923706055,13.869999885559082,13.8100004196167,13.819999694824219,13.819999694824219,6843233.0
2024-05-03 10:35:00+03:00,13.8100004196167,13.829999923706055,13.800000190734863,13.819999694824219,13.819999694824219,1505380.0
2024-05-03 10:40:00+03:00,13.819999694824219,13.819999694824219,13.770000457763672,13.779999732971191,13.779999732971191,4837568.0
2024-05-03 10:45:00+03:00,13.789999961853027,13.800000190734863,13.770000457763672,13.779999732971191,13.779999732971191,2062776.0
2024-05-03 10:50:00+03:00,13.789999961853027,13.8100004196167,13.760000228881836,13.770000457763672,13.770000457763672,2589676.0
2024-05-03 10:55:00+03:00,13.770000457763672,13.8100004196167,13.760000228881836,13.789999961853027,13.789999961853027,2415061.0
2024-05-03 11:00:00+03:00,13.789999961853027,13.800000190734863,13.75,13.760000228881836,13.760000228881836,2790082.0
2024-05-03 11:05:00+03:00,13.760000228881836,13.800000190734863,13.75,13.789999961853027,13.789999961853027,1784840.0
2024-05-03 11:10:00+03:00,13.789999961853027,13.789999961853027,13.770000457763672,13.779999732971191,13.779999732971191,1100242.0
2024-05-03 11:15:00+03:00,13.770000457763672,13.789999961853027,13.75,13.760000228881836,13.760000228881836,2084114.0
2024-05-03 11:20:00+03:00,13.760000228881836,13.770000457763672,13.75,13.770000457763672,13.770000457763672,810668.0
2024-05-03 11:25:00+03:00,13.760000228881836,13.770000457763672,13.729999542236328,13.75,13.75,1937393.0
2024-05-03 11:30:00+03:00,13.75,13.760000228881836,13.729999542236328,13.75,13.75,2391944.0
2024-05-03 11:35:00+03:00,13.75,13.760000228881836,13.739999771118164,13.739999771118164,13.739999771118164,726095.0
2024-05-03 11:40:00+03:00,13.75,13.75,13.720000267028809,13.729999542236328,13.729999542236328,876775.0
2024-05-03 11:45:00+03:00,13.729999542236328,13.729999542236328,13.680000305175781,13.6899995803833,13.6899995803833,3120386.0
2024-05-03 11:50:00+03:00,13.6899995803833,13.710000038146973,13.680000305175781,13.699999809265137,13.699999809265137,1366268.0
2024-05-03 11:55:00+03:00,13.699999809265137,13.710000038146973,13.680000305175781,13.6899995803833,13.6899995803833,956202.0
2024-05-03 12:00:00+03:00,13.6899995803833,13.720000267028809,13.680000305175781,13.720000267028809,13.720000267028809,941786.0
2024-05-03 12:05:00+03:00,13.720000267028809,13.729999542236328,13.710000038146973,13.729999542236328,13.729999542236328,246528.0
2024-05-03 12:10:00+03:00,13.729999542236328,13.729999542236328,13.710000038146973,13.729999542236328,13.729999542236328,573358.0
2024-05-03 12:15:00+03:00,13.729999542236328,13.770000457763672,13.720000267028809,13.760000228881836,13.760000228881836,2971596.0
2024-05-03 12:20:00+03:00,13.75,13.770000457763672,13.75,13.770000457763672,13.770000457763672,652073.0
2024-05-03 12:25:00+03:00,13.770000457763672,13.8100004196167,13.760000228881836,13.800000190734863,13.800000190734863,3901246.0
2024-05-03 12:30:00+03:00,13.800000190734863,13.819999694824219,13.789999961853027,13.800000190734863,13.800000190734863,2872011.0
2024-05-03 12:35:00+03:00,13.800000190734863,13.829999923706055,13.789999961853027,13.819999694824219,13.819999694824219,3853892.0
2024-05-03 12:40:00+03:00,13.829999923706055,13.829999923706055,13.789999961853027,13.819999694824219,13.819999694824219,3537280.0
2024-05-03 12:45:00+03:00,13.829999923706055,13.899999618530273,13.819999694824219,13.850000381469727,13.850000381469727,21198783.0
2024-05-03 12:50:00+03:00,13.859999656677246,13.859999656677246,13.819999694824219,13.84000015258789,13.84000015258789,1827498.0
2024-05-03 12:55:00+03:00,13.84000015258789,13.880000114440918,13.829999923706055,13.850000381469727,13.850000381469727,4731847.0
2024-05-03 13:00:00+03:00,13.84000015258789,13.850000381469727,13.829999923706055,13.84000015258789,13.84000015258789,2581531.0
2024-05-03 13:05:00+03:00,13.84000015258789,13.850000381469727,13.819999694824219,13.829999923706055,13.829999923706055,1699912.0
2024-05-03 13:10:00+03:00,13.829999923706055,13.829999923706055,13.8100004196167,13.819999694824219,13.819999694824219,1057754.0
2024-05-03 13:15:00+03:00,13.8100004196167,13.829999923706055,13.800000190734863,13.8100004196167,13.8100004196167,2113884.0
2024-05-03 13:20:00+03:00,13.819999694824219,13.819999694824219,13.779999732971191,13.800000190734863,13.800000190734863,2123591.0
2024-05-03 13:25:00+03:00,13.800000190734863,13.800000190734863,13.789999961853027,13.800000190734863,13.800000190734863,243760.0
2024-05-03 13:30:00+03:00,13.789999961853027,13.819999694824219,13.770000457763672,13.800000190734863,13.800000190734863,2623905.0
2024-05-03 13:35:00+03:00,13.8100004196167,13.84000015258789,13.800000190734863,13.8100004196167,13.8100004196167,1486833.0
2024-05-03 13:40:00+03:00,13.8100004196167,13.829999923706055,13.800000190734863,13.829999923706055,13.829999923706055,1410521.0
2024-05-03 13:45:00+03:00,13.829999923706055,13.84000015258789,13.8100004196167,13.819999694824219,13.819999694824219,1527861.0
2024-05-03 13:50:00+03:00,13.829999923706055,13.829999923706055,13.8100004196167,13.819999694824219,13.819999694824219,456868.0
2024-05-03 13:55:00+03:00,13.819999694824219,13.819999694824219,13.789999961853027,13.800000190734863,13.800000190734863,733491.0
2024-05-03 14:00:00+03:00,13.8100004196167,13.829999923706055,13.800000190734863,13.819999694824219,13.819999694824219,845579.0
2024-05-03 14:05:00+03:00,13.829999923706055,13.829999923706055,13.800000190734863,13.819999694824219,13.819999694824219,683011.0
2024-05-03 14:10:00+03:00,13.8100004196167,13.829999923706055,13.8100004196167,13.8100004196167,13.8100004196167,665816.0
2024-05-03 14:15:00+03:00,13.8100004196167,13.829999923706055,13.8100004196167,13.8100004196167,13.8100004196167,462974.0
2024-05-03 14:20:00+03:00,13.819999694824219,13.819999694824219,13.8100004196167,13.819999694824219,13.819999694824219,467175.0
2024-05-03 14:25:00+03:00,13.819999694824219,13.829999923706055,13.8100004196167,13.829999923706055,13.829999923706055,369893.0
2024-05-03 14:30:00+03:00,13.819999694824219,13.829999923706055,13.8100004196167,13.819999694824219,13.819999694824219,486289.0
2024-05-03 14:35:00+03:00,13.819999694824219,13.819999694824219,13.800000190734863,13.800000190734863,13.800000190734863,254691.0
2024-05-03 14:40:00+03:00,13.8100004196167,13.8100004196167,13.779999732971191,13.789999961853027,13.789999961853027,744184.0
2024-05-03 14:45:00+03:00,13.789999961853027,13.800000190734863,13.779999732971191,13.789999961853027,13.789999961853027,580514.0
2024-05-03 14:50:00+03:00,13.789999961853027,13.789999961853027,13.729999542236328,13.739999771118164,13.739999771118164,2423891.0
2024-05-03 14:55:00+03:00,13.739999771118164,13.760000228881836,13.729999542236328,13.760000228881836,13.760000228881836,1060816.0
2024-05-03 15:00:00+03:00,13.75,13.760000228881836,13.699999809265137,13.729999542236328,13.729999542236328,2453973.0
2024-05-03 15:05:00+03:00,13.729999542236328,13.770000457763672,13.710000038146973,13.760000228881836,13.760000228881836,2296940.0
2024-05-03 15:10:00+03:00,13.760000228881836,13.760000228881836,13.729999542236328,13.739999771118164,13.739999771118164,1098686.0
2024-05-03 15:15:00+03:00,13.739999771118164,13.739999771118164,13.6899995803833,13.729999542236328,13.729999542236328,3862553.0
2024-05-03 15:20:00+03:00,13.720000267028809,13.720000267028809,13.6899995803833,13.710000038146973,13.710000038146973,5068044.0
2024-05-03 15:25:00+03:00,13.699999809265137,13.710000038146973,13.6899995803833,13.710000038146973,13.710000038146973,1905780.0
2024-05-03 15:30:00+03:00,13.710000038146973,13.760000228881836,13.699999809265137,13.739999771118164,13.739999771118164,3118496.0
2024-05-03 15:35:00+03:00,13.739999771118164,13.75,13.729999542236328,13.739999771118164,13.739999771118164,995230.0
2024-05-03 15:40:00+03:00,13.729999542236328,13.739999771118164,13.720000267028809,13.729999542236328,13.729999542236328,469187.0
2024-05-03 15:45:00+03:00,13.729999542236328,13.739999771118164,13.699999809265137,13.710000038146973,13.710000038146973,1569583.0
2024-05-03 15:50:00+03:00,13.710000038146973,13.720000267028809,13.6899995803833,13.710000038146973,13.710000038146973,2548315.0
2024-05-03 15:55:00+03:00,13.720000267028809,13.739999771118164,13.699999809265137,13.739999771118164,13.739999771118164,1585610.0
2024-05-03 16:00:00+03:00,13.739999771118164,13.739999771118164,13.6899995803833,13.710000038146973,13.710000038146973,1416533.0
2024-05-03 16:05:00+03:00,13.710000038146973,13.720000267028809,13.680000305175781,13.710000038146973,13.710000038146973,3836470.0
2024-05-03 16:10:00+03:00,13.720000267028809,13.720000267028809,13.699999809265137,13.710000038146973,13.710000038146973,737369.0
2024-05-03 16:15:00+03:00,13.699999809265137,13.720000267028809,13.6899995803833,13.710000038146973,13.710000038146973,739966.0
2024-05-03 16:20:00+03:00,13.710000038146973,13.720000267028809,13.6899995803833,13.720000267028809,13.720000267028809,472566.0
2024-05-03 16:25:00+03:00,13.720000267028809,13.75,13.710000038146973,13.75,13.75,1977537.0
2024-05-03 16:30:00+03:00,13.75,13.779999732971191,13.739999771118164,13.760000228881836,13.760000228881836,3654706.0
2024-05-03 16:35:00+03:00,13.760000228881836,13.770000457763672,13.739999771118164,13.75,13.75,1385707.0
2024-05-03 16:40:00+03:00,13.760000228881836,13.819999694824219,13.760000228881836,13.800000190734863,13.800000190734863,4776287.0
2024-05-03 16:45:00+03:00,13.789999961853027,13.789999961853027,13.760000228881836,13.789999961853027,13.789999961853027,1273394.0
2024-05-03 16:50:00+03:00,13.779999732971191,13.819999694824219,13.770000457763672,13.819999694824219,13.819999694824219,1634721.0
2024-05-03 16:55:00+03:00,13.819999694824219,13.819999694824219,13.789999961853027,13.819999694824219,13.819999694824219,983178.0
2024-05-03 17:00:00+03:00,13.8100004196167,13.829999923706055,13.789999961853027,13.800000190734863,13.800000190734863,3865687.0
2024-05-03 17:05:00+03:00,13.8100004196167,13.8100004196167,13.760000228881836,13.760000228881836,13.760000228881836,1363239.0
2024-05-03 17:10:00+03:00,13.770000457763672,13.84000015258789,13.75,13.829999923706055,13.829999923706055,8889031.0
2024-05-03 17:15:00+03:00,13.829999923706055,13.859999656677246,13.8100004196167,13.850000381469727,13.850000381469727,8326715.0
2024-05-03 17:20:00+03:00,13.859999656677246,13.880000114440918,13.829999923706055,13.850000381469727,13.850000381469727,8087078.0
2024-05-03 17:25:00+03:00,13.850000381469727,13.859999656677246,13.819999694824219,13.819999694824219,13.819999694824219,5342527.0
2024-05-03 17:30:00+03:00,13.829999923706055,13.84000015258789,13.760000228881836,13.779999732971191,13.779999732971191,4390895.0
2024-05-03 17:35:00+03:00,13.779999732971191,13.84000015258789,13.770000457763672,13.800000190734863,13.800000190734863,6735316.0
2024-05-03 17:40:00+03:00,13.789999961853027,13.8100004196167,13.760000228881836,13.779999732971191,13.779999732971191,4543725.0
2024-05-03 17:45:00+03:00,13.770000457763672,13.800000190734863,13.770000457763672,13.789999961853027,13.789999961853027,2347179.0
2024-05-03 17:50:00+03:00,13.789999961853027,13.800000190734863,13.739999771118164,13.75,13.75,5596244.0
2024-05-03 17:55:00+03:00,13.760000228881836,13.789999961853027,13.729999542236328,13.75,13.75,10108094.0
2024-05-06 09:55:00+03:00,13.729999542236328,13.729999542236328,13.729999542236328,13.729999542236328,13.729999542236328,0.0
2024-05-06 10:00:00+03:00,13.729999542236328,13.739999771118164,13.569999694824219,13.65999984741211,13.65999984741211,20464659.0
2024-05-06 10:05:00+03:00,13.649999618530273,13.670000076293945,13.609999656677246,13.619999885559082,13.619999885559082,9832199.0
2024-05-06 10:10:00+03:00,13.619999885559082,13.65999984741211,13.579999923706055,13.649999618530273,13.649999618530273,8547193.0
2024-05-06 10:15:00+03:00,13.640000343322754,13.649999618530273,13.609999656677246,13.649999618530273,13.649999618530273,3473629.0
2024-05-06 10:20:00+03:00,13.640000343322754,13.649999618530273,13.609999656677246,13.640000343322754,13.640000343322754,3639514.0
2024-05-06 10:25:00+03:00,13.640000343322754,13.649999618530273,13.619999885559082,13.630000114440918,13.630000114440918,2527358.0
2024-05-06 10:30:00+03:00,13.619999885559082,13.640000343322754,13.609999656677246,13.609999656677246,13.609999656677246,2956465.0
2024-05-06 10:35:00+03:00,13.619999885559082,13.619999885559082,13.600000381469727,13.619999885559082,13.619999885559082,2518353.0
2024-05-06 10:40:00+03:00,13.619999885559082,13.630000114440918,13.600000381469727,13.630000114440918,13.630000114440918,2142000.0
2024-05-06 10:45:00+03:00,13.619999885559082,13.630000114440918,13.609999656677246,13.619999885559082,13.619999885559082,4015360.0
2024-05-06 10:50:00+03:00,13.619999885559082,13.619999885559082,13.59000015258789,13.600000381469727,13.600000381469727,3642112.0
2024-05-06 10:55:00+03:00,13.59000015258789,13.600000381469727,13.5600004196167,13.579999923706055,13.579999923706055,3401193.0
2024-05-06 11:00:00+03:00,13.579999923706055,13.59000015258789,13.5600004196167,13.59000015258789,13.59000015258789,2261957.0
2024-05-06 11:05:00+03:00,13.59000015258789,13.59000015258789,13.579999923706055,13.59000015258789,13.59000015258789,697448.0
2024-05-06 11:10:00+03:00,13.59000015258789,13.59000015258789,13.569999694824219,13.579999923706055,13.579999923706055,473834.0
2024-05-06 11:15:00+03:00,13.579999923706055,13.619999885559082,13.569999694824219,13.609999656677246,13.609999656677246,2109453.0
2024-05-06 11:20:00+03:00,13.609999656677246,13.619999885559082,13.59000015258789,13.619999885559082,13.619999885559082,961023.0
2024-05-06 11:25:00+03:00,13.609999656677246,13.619999885559082,13.600000381469727,13.600000381469727,13.600000381469727,594074.0
2024-05-06 11:30:00+03:00,13.600000381469727,13.619999885559082,13.600000381469727,13.619999885559082,13.619999885559082,566060.0
2024-05-06 11:35:00+03:00,13.619999885559082,13.619999885559082,13.59000015258789,13.609999656677246,13.609999656677246,980506.0
2024-05-06 11:40:00+03:00,13.600000381469727,13.619999885559082,13.600000381469727,13.619999885559082,13.619999885559082,476263.0
2024-05-06 11:45:00+03:00,13.619999885559082,13.630000114440918,13.600000381469727,13.619999885559082,13.619999885559082,1323602.0
2024-05-06 11:50:00+03:00,13.619999885559082,13.619999885559082,13.609999656677246,13.619999885559082,13.619999885559082,136454.0
2024-05-06 11:55:00+03:00,13.619999885559082,13.630000114440918,13.600000381469727,13.609999656677246,13.609999656677246,894985.0
2024-05-06 12:00:00+03:00,13.609999656677246,13.640000343322754,13.600000381469727,13.640000343322754,13.640000343322754,1225234.0
2024-05-06 12:05:00+03:00,13.630000114440918,13.640000343322754,13.600000381469727,13.619999885559082,13.619999885559082,1925800.0
2024-05-06 12:10:00+03:00,13.619999885559082,13.619999885559082,13.600000381469727,13.609999656677246,13.609999656677246,474283.0
2024-05-06 12:15:00+03:00,13.609999656677246,13.619999885559082,13.600000381469727,13.619999885559082,13.619999885559082,753068.0
2024-05-06 12:20:00+03:00,13.619999885559082,13.619999885559082,13.600000381469727,13.619999885559082,13.619999885559082,218089.0
2024-05-06 12:25:00+03:00,13.619999885559082,13.619999885559082,13.600000381469727,13.600000381469727,13.600000381469727,240113.0
2024-05-06 12:30:00+03:00,13.609999656677246,13.640000343322754,13.600000381469727,13.640000343322754,13.640000343322754,670043.0
2024-05-06 12:35:00+03:00,13.640000343322754,13.670000076293945,13.630000114440918,13.649999618530273,13.649999618530273,4068669.0
2024-05-06 12:40:00+03:00,13.649999618530273,13.65999984741211,13.640000343322754,13.65999984741211,13.65999984741211,653181.0
2024-05-06 12:45:00+03:00,13.65999984741211,13.699999809265137,13.640000343322754,13.6899995803833,13.6899995803833,4975079.0
2024-05-06 12:50:00+03:00,13.6899995803833,13.699999809265137,13.680000305175781,13.6899995803833,13.6899995803833,2397121.0
2024-05-06 12:55:00+03:00,13.6899995803833,13.699999809265137,13.680000305175781,13.6899995803833,13.6899995803833,1628653.0
2024-05-06 13:00:00+03:00,13.6899995803833,13.729999542236328,13.680000305175781,13.729999542236328,13.729999542236328,5355377.0
2024-05-06 13:05:00+03:00,13.729999542236328,13.739999771118164,13.6899995803833,13.710000038146973,13.710000038146973,4230058.0
2024-05-06 13:10:00+03:00,13.710000038146973,13.720000267028809,13.6899995803833,13.710000038146973,13.710000038146973,1436531.0
2024-05-06 13:15:00+03:00,13.710000038146973,13.760000228881836,13.699999809265137,13.739999771118164,13.739999771118164,3916545.0
2024-05-06 13:20:00+03:00,13.739999771118164,13.760000228881836,13.729999542236328,13.739999771118164,13.739999771118164,4688065.0
2024-05-06 13:25:00+03:00,13.739999771118164,13.770000457763672,13.739999771118164,13.760000228881836,13.760000228881836,3568617.0
2024-05-06 13:30:00+03:00,13.760000228881836,13.760000228881836,13.720000267028809,13.739999771118164,13.739999771118164,1749184.0
2024-05-06 13:35:00+03:00,13.729999542236328,13.75,13.720000267028809,13.739999771118164,13.739999771118164,2388134.0
2024-05-06 13:40:00+03:00,13.739999771118164,13.75,13.720000267028809,13.739999771118164,13.739999771118164,980978.0
2024-05-06 13:45:00+03:00,13.739999771118164,13.739999771118164,13.720000267028809,13.729999542236328,13.729999542236328,1059070.0
2024-05-06 13:50:00+03:00,13.729999542236328,13.770000457763672,13.710000038146973,13.739999771118164,13.739999771118164,4939502.0
2024-05-06 13:55:00+03:00,13.75,13.789999961853027,13.739999771118164,13.789999961853027,13.789999961853027,5316171.0
2024-05-06 14:00:00+03:00,13.779999732971191,13.800000190734863,13.779999732971191,13.800000190734863,13.800000190734863,9971727.0
2024-05-06 14:05:00+03:00,13.800000190734863,13.8100004196167,13.770000457763672,13.800000190734863,13.800000190734863,4375659.0
2024-05-06 14:10:00+03:00,13.800000190734863,13.819999694824219,13.779999732971191,13.789999961853027,13.789999961853027,9379991.0
2024-05-06 14:15:00+03:00,13.789999961853027,13.800000190734863,13.779999732971191,13.789999961853027,13.789999961853027,2126830.0
2024-05-06 14:20:00+03:00,13.779999732971191,13.8100004196167,13.770000457763672,13.800000190734863,13.800000190734863,3241211.0
2024-05-06 14:25:00+03:00,13.8100004196167,13.859999656677246,13.800000190734863,13.819999694824219,13.819999694824219,11041545.0
2024-05-06 14:30:00+03:00,13.829999923706055,13.850000381469727,13.75,13.760000228881836,13.760000228881836,9058796.0
2024-05-06 14:35:00+03:00,13.760000228881836,13.760000228881836,13.720000267028809,13.75,13.75,7281364.0
2024-05-06 14:40:00+03:00,13.75,13.779999732971191,13.739999771118164,13.760000228881836,13.760000228881836,5977250.0
2024-05-06 14:45:00+03:00,13.760000228881836,13.770000457763672,13.729999542236328,13.760000228881836,13.760000228881836,2425459.0
2024-05-06 14:50:00+03:00,13.75,13.779999732971191,13.739999771118164,13.770000457763672,13.770000457763672,1905135.0
2024-05-06 14:55:00+03:00,13.770000457763672,13.8100004196167,13.760000228881836,13.800000190734863,13.800000190734863,3628905.0
2024-05-06 15:00:00+03:00,13.8100004196167,13.84000015258789,13.729999542236328,13.770000457763672,13.770000457763672,16498656.0
2024-05-06 15:05:00+03:00,13.779999732971191,13.829999923706055,13.779999732971191,13.800000190734863,13.800000190734863,7039401.0
2024-05-06 15:10:00+03:00,13.800000190734863,13.8100004196167,13.779999732971191,13.789999961853027,13.789999961853027,3855442.0
2024-05-06 15:15:00+03:00,13.789999961853027,13.800000190734863,13.770000457763672,13.779999732971191,13.779999732971191,1805954.0
2024-05-06 15:20:00+03:00,13.770000457763672,13.789999961853027,13.760000228881836,13.779999732971191,13.779999732971191,3322366.0
2024-05-06 15:25:00+03:00,13.779999732971191,13.779999732971191,13.710000038146973,13.729999542236328,13.729999542236328,9774240.0
2024-05-06 15:30:00+03:00,13.729999542236328,13.729999542236328,13.670000076293945,13.6899995803833,13.6899995803833,9749105.0
2024-05-06 15:35:00+03:00,13.6899995803833,13.699999809265137,13.640000343322754,13.649999618530273,13.649999618530273,5242728.0
2024-05-06 15:40:00+03:00,13.640000343322754,13.670000076293945,13.619999885559082,13.65999984741211,13.65999984741211,3822744.0
2024-05-06 15:45:00+03:00,13.65999984741211,13.670000076293945,13.619999885559082,13.649999618530273,13.649999618530273,4745776.0
2024-05-06 15:50:00+03:00,13.649999618530273,13.649999618530273,13.630000114440918,13.640000343322754,13.640000343322754,1812572.0
2024-05-06 15:55:00+03:00,13.649999618530273,13.649999618530273,13.609999656677246,13.649999618530273,13.649999618530273,2512191.0
2024-05-06 16:00:00+03:00,13.649999618530273,13.649999618530273,13.619999885559082,13.649999618530273,13.649999618530273,1135470.0
2024-05-06 16:05:00+03:00,13.649999618530273,13.65999984741211,13.640000343322754,13.65999984741211,13.65999984741211,1382934.0
2024-05-06 16:10:00+03:00,13.649999618530273,13.680000305175781,13.640000343322754,13.670000076293945,13.670000076293945,1437704.0
2024-05-06 16:15:00+03:00,13.65999984741211,13.680000305175781,13.65999984741211,13.680000305175781,13.680000305175781,626064.0
2024-05-06 16:20:00+03:00,13.680000305175781,13.680000305175781,13.649999618530273,13.649999618530273,13.649999618530273,1002273.0
2024-05-06 16:25:00+03:00,13.65999984741211,13.65999984741211,13.619999885559082,13.649999618530273,13.649999618530273,4017648.0
2024-05-06 16:30:00+03:00,13.649999618530273,13.670000076293945,13.640000343322754,13.670000076293945,13.670000076293945,1524803.0
2024-05-06 16:35:00+03:00,13.670000076293945,13.670000076293945,13.609999656677246,13.630000114440918,13.630000114440918,9146919.0
2024-05-06 16:40:00+03:00,13.640000343322754,13.680000305175781,13.609999656677246,13.619999885559082,13.619999885559082,9045175.0
2024-05-06 16:45:00+03:00,13.609999656677246,13.640000343322754,13.609999656677246,13.619999885559082,13.619999885559082,2156717.0
2024-05-06 16:50:00+03:00,13.619999885559082,13.619999885559082,13.59000015258789,13.600000381469727,13.600000381469727,5020680.0
2024-05-06 16:55:00+03:00,13.59000015258789,13.600000381469727,13.529999732971191,13.569999694824219,13.569999694824219,9671354.0
2024-05-06 17:00:00+03:00,13.569999694824219,13.630000114440918,13.5600004196167,13.630000114440918,13.630000114440918,6344469.0
2024-05-06 17:05:00+03:00,13.619999885559082,13.640000343322754,13.619999885559082,13.640000343322754,13.640000343322754,1880904.0
2024-05-06 17:10:00+03:00,13.640000343322754,13.65999984741211,13.609999656677246,13.649999618530273,13.649999618530273,5427236.0
2024-05-06 17:20:00+03:00,13.609999656677246,13.619999885559082,13.59000015258789,13.609999656677246,13.609999656677246,9530804.0
2024-05-06 17:25:00+03:00,13.619999885559082,13.619999885559082,13.59000015258789,13.600000381469727,13.600000381469727,1676520.0
2024-05-06 17:30:00+03:00,13.600000381469727,13.630000114440918,13.59000015258789,13.59000015258789,13.59000015258789,1697215.0
2024-05-06 17:35:00+03:00,13.600000381469727,13.609999656677246,13.59000015258789,13.600000381469727,13.600000381469727,2214162.0
2024-05-06 17:40:00+03:00,13.600000381469727,13.619999885559082,13.59000015258789,13.619999885559082,13.619999885559082,1018871.0
2024-05-06 17:45:00+03:00,13.619999885559082,13.619999885559082,13.59000015258789,13.609999656677246,13.609999656677246,3709747.0
2024-05-06 17:50:00+03:00,13.609999656677246,13.630000114440918,13.609999656677246,13.619999885559082,13.619999885559082,3387738.0
2024-05-06 17:55:00+03:00,13.619999885559082,13.630000114440918,13.569999694824219,13.579999923706055,13.579999923706055,7148707.0
2024-05-07 09:55:00+03:00,13.619999885559082,13.619999885559082,13.619999885559082,13.619999885559082,13.619999885559082,0.0
2024-05-07 10:00:00+03:00,13.619999885559082,13.640000343322754,13.600000381469727,13.640000343322754,13.640000343322754,12921214.0
2024-05-07 10:05:00+03:00,13.630000114440918,13.680000305175781,13.619999885559082,13.619999885559082,13.619999885559082,7860185.0
2024-05-07 10:10:00+03:00,13.630000114440918,13.65999984741211,13.619999885559082,13.630000114440918,13.630000114440918,5339817.0
2024-05-07 10:15:00+03:00,13.640000343322754,13.640000343322754,13.59000015258789,13.600000381469727,13.600000381469727,5631689.0
2024-05-07 10:20:00+03:00,13.600000381469727,13.619999885559082,13.59000015258789,13.609999656677246,13.609999656677246,2204687.0
2024-05-07 10:25:00+03:00,13.619999885559082,13.630000114440918,13.600000381469727,13.630000114440918,13.630000114440918,1777456.0
2024-05-07 10:30:00+03:00,13.630000114440918,13.640000343322754,13.600000381469727,13.630000114440918,13.630000114440918,4041125.0
2024-05-07 10:35:00+03:00,13.619999885559082,13.670000076293945,13.619999885559082,13.649999618530273,13.649999618530273,4173801.0
2024-05-07 10:40:00+03:00,13.640000343322754,13.65999984741211,13.630000114440918,13.649999618530273,13.649999618530273,1432760.0
2024-05-07 10:45:00+03:00,13.649999618530273,13.65999984741211,13.640000343322754,13.649999618530273,13.649999618530273,2124316.0
2024-05-07 10:50:00+03:00,13.640000343322754,13.649999618530273,13.630000114440918,13.630000114440918,13.630000114440918,958313.0
2024-05-07 10:55:00+03:00,13.640000343322754,13.649999618530273,13.630000114440918,13.649999618530273,13.649999618530273,1263963.0
2024-05-07 11:00:00+03:00,13.649999618530273,13.649999618530273,13.630000114440918,13.640000343322754,13.640000343322754,451712.0
2024-05-07 11:05:00+03:00,13.640000343322754,13.640000343322754,13.600000381469727,13.609999656677246,13.609999656677246,1909888.0
2024-05-07 11:10:00+03:00,13.600000381469727,13.619999885559082,13.59000015258789,13.609999656677246,13.609999656677246,1634479.0
2024-05-07 11:15:00+03:00,13.609999656677246,13.609999656677246,13.569999694824219,13.569999694824219,13.569999694824219,6505719.0
2024-05-07 11:20:00+03:00,13.579999923706055,13.59000015258789,13.550000190734863,13.579999923706055,13.579999923706055,5047193.0
2024-05-07 11:25:00+03:00,13.59000015258789,13.609999656677246,13.579999923706055,13.59000015258789,13.59000015258789,1889484.0
2024-05-07 11:30:00+03:00,13.59000015258789,13.600000381469727,13.569999694824219,13.579999923706055,13.579999923706055,2029938.0
2024-05-07 11:35:00+03:00,13.579999923706055,13.59000015258789,13.529999732971191,13.5600004196167,13.5600004196167,7907098.0
2024-05-07 11:40:00+03:00,13.5600004196167,13.5600004196167,13.399999618530273,13.40999984741211,13.40999984741211,8924859.0
2024-05-07 11:45:00+03:00,13.420000076293945,13.430000305175781,13.369999885559082,13.40999984741211,13.40999984741211,6358242.0
2024-05-07 11:50:00+03:00,13.420000076293945,13.4399995803833,13.399999618530273,13.40999984741211,13.40999984741211,4760633.0
2024-05-07 11:55:00+03:00,13.40999984741211,13.40999984741211,13.380000114440918,13.40999984741211,13.40999984741211,4568371.0
2024-05-07 12:00:00+03:00,13.40999984741211,13.40999984741211,13.369999885559082,13.380000114440918,13.380000114440918,3289198.0
2024-05-07 12:05:00+03:00,13.390000343322754,13.430000305175781,13.369999885559082,13.40999984741211,13.40999984741211,4367586.0
2024-05-07 12:10:00+03:00,13.420000076293945,13.449999809265137,13.399999618530273,13.449999809265137,13.449999809265137,1973423.0
2024-05-07 12:15:00+03:00,13.4399995803833,13.449999809265137,13.420000076293945,13.420000076293945,13.420000076293945,865756.0
2024-05-07 12:20:00+03:00,13.420000076293945,13.460000038146973,13.399999618530273,13.460000038146973,13.460000038146973,4121180.0
2024-05-07 12:25:00+03:00,13.460000038146973,13.470000267028809,13.430000305175781,13.449999809265137,13.449999809265137,1731763.0
2024-05-07 12:30:00+03:00,13.449999809265137,13.460000038146973,13.430000305175781,13.460000038146973,13.460000038146973,1793478.0
2024-05-07 12:35:00+03:00,13.460000038146973,13.460000038146973,13.4399995803833,13.449999809265137,13.449999809265137,441264.0
2024-05-07 12:40:00+03:00,13.449999809265137,13.449999809265137,13.40999984741211,13.430000305175781,13.430000305175781,1671453.0
2024-05-07 12:45:00+03:00,13.4399995803833,13.449999809265137,13.420000076293945,13.449999809265137,13.449999809265137,1632580.0
2024-05-07 12:50:00+03:00,13.449999809265137,13.449999809265137,13.430000305175781,13.4399995803833,13.4399995803833,712564.0
2024-05-07 12:55:00+03:00,13.4399995803833,13.449999809265137,13.420000076293945,13.420000076293945,13.420000076293945,1707675.0
2024-05-07 13:00:00+03:00,13.430000305175781,13.430000305175781,13.390000343322754,13.40999984741211,13.40999984741211,4843002.0
2024-05-07 13:05:00+03:00,13.399999618530273,13.40999984741211,13.390000343322754,13.399999618530273,13.399999618530273,2292309.0
2024-05-07 13:10:00+03:00,13.40999984741211,13.4399995803833,13.399999618530273,13.430000305175781,13.430000305175781,4160744.0
2024-05-07 13:15:00+03:00,13.430000305175781,13.449999809265137,13.420000076293945,13.430000305175781,13.430000305175781,1594281.0
2024-05-07 13:20:00+03:00,13.420000076293945,13.4399995803833,13.420000076293945,13.420000076293945,13.420000076293945,1445346.0
2024-05-07 13:25:00+03:00,13.430000305175781,13.460000038146973,13.420000076293945,13.449999809265137,13.449999809265137,2885526.0
2024-05-07 13:30:00+03:00,13.460000038146973,13.460000038146973,13.420000076293945,13.4399995803833,13.4399995803833,1387671.0
2024-05-07 13:35:00+03:00,13.4399995803833,13.4399995803833,13.40999984741211,13.420000076293945,13.420000076293945,1373388.0
2024-05-07 13:40:00+03:00,13.420000076293945,13.430000305175781,13.40999984741211,13.430000305175781,13.430000305175781,1188957.0
2024-05-07 13:45:00+03:00,13.430000305175781,13.430000305175781,13.40999984741211,13.40999984741211,13.40999984741211,1875568.0
2024-05-07 13:50:00+03:00,13.420000076293945,13.430000305175781,13.40999984741211,13.420000076293945,13.420000076293945,787146.0
2024-05-07 13:55:00+03:00,13.420000076293945,13.4399995803833,13.40999984741211,13.420000076293945,13.420000076293945,2433492.0
2024-05-07 14:00:00+03:00,13.420000076293945,13.479999542236328,13.40999984741211,13.470000267028809,13.470000267028809,3381940.0
2024-05-07 14:05:00+03:00,13.470000267028809,13.489999771118164,13.460000038146973,13.489999771118164,13.489999771118164,2173408.0
2024-05-07 14:10:00+03:00,13.479999542236328,13.489999771118164,13.449999809265137,13.479999542236328,13.479999542236328,2078172.0
2024-05-07 14:15:00+03:00,13.479999542236328,13.479999542236328,13.449999809265137,13.470000267028809,13.470000267028809,3066544.0
2024-05-07 14:20:00+03:00,13.470000267028809,13.5,13.460000038146973,13.479999542236328,13.479999542236328,3655093.0
2024-05-07 14:25:00+03:00,13.489999771118164,13.510000228881836,13.470000267028809,13.5,13.5,5210255.0
2024-05-07 14:30:00+03:00,13.5,13.550000190734863,13.489999771118164,13.539999961853027,13.539999961853027,8423147.0
2024-05-07 14:35:00+03:00,13.539999961853027,13.550000190734863,13.510000228881836,13.529999732971191,13.529999732971191,2349096.0
2024-05-07 14:40:00+03:00,13.529999732971191,13.529999732971191,13.510000228881836,13.529999732971191,13.529999732971191,808691.0
2024-05-07 14:45:00+03:00,13.529999732971191,13.5600004196167,13.520000457763672,13.5600004196167,13.5600004196167,5395864.0
2024-05-07 14:50:00+03:00,13.5600004196167,13.569999694824219,13.539999961853027,13.5600004196167,13.5600004196167,4756494.0
2024-05-07 14:55:00+03:00,13.569999694824219,13.600000381469727,13.5600004196167,13.59000015258789,13.59000015258789,5529590.0
2024-05-07 15:00:00+03:00,13.59000015258789,13.619999885559082,13.569999694824219,13.609999656677246,13.609999656677246,5174604.0
2024-05-07 15:05:00+03:00,13.609999656677246,13.630000114440918,13.5600004196167,13.579999923706055,13.579999923706055,5446812.0
2024-05-07 15:10:00+03:00,13.579999923706055,13.600000381469727,13.569999694824219,13.569999694824219,13.569999694824219,1584732.0
2024-05-07 15:15:00+03:00,13.579999923706055,13.579999923706055,13.539999961853027,13.550000190734863,13.550000190734863,2227085.0
2024-05-07 15:20:00+03:00,13.5600004196167,13.5600004196167,13.520000457763672,13.529999732971191,13.529999732971191,1308195.0
2024-05-07 15:25:00+03:00,13.529999732971191,13.550000190734863,13.5,13.520000457763672,13.520000457763672,2619227.0
2024-05-07 15:30:00+03:00,13.520000457763672,13.550000190734863,13.510000228881836,13.539999961853027,13.539999961853027,1130462.0
2024-05-07 15:35:00+03:00,13.539999961853027,13.5600004196167,13.529999732971191,13.5600004196167,13.5600004196167,575784.0
2024-05-07 15:40:00+03:00,13.550000190734863,13.569999694824219,13.539999961853027,13.550000190734863,13.550000190734863,1062865.0
2024-05-07 15:45:00+03:00,13.550000190734863,13.5600004196167,13.539999961853027,13.550000190734863,13.550000190734863,429482.0
2024-05-07 15:50:00+03:00,13.550000190734863,13.550000190734863,13.510000228881836,13.520000457763672,13.520000457763672,942064.0
2024-05-07 15:55:00+03:00,13.529999732971191,13.5600004196167,13.510000228881836,13.550000190734863,13.550000190734863,2796377.0
2024-05-07 16:00:00+03:00,13.550000190734863,13.550000190734863,13.520000457763672,13.529999732971191,13.529999732971191,717163.0
2024-05-07 16:05:00+03:00,13.520000457763672,13.529999732971191,13.460000038146973,13.479999542236328,13.479999542236328,3955025.0
2024-05-07 16:10:00+03:00,13.479999542236328,13.489999771118164,13.449999809265137,13.470000267028809,13.470000267028809,4527757.0
2024-05-07 16:15:00+03:00,13.460000038146973,13.460000038146973,13.420000076293945,13.449999809265137,13.449999809265137,4968699.0
2024-05-07 16:20:00+03:00,13.4399995803833,13.479999542236328,13.420000076293945,13.470000267028809,13.470000267028809,3236362.0
2024-05-07 16:25:00+03:00,13.470000267028809,13.479999542236328,13.4399995803833,13.449999809265137,13.449999809265137,2326774.0
2024-05-07 16:30:00+03:00,13.449999809265137,13.460000038146973,13.430000305175781,13.4399995803833,13.4399995803833,2798098.0
2024-05-07 16:35:00+03:00,13.4399995803833,13.510000228881836,13.430000305175781,13.5,13.5,4356904.0
2024-05-07 16:40:00+03:00,13.5,13.630000114440918,13.489999771118164,13.609999656677246,13.609999656677246,11946237.0
2024-05-07 16:45:00+03:00,13.609999656677246,13.760000228881836,13.600000381469727,13.739999771118164,13.739999771118164,22266374.0
2024-05-07 16:50:00+03:00,13.75,13.869999885559082,13.739999771118164,13.819999694824219,13.819999694824219,47355207.0
2024-05-07 16:55:00+03:00,13.829999923706055,13.920000076293945,13.819999694824219,13.890000343322754,13.890000343322754,35418919.0
2024-05-07 17:00:00+03:00,13.890000343322754,13.949999809265137,13.850000381469727,13.9399995803833,13.9399995803833,28284166.0
2024-05-07 17:05:00+03:00,13.949999809265137,14.069999694824219,13.9399995803833,14.039999961853027,14.039999961853027,35816163.0
2024-05-07 17:10:00+03:00,14.050000190734863,14.079999923706055,13.989999771118164,14.050000190734863,14.050000190734863,24383944.0
2024-05-07 17:15:00+03:00,14.050000190734863,14.0600004196167,13.979999542236328,14.0,14.0,16397314.0
2024-05-07 17:20:00+03:00,14.0,14.020000457763672,13.970000267028809,13.989999771118164,13.989999771118164,11440054.0
2024-05-07 17:25:00+03:00,13.989999771118164,14.010000228881836,13.920000076293945,13.960000038146973,13.960000038146973,9660762.0
2024-05-07 17:30:00+03:00,13.960000038146973,14.0,13.850000381469727,13.90999984741211,13.90999984741211,19956435.0
2024-05-07 17:35:00+03:00,13.90999984741211,13.9399995803833,13.869999885559082,13.880000114440918,13.880000114440918,11158231.0
2024-05-07 17:40:00+03:00,13.880000114440918,13.890000343322754,13.84000015258789,13.859999656677246,13.859999656677246,12251952.0
2024-05-07 17:45:00+03:00,13.859999656677246,13.890000343322754,13.84000015258789,13.850000381469727,13.850000381469727,5693915.0
2024-05-07 17:50:00+03:00,13.859999656677246,13.890000343322754,13.779999732971191,13.789999961853027,13.789999961853027,14884775.0
2024-05-07 17:55:00+03:00,13.789999961853027,13.819999694824219,13.770000457763672,13.770000457763672,13.770000457763672,11714169.0
2024-05-08 09:55:00+03:00,13.920000076293945,13.920000076293945,13.920000076293945,13.920000076293945,13.920000076293945,0.0
2024-05-08 10:00:00+03:00,13.930000305175781,13.9399995803833,13.850000381469727,13.899999618530273,13.899999618530273,13903496.0
2024-05-08 10:05:00+03:00,13.869999885559082,13.869999885559082,13.819999694824219,13.850000381469727,13.850000381469727,13403105.0
2024-05-08 10:10:00+03:00,13.850000381469727,13.859999656677246,13.800000190734863,13.800000190734863,13.800000190734863,9692615.0
2024-05-08 10:15:00+03:00,13.8100004196167,13.850000381469727,13.800000190734863,13.8100004196167,13.8100004196167,5092111.0
2024-05-08 10:20:00+03:00,13.8100004196167,13.819999694824219,13.770000457763672,13.789999961853027,13.789999961853027,8003503.0
2024-05-08 10:25:00+03:00,13.789999961853027,13.8100004196167,13.770000457763672,13.779999732971191,13.779999732971191,7288623.0
2024-05-08 10:30:00+03:00,13.779999732971191,13.800000190734863,13.760000228881836,13.800000190734863,13.800000190734863,4509583.0
2024-05-08 10:35:00+03:00,13.800000190734863,13.8100004196167,13.779999732971191,13.779999732971191,13.779999732971191,1578059.0
2024-05-08 10:40:00+03:00,13.789999961853027,13.819999694824219,13.779999732971191,13.819999694824219,13.819999694824219,2427969.0
2024-05-08 10:45:00+03:00,13.819999694824219,13.890000343322754,13.8100004196167,13.880000114440918,13.880000114440918,13017768.0
2024-05-08 10:50:00+03:00,13.880000114440918,13.880000114440918,13.819999694824219,13.850000381469727,13.850000381469727,8101186.0
2024-05-08 10:55:00+03:00,13.850000381469727,13.859999656677246,13.819999694824219,13.829999923706055,13.829999923706055,3384673.0
2024-05-08 11:00:00+03:00,13.84000015258789,13.84000015258789,13.800000190734863,13.8100004196167,13.8100004196167,3195137.0
2024-05-08 11:05:00+03:00,13.8100004196167,13.84000015258789,13.800000190734863,13.829999923706055,13.829999923706055,1567822.0
2024-05-08 11:10:00+03:00,13.84000015258789,13.84000015258789,13.819999694824219,13.829999923706055,13.829999923706055,1030230.0
2024-05-08 11:15:00+03:00,13.819999694824219,13.829999923706055,13.800000190734863,13.819999694824219,13.819999694824219,1464567.0
2024-05-08 11:20:00+03:00,13.819999694824219,13.84000015258789,13.789999961853027,13.800000190734863,13.800000190734863,3149115.0
2024-05-08 11:25:00+03:00,13.789999961853027,13.789999961853027,13.729999542236328,13.789999961853027,13.789999961853027,9957916.0
2024-05-08 11:30:00+03:00,13.789999961853027,13.800000190734863,13.670000076293945,13.699999809265137,13.699999809265137,14047311.0
2024-05-08 11:35:00+03:00,13.699999809265137,13.720000267028809,13.619999885559082,13.649999618530273,13.649999618530273,17344459.0
2024-05-08 11:40:00+03:00,13.649999618530273,13.65999984741211,13.619999885559082,13.619999885559082,13.619999885559082,6179833.0
2024-05-08 11:45:00+03:00,13.619999885559082,13.630000114440918,13.59000015258789,13.619999885559082,13.619999885559082,7136387.0
2024-05-08 11:50:00+03:00,13.619999885559082,13.630000114440918,13.59000015258789,13.609999656677246,13.609999656677246,3459047.0
2024-05-08 11:55:00+03:00,13.609999656677246,13.619999885559082,13.579999923706055,13.59000015258789,13.59000015258789,5302522.0
2024-05-08 12:00:00+03:00,13.59000015258789,13.609999656677246,13.579999923706055,13.59000015258789,13.59000015258789,3667144.0
2024-05-08 12:05:00+03:00,13.579999923706055,13.59000015258789,13.5600004196167,13.579999923706055,13.579999923706055,3872250.0
2024-05-08 12:10:00+03:00,13.59000015258789,13.600000381469727,13.5600004196167,13.600000381469727,13.600000381469727,4080828.0
2024-05-08 12:15:00+03:00,13.600000381469727,13.600000381469727,13.569999694824219,13.579999923706055,13.579999923706055,3489182.0
2024-05-08 12:20:00+03:00,13.569999694824219,13.59000015258789,13.5600004196167,13.569999694824219,13.569999694824219,1964741.0
2024-05-08 12:25:00+03:00,13.569999694824219,13.609999656677246,13.5600004196167,13.609999656677246,13.609999656677246,2072014.0
2024-05-08 12:30:00+03:00,13.609999656677246,13.609999656677246,13.59000015258789,13.600000381469727,13.600000381469727,1637398.0
2024-05-08 12:35:00+03:00,13.609999656677246,13.630000114440918,13.600000381469727,13.619999885559082,13.619999885559082,880374.0
2024-05-08 12:40:00+03:00,13.619999885559082,13.619999885559082,13.600000381469727,13.609999656677246,13.609999656677246,548592.0
2024-05-08 12:45:00+03:00,13.609999656677246,13.619999885559082,13.600000381469727,13.619999885559082,13.619999885559082,848926.0
2024-05-08 12:50:00+03:00,13.619999885559082,13.619999885559082,13.600000381469727,13.609999656677246,13.609999656677246,697860.0
2024-05-08 12:55:00+03:00,13.600000381469727,13.619999885559082,13.59000015258789,13.600000381469727,13.600000381469727,1836235.0
2024-05-08 13:00:00+03:00,13.600000381469727,13.600000381469727,13.579999923706055,13.579999923706055,13.579999923706055,1198082.0
2024-05-08 13:05:00+03:00,13.59000015258789,13.600000381469727,13.5600004196167,13.579999923706055,13.579999923706055,1447730.0
2024-05-08 13:10:00+03:00,13.569999694824219,13.600000381469727,13.569999694824219,13.59000015258789,13.59000015258789,945560.0
2024-05-08 13:15:00+03:00,13.59000015258789,13.600000381469727,13.579999923706055,13.600000381469727,13.600000381469727,1362367.0
2024-05-08 13:20:00+03:00,13.59000015258789,13.600000381469727,13.579999923706055,13.59000015258789,13.59000015258789,626001.0
2024-05-08 13:25:00+03:00,13.59000015258789,13.600000381469727,13.579999923706055,13.600000381469727,13.600000381469727,358441.0
2024-05-08 13:30:00+03:00,13.600000381469727,13.600000381469727,13.569999694824219,13.579999923706055,13.579999923706055,1443002.0
2024-05-08 13:35:00+03:00,13.579999923706055,13.59000015258789,13.569999694824219,13.59000015258789,13.59000015258789,444373.0
2024-05-08 13:40:00+03:00,13.59000015258789,13.59000015258789,13.550000190734863,13.5600004196167,13.5600004196167,2676751.0
2024-05-08 13:45:00+03:00,13.569999694824219,13.579999923706055,13.5600004196167,13.569999694824219,13.569999694824219,565214.0
2024-05-08 13:50:00+03:00,13.569999694824219,13.579999923706055,13.5600004196167,13.569999694824219,13.569999694824219,731396.0
2024-05-08 13:55:00+03:00,13.569999694824219,13.579999923706055,13.5600004196167,13.569999694824219,13.569999694824219,895989.0
2024-05-08 14:00:00+03:00,13.569999694824219,13.59000015258789,13.5600004196167,13.579999923706055,13.579999923706055,1211785.0
2024-05-08 14:05:00+03:00,13.579999923706055,13.600000381469727,13.569999694824219,13.579999923706055,13.579999923706055,1275214.0
2024-05-08 14:10:00+03:00,13.579999923706055,13.59000015258789,13.569999694824219,13.59000015258789,13.59000015258789,635542.0
2024-05-08 14:15:00+03:00,13.59000015258789,13.59000015258789,13.579999923706055,13.579999923706055,13.579999923706055,201950.0
2024-05-08 14:20:00+03:00,13.59000015258789,13.600000381469727,13.569999694824219,13.59000015258789,13.59000015258789,1961637.0
2024-05-08 14:25:00+03:00,13.579999923706055,13.59000015258789,13.579999923706055,13.579999923706055,13.579999923706055,378894.0
2024-05-08 14:30:00+03:00,13.59000015258789,13.59000015258789,13.5600004196167,13.569999694824219,13.569999694824219,2152880.0
2024-05-08 14:35:00+03:00,13.569999694824219,13.59000015258789,13.569999694824219,13.59000015258789,13.59000015258789,354808.0
2024-05-08 14:40:00+03:00,13.59000015258789,13.59000015258789,13.569999694824219,13.59000015258789,13.59000015258789,1241422.0
2024-05-08 14:45:00+03:00,13.579999923706055,13.59000015258789,13.579999923706055,13.59000015258789,13.59000015258789,552824.0
2024-05-08 14:50:00+03:00,13.59000015258789,13.640000343322754,13.579999923706055,13.630000114440918,13.630000114440918,3186810.0
2024-05-08 14:55:00+03:00,13.630000114440918,13.649999618530273,13.619999885559082,13.630000114440918,13.630000114440918,2459000.0
2024-05-08 15:00:00+03:00,13.630000114440918,13.6899995803833,13.619999885559082,13.680000305175781,13.680000305175781,4416232.0
2024-05-08 15:05:00+03:00,13.680000305175781,13.6899995803833,13.640000343322754,13.65999984741211,13.65999984741211,5378982.0
2024-05-08 15:10:00+03:00,13.649999618530273,13.65999984741211,13.619999885559082,13.640000343322754,13.640000343322754,2124153.0
2024-05-08 15:15:00+03:00,13.640000343322754,13.649999618530273,13.619999885559082,13.630000114440918,13.630000114440918,784365.0
2024-05-08 15:20:00+03:00,13.630000114440918,13.65999984741211,13.630000114440918,13.649999618530273,13.649999618530273,1169668.0
2024-05-08 15:25:00+03:00,13.649999618530273,13.649999618530273,13.619999885559082,13.640000343322754,13.640000343322754,704806.0
2024-05-08 15:30:00+03:00,13.640000343322754,13.649999618530273,13.619999885559082,13.649999618530273,13.649999618530273,868683.0
2024-05-08 15:35:00+03:00,13.640000343322754,13.649999618530273,13.609999656677246,13.630000114440918,13.630000114440918,1662344.0
2024-05-08 15:40:00+03:00,13.640000343322754,13.649999618530273,13.619999885559082,13.619999885559082,13.619999885559082,743575.0
2024-05-08 15:45:00+03:00,13.619999885559082,13.630000114440918,13.600000381469727,13.609999656677246,13.609999656677246,1947188.0
2024-05-08 15:50:00+03:00,13.600000381469727,13.630000114440918,13.59000015258789,13.630000114440918,13.630000114440918,1957878.0
2024-05-08 15:55:00+03:00,13.630000114440918,13.630000114440918,13.569999694824219,13.579999923706055,13.579999923706055,1767446.0
2024-05-08 16:00:00+03:00,13.59000015258789,13.609999656677246,13.569999694824219,13.579999923706055,13.579999923706055,2169611.0
2024-05-08 16:05:00+03:00,13.59000015258789,13.600000381469727,13.569999694824219,13.600000381469727,13.600000381469727,917993.0
2024-05-08 16:10:00+03:00,13.600000381469727,13.600000381469727,13.569999694824219,13.569999694824219,13.569999694824219,1107295.0
2024-05-08 16:15:00+03:00,13.579999923706055,13.609999656677246,13.569999694824219,13.609999656677246,13.609999656677246,682575.0
2024-05-08 16:20:00+03:00,13.600000381469727,13.609999656677246,13.579999923706055,13.600000381469727,13.600000381469727,817350.0
2024-05-08 16:25:00+03:00,13.609999656677246,13.65999984741211,13.600000381469727,13.640000343322754,13.640000343322754,2732837.0
2024-05-08 16:30:00+03:00,13.649999618530273,13.649999618530273,13.600000381469727,13.619999885559082,13.619999885559082,1476164.0
2024-05-08 16:35:00+03:00,13.630000114440918,13.630000114440918,13.609999656677246,13.609999656677246,13.609999656677246,810935.0
2024-05-08 16:40:00+03:00,13.609999656677246,13.619999885559082,13.579999923706055,13.59000015258789,13.59000015258789,1137084.0
2024-05-08 16:45:00+03:00,13.600000381469727,13.640000343322754,13.600000381469727,13.640000343322754,13.640000343322754,2722725.0
2024-05-08 16:50:00+03:00,13.630000114440918,13.640000343322754,13.600000381469727,13.619999885559082,13.619999885559082,1623738.0
2024-05-08 16:55:00+03:00,13.609999656677246,13.640000343322754,13.609999656677246,13.640000343322754,13.640000343322754,1174149.0
2024-05-08 17:00:00+03:00,13.640000343322754,13.640000343322754,13.619999885559082,13.619999885559082,13.619999885559082,1385360.0
2024-05-08 17:05:00+03:00,13.630000114440918,13.630000114440918,13.600000381469727,13.609999656677246,13.609999656677246,1010603.0
2024-05-08 17:10:00+03:00,13.619999885559082,13.619999885559082,13.59000015258789,13.600000381469727,13.600000381469727,1355869.0
2024-05-08 17:15:00+03:00,13.600000381469727,13.600000381469727,13.579999923706055,13.600000381469727,13.600000381469727,2289995.0
2024-05-08 17:20:00+03:00,13.600000381469727,13.600000381469727,13.5600004196167,13.600000381469727,13.600000381469727,2711921.0
2024-05-08 17:25:00+03:00,13.600000381469727,13.600000381469727,13.569999694824219,13.579999923706055,13.579999923706055,1576105.0
2024-05-08 17:30:00+03:00,13.59000015258789,13.600000381469727,13.569999694824219,13.59000015258789,13.59000015258789,1673835.0
2024-05-08 17:35:00+03:00,13.59000015258789,13.609999656677246,13.579999923706055,13.59000015258789,13.59000015258789,2117910.0
2024-05-08 17:40:00+03:00,13.579999923706055,13.600000381469727,13.569999694824219,13.579999923706055,13.579999923706055,1684137.0
2024-05-08 17:45:00+03:00,13.579999923706055,13.59000015258789,13.5600004196167,13.579999923706055,13.579999923706055,2515599.0
2024-05-08 17:50:00+03:00,13.59000015258789,13.59000015258789,13.550000190734863,13.5600004196167,13.5600004196167,5598425.0
2024-05-08 17:55:00+03:00,13.5600004196167,13.609999656677246,13.550000190734863,13.600000381469727,13.600000381469727,10812477.0
2024-05-09 09:55:00+03:00,13.640000343322754,13.640000343322754,13.640000343322754,13.640000343322754,13.640000343322754,0.0
2024-05-09 10:00:00+03:00,13.640000343322754,13.760000228881836,13.640000343322754,13.739999771118164,13.739999771118164,21812474.0
2024-05-09 10:05:00+03:00,13.729999542236328,13.75,13.6899995803833,13.710000038146973,13.710000038146973,8036115.0
2024-05-09 10:10:00+03:00,13.710000038146973,13.720000267028809,13.630000114440918,13.649999618530273,13.649999618530273,6314698.0
2024-05-09 10:15:00+03:00,13.649999618530273,13.649999618530273,13.619999885559082,13.630000114440918,13.630000114440918,3957150.0
2024-05-09 10:20:00+03:00,13.640000343322754,13.640000343322754,13.59000015258789,13.619999885559082,13.619999885559082,5330336.0
2024-05-09 10:25:00+03:00,13.619999885559082,13.640000343322754,13.600000381469727,13.609999656677246,13.609999656677246,2814571.0
2024-05-09 10:30:00+03:00,13.609999656677246,13.65999984741211,13.600000381469727,13.65999984741211,13.65999984741211,5380892.0
2024-05-09 10:35:00+03:00,13.65999984741211,13.65999984741211,13.630000114440918,13.640000343322754,13.640000343322754,2181770.0
2024-05-09 10:40:00+03:00,13.640000343322754,13.640000343322754,13.609999656677246,13.619999885559082,13.619999885559082,1038671.0
2024-05-09 10:45:00+03:00,13.630000114440918,13.640000343322754,13.609999656677246,13.619999885559082,13.619999885559082,1424745.0
2024-05-09 10:50:00+03:00,13.609999656677246,13.630000114440918,13.600000381469727,13.630000114440918,13.630000114440918,2118681.0
2024-05-09 10:55:00+03:00,13.630000114440918,13.630000114440918,13.609999656677246,13.609999656677246,13.609999656677246,1184284.0
2024-05-09 11:00:00+03:00,13.609999656677246,13.699999809265137,13.609999656677246,13.670000076293945,13.670000076293945,10989300.0
2024-05-09 11:05:00+03:00,13.680000305175781,13.710000038146973,13.65999984741211,13.699999809265137,13.699999809265137,10845495.0
2024-05-09 11:10:00+03:00,13.6899995803833,13.699999809265137,13.65999984741211,13.680000305175781,13.680000305175781,4773962.0
2024-05-09 11:15:00+03:00,13.680000305175781,13.699999809265137,13.670000076293945,13.6899995803833,13.6899995803833,2696529.0
2024-05-09 11:20:00+03:00,13.699999809265137,13.710000038146973,13.6899995803833,13.710000038146973,13.710000038146973,4586396.0
2024-05-09 11:25:00+03:00,13.699999809265137,13.75,13.699999809265137,13.720000267028809,13.720000267028809,8513972.0
2024-05-09 11:30:00+03:00,13.720000267028809,13.720000267028809,13.680000305175781,13.6899995803833,13.6899995803833,4393013.0
2024-05-09 11:35:00+03:00,13.6899995803833,13.699999809265137,13.680000305175781,13.699999809265137,13.699999809265137,1287071.0
2024-05-09 11:40:00+03:00,13.6899995803833,13.699999809265137,13.680000305175781,13.6899995803833,13.6899995803833,1406698.0
2024-05-09 11:45:00+03:00,13.6899995803833,13.6899995803833,13.670000076293945,13.680000305175781,13.680000305175781,1240414.0
2024-05-09 11:50:00+03:00,13.680000305175781,13.680000305175781,13.649999618530273,13.65999984741211,13.65999984741211,1551516.0
2024-05-09 11:55:00+03:00,13.65999984741211,13.680000305175781,13.640000343322754,13.680000305175781,13.680000305175781,1823881.0
2024-05-09 12:00:00+03:00,13.680000305175781,13.680000305175781,13.649999618530273,13.65999984741211,13.65999984741211,1476826.0
2024-05-09 12:05:00+03:00,13.65999984741211,13.680000305175781,13.640000343322754,13.670000076293945,13.670000076293945,1994204.0
2024-05-09 12:10:00+03:00,13.670000076293945,13.680000305175781,13.65999984741211,13.670000076293945,13.670000076293945,1415490.0
2024-05-09 12:15:00+03:00,13.680000305175781,13.680000305175781,13.65999984741211,13.670000076293945,13.670000076293945,415238.0
2024-05-09 12:20:00+03:00,13.670000076293945,13.680000305175781,13.649999618530273,13.649999618530273,13.649999618530273,960942.0
2024-05-09 12:25:00+03:00,13.649999618530273,13.65999984741211,13.630000114440918,13.640000343322754,13.640000343322754,2021385.0
2024-05-09 12:30:00+03:00,13.640000343322754,13.649999618530273,13.600000381469727,13.609999656677246,13.609999656677246,4120710.0
2024-05-09 12:35:00+03:00,13.609999656677246,13.630000114440918,13.600000381469727,13.619999885559082,13.619999885559082,1662657.0
2024-05-09 12:40:00+03:00,13.630000114440918,13.640000343322754,13.609999656677246,13.630000114440918,13.630000114440918,1012700.0
2024-05-09 12:45:00+03:00,13.630000114440918,13.65999984741211,13.619999885559082,13.649999618530273,13.649999618530273,1590892.0
2024-05-09 12:50:00+03:00,13.649999618530273,13.65999984741211,13.630000114440918,13.65999984741211,13.65999984741211,724709.0
2024-05-09 12:55:00+03:00,13.65999984741211,13.65999984741211,13.630000114440918,13.630000114440918,13.630000114440918,1117108.0
2024-05-09 13:00:00+03:00,13.630000114440918,13.670000076293945,13.619999885559082,13.65999984741211,13.65999984741211,1140057.0
2024-05-09 13:05:00+03:00,13.649999618530273,13.65999984741211,13.619999885559082,13.630000114440918,13.630000114440918,1029781.0
2024-05-09 13:10:00+03:00,13.630000114440918,13.65999984741211,13.619999885559082,13.65999984741211,13.65999984741211,1153478.0
2024-05-09 13:15:00+03:00,13.65999984741211,13.670000076293945,13.649999618530273,13.670000076293945,13.670000076293945,484734.0
2024-05-09 13:20:00+03:00,13.670000076293945,13.6899995803833,13.65999984741211,13.680000305175781,13.680000305175781,3312797.0
2024-05-09 13:25:00+03:00,13.6899995803833,13.6899995803833,13.65999984741211,13.65999984741211,13.65999984741211,771783.0
2024-05-09 13:30:00+03:00,13.670000076293945,13.680000305175781,13.65999984741211,13.680000305175781,13.680000305175781,373597.0
2024-05-09 13:35:00+03:00,13.680000305175781,13.680000305175781,13.65999984741211,13.680000305175781,13.680000305175781,1080371.0
2024-05-09 13:40:00+03:00,13.680000305175781,13.720000267028809,13.680000305175781,13.710000038146973,13.710000038146973,7016747.0
2024-05-09 13:45:00+03:00,13.710000038146973,13.739999771118164,13.699999809265137,13.739999771118164,13.739999771118164,5079177.0
2024-05-09 13:50:00+03:00,13.729999542236328,13.770000457763672,13.729999542236328,13.729999542236328,13.729999542236328,7455780.0
2024-05-09 13:55:00+03:00,13.729999542236328,13.75,13.710000038146973,13.739999771118164,13.739999771118164,3033474.0
2024-05-09 14:00:00+03:00,13.729999542236328,13.75,13.729999542236328,13.739999771118164,13.739999771118164,4187029.0
2024-05-09 14:05:00+03:00,13.739999771118164,13.75,13.710000038146973,13.729999542236328,13.729999542236328,2991319.0
2024-05-09 14:10:00+03:00,13.729999542236328,13.75,13.720000267028809,13.720000267028809,13.720000267028809,1859458.0
2024-05-09 14:15:00+03:00,13.729999542236328,13.75,13.720000267028809,13.739999771118164,13.739999771118164,1452352.0
2024-05-09 14:20:00+03:00,13.739999771118164,13.75,13.720000267028809,13.729999542236328,13.729999542236328,2114301.0
2024-05-09 14:25:00+03:00,13.739999771118164,13.739999771118164,13.699999809265137,13.710000038146973,13.710000038146973,1959657.0
2024-05-09 14:30:00+03:00,13.710000038146973,13.729999542236328,13.699999809265137,13.699999809265137,13.699999809265137,1247928.0
2024-05-09 14:35:00+03:00,13.710000038146973,13.720000267028809,13.699999809265137,13.720000267028809,13.720000267028809,2073357.0
2024-05-09 14:40:00+03:00,13.710000038146973,13.739999771118164,13.699999809265137,13.739999771118164,13.739999771118164,1212023.0
2024-05-09 14:45:00+03:00,13.739999771118164,13.75,13.720000267028809,13.729999542236328,13.729999542236328,2827227.0
2024-05-09 14:50:00+03:00,13.720000267028809,13.729999542236328,13.699999809265137,13.699999809265137,13.699999809265137,958008.0
2024-05-09 14:55:00+03:00,13.710000038146973,13.710000038146973,13.6899995803833,13.699999809265137,13.699999809265137,1861900.0
2024-05-09 15:00:00+03:00,13.699999809265137,13.710000038146973,13.680000305175781,13.710000038146973,13.710000038146973,1670959.0
2024-05-09 15:05:00+03:00,13.699999809265137,13.710000038146973,13.6899995803833,13.6899995803833,13.6899995803833,771245.0
2024-05-09 15:10:00+03:00,13.699999809265137,13.710000038146973,13.6899995803833,13.699999809265137,13.699999809265137,503098.0
2024-05-09 15:15:00+03:00,13.699999809265137,13.710000038146973,13.680000305175781,13.699999809265137,13.699999809265137,921751.0
2024-05-09 15:20:00+03:00,13.710000038146973,13.710000038146973,13.6899995803833,13.699999809265137,13.699999809265137,817579.0
2024-05-09 15:25:00+03:00,13.6899995803833,13.710000038146973,13.680000305175781,13.699999809265137,13.699999809265137,1330303.0
2024-05-09 15:30:00+03:00,13.699999809265137,13.699999809265137,13.670000076293945,13.670000076293945,13.670000076293945,839388.0
2024-05-09 15:35:00+03:00,13.680000305175781,13.699999809265137,13.680000305175781,13.699999809265137,13.699999809265137,290427.0
2024-05-09 15:40:00+03:00,13.699999809265137,13.699999809265137,13.680000305175781,13.6899995803833,13.6899995803833,940002.0
2024-05-09 15:45:00+03:00,13.699999809265137,13.699999809265137,13.640000343322754,13.6899995803833,13.6899995803833,2291657.0
2024-05-09 15:50:00+03:00,13.699999809265137,13.699999809265137,13.670000076293945,13.6899995803833,13.6899995803833,902412.0
2024-05-09 15:55:00+03:00,13.699999809265137,13.720000267028809,13.680000305175781,13.6899995803833,13.6899995803833,7186067.0
2024-05-09 16:00:00+03:00,13.6899995803833,13.699999809265137,13.670000076293945,13.670000076293945,13.670000076293945,820823.0
2024-05-09 16:05:00+03:00,13.670000076293945,13.699999809265137,13.670000076293945,13.6899995803833,13.6899995803833,693131.0
2024-05-09 16:10:00+03:00,13.6899995803833,13.710000038146973,13.680000305175781,13.6899995803833,13.6899995803833,700047.0
2024-05-09 16:15:00+03:00,13.699999809265137,13.710000038146973,13.6899995803833,13.699999809265137,13.699999809265137,931148.0
2024-05-09 16:20:00+03:00,13.699999809265137,13.710000038146973,13.680000305175781,13.6899995803833,13.6899995803833,956542.0
2024-05-09 16:25:00+03:00,13.6899995803833,13.699999809265137,13.680000305175781,13.699999809265137,13.699999809265137,397604.0
2024-05-09 16:30:00+03:00,13.699999809265137,13.710000038146973,13.680000305175781,13.699999809265137,13.699999809265137,1768194.0
2024-05-09 16:35:00+03:00,13.6899995803833,13.710000038146973,13.680000305175781,13.699999809265137,13.699999809265137,2446741.0
2024-05-09 16:40:00+03:00,13.710000038146973,13.710000038146973,13.6899995803833,13.710000038146973,13.710000038146973,1881313.0
2024-05-09 16:45:00+03:00,13.699999809265137,13.710000038146973,13.6899995803833,13.699999809265137,13.699999809265137,850335.0
2024-05-09 16:50:00+03:00,13.6899995803833,13.729999542236328,13.6899995803833,13.720000267028809,13.720000267028809,5901659.0
2024-05-09 16:55:00+03:00,13.720000267028809,13.720000267028809,13.699999809265137,13.710000038146973,13.710000038146973,1075100.0
2024-05-09 17:00:00+03:00,13.710000038146973,13.75,13.680000305175781,13.680000305175781,13.680000305175781,6431020.0
2024-05-09 17:05:00+03:00,13.6899995803833,13.729999542236328,13.680000305175781,13.710000038146973,13.710000038146973,2361808.0
2024-05-09 17:10:00+03:00,13.710000038146973,13.720000267028809,13.6899995803833,13.699999809265137,13.699999809265137,2333965.0
2024-05-09 17:15:00+03:00,13.699999809265137,13.720000267028809,13.6899995803833,13.699999809265137,13.699999809265137,2050138.0
2024-05-09 17:20:00+03:00,13.6899995803833,13.710000038146973,13.680000305175781,13.6899995803833,13.6899995803833,1815213.0
2024-05-09 17:25:00+03:00,13.680000305175781,13.699999809265137,13.680000305175781,13.6899995803833,13.6899995803833,1795676.0
2024-05-09 17:30:00+03:00,13.6899995803833,13.699999809265137,13.680000305175781,13.6899995803833,13.6899995803833,1574687.0
2024-05-09 17:35:00+03:00,13.6899995803833,13.720000267028809,13.680000305175781,13.710000038146973,13.710000038146973,3326161.0
2024-05-09 17:40:00+03:00,13.710000038146973,13.75,13.699999809265137,13.699999809265137,13.699999809265137,10389035.0
2024-05-09 17:45:00+03:00,13.699999809265137,13.739999771118164,13.699999809265137,13.720000267028809,13.720000267028809,2399823.0
2024-05-09 17:50:00+03:00,13.729999542236328,13.729999542236328,13.6899995803833,13.6899995803833,13.6899995803833,4994396.0
2024-05-09 17:55:00+03:00,13.699999809265137,13.699999809265137,13.640000343322754,13.680000305175781,13.680000305175781,6690130.0
2024-05-10 09:55:00+03:00,13.720000267028809,13.720000267028809,13.720000267028809,13.720000267028809,13.720000267028809,0.0
2024-05-10 10:00:00+03:00,13.710000038146973,13.739999771118164,13.680000305175781,13.6899995803833,13.6899995803833,7797029.0
2024-05-10 10:05:00+03:00,13.6899995803833,13.6899995803833,13.649999618530273,13.670000076293945,13.670000076293945,2484847.0
2024-05-10 10:10:00+03:00,13.670000076293945,13.680000305175781,13.619999885559082,13.65999984741211,13.65999984741211,4049259.0
2024-05-10 10:15:00+03:00,13.65999984741211,13.670000076293945,13.619999885559082,13.649999618530273,13.649999618530273,2937032.0
2024-05-10 10:20:00+03:00,13.65999984741211,13.75,13.649999618530273,13.739999771118164,13.739999771118164,9464235.0
2024-05-10 10:25:00+03:00,13.739999771118164,13.760000228881836,13.710000038146973,13.729999542236328,13.729999542236328,6333122.0
2024-05-10 10:30:00+03:00,13.729999542236328,13.75,13.710000038146973,13.739999771118164,13.739999771118164,4165447.0
2024-05-10 10:35:00+03:00,13.75,13.819999694824219,13.729999542236328,13.779999732971191,13.779999732971191,9391254.0
2024-05-10 10:40:00+03:00,13.789999961853027,13.800000190734863,13.75,13.75,13.75,3523334.0
2024-05-10 10:45:00+03:00,13.75,13.75,13.729999542236328,13.739999771118164,13.739999771118164,1340757.0
2024-05-10 10:50:00+03:00,13.75,13.760000228881836,13.720000267028809,13.729999542236328,13.729999542236328,2700923.0
2024-05-10 10:55:00+03:00,13.739999771118164,13.75,13.729999542236328,13.75,13.75,2363641.0
2024-05-10 11:00:00+03:00,13.739999771118164,13.770000457763672,13.729999542236328,13.739999771118164,13.739999771118164,4007124.0
2024-05-10 11:05:00+03:00,13.739999771118164,13.760000228881836,13.729999542236328,13.760000228881836,13.760000228881836,1421463.0
2024-05-10 11:10:00+03:00,13.760000228881836,13.770000457763672,13.739999771118164,13.760000228881836,13.760000228881836,2063952.0
2024-05-10 11:15:00+03:00,13.760000228881836,13.779999732971191,13.75,13.770000457763672,13.770000457763672,1775955.0
2024-05-10 11:20:00+03:00,13.760000228881836,13.800000190734863,13.760000228881836,13.779999732971191,13.779999732971191,5529998.0
2024-05-10 11:25:00+03:00,13.770000457763672,13.800000190734863,13.760000228881836,13.789999961853027,13.789999961853027,3574439.0
2024-05-10 11:30:00+03:00,13.789999961853027,13.8100004196167,13.779999732971191,13.800000190734863,13.800000190734863,3683152.0
2024-05-10 11:35:00+03:00,13.800000190734863,13.819999694824219,13.789999961853027,13.8100004196167,13.8100004196167,4405472.0
2024-05-10 11:40:00+03:00,13.8100004196167,13.8100004196167,13.789999961853027,13.8100004196167,13.8100004196167,4464886.0
2024-05-10 11:45:00+03:00,13.8100004196167,13.8100004196167,13.789999961853027,13.800000190734863,13.800000190734863,2390493.0
2024-05-10 11:50:00+03:00,13.800000190734863,13.829999923706055,13.800000190734863,13.819999694824219,13.819999694824219,5197081.0
2024-05-10 11:55:00+03:00,13.819999694824219,13.850000381469727,13.8100004196167,13.819999694824219,13.819999694824219,7755934.0
2024-05-10 12:00:00+03:00,13.829999923706055,13.84000015258789,13.819999694824219,13.829999923706055,13.829999923706055,3321838.0
2024-05-10 12:05:00+03:00,13.829999923706055,13.84000015258789,13.819999694824219,13.84000015258789,13.84000015258789,504570.0
2024-05-10 12:10:00+03:00,13.84000015258789,13.84000015258789,13.819999694824219,13.829999923706055,13.829999923706055,1610553.0
2024-05-10 12:15:00+03:00,13.84000015258789,13.859999656677246,13.829999923706055,13.84000015258789,13.84000015258789,3632950.0
2024-05-10 12:20:00+03:00,13.84000015258789,13.850000381469727,13.829999923706055,13.84000015258789,13.84000015258789,885787.0
2024-05-10 12:25:00+03:00,13.84000015258789,13.850000381469727,13.84000015258789,13.84000015258789,13.84000015258789,886968.0
2024-05-10 12:30:00+03:00,13.850000381469727,13.850000381469727,13.819999694824219,13.829999923706055,13.829999923706055,1906239.0
2024-05-10 12:35:00+03:00,13.84000015258789,13.84000015258789,13.8100004196167,13.8100004196167,13.8100004196167,1448246.0
2024-05-10 12:40:00+03:00,13.819999694824219,13.850000381469727,13.8100004196167,13.84000015258789,13.84000015258789,1234903.0
2024-05-10 12:45:00+03:00,13.850000381469727,13.850000381469727,13.829999923706055,13.84000015258789,13.84000015258789,2150956.0
2024-05-10 12:50:00+03:00,13.84000015258789,13.850000381469727,13.819999694824219,13.829999923706055,13.829999923706055,1688771.0
2024-05-10 12:55:00+03:00,13.829999923706055,13.829999923706055,13.8100004196167,13.8100004196167,13.8100004196167,636914.0
2024-05-10 13:00:00+03:00,13.819999694824219,13.850000381469727,13.8100004196167,13.84000015258789,13.84000015258789,1808330.0
2024-05-10 13:05:00+03:00,13.829999923706055,13.84000015258789,13.819999694824219,13.829999923706055,13.829999923706055,352287.0
2024-05-10 13:10:00+03:00,13.829999923706055,13.850000381469727,13.829999923706055,13.84000015258789,13.84000015258789,1093800.0
2024-05-10 13:15:00+03:00,13.850000381469727,13.869999885559082,13.829999923706055,13.869999885559082,13.869999885559082,7423123.0
2024-05-10 13:20:00+03:00,13.869999885559082,13.9399995803833,13.859999656677246,13.90999984741211,13.90999984741211,16419493.0
2024-05-10 13:25:00+03:00,13.90999984741211,13.920000076293945,13.859999656677246,13.869999885559082,13.869999885559082,8785470.0
2024-05-10 13:30:00+03:00,13.869999885559082,13.920000076293945,13.859999656677246,13.90999984741211,13.90999984741211,8798518.0
2024-05-10 13:35:00+03:00,13.90999984741211,13.90999984741211,13.869999885559082,13.90999984741211,13.90999984741211,3476379.0
2024-05-10 13:40:00+03:00,13.90999984741211,13.9399995803833,13.899999618530273,13.90999984741211,13.90999984741211,7014351.0
2024-05-10 13:45:00+03:00,13.90999984741211,13.930000305175781,13.899999618530273,13.920000076293945,13.920000076293945,3717992.0
2024-05-10 13:50:00+03:00,13.930000305175781,13.930000305175781,13.890000343322754,13.90999984741211,13.90999984741211,3487507.0
2024-05-10 13:55:00+03:00,13.90999984741211,13.90999984741211,13.880000114440918,13.890000343322754,13.890000343322754,2597970.0
2024-05-10 14:00:00+03:00,13.890000343322754,13.899999618530273,13.859999656677246,13.880000114440918,13.880000114440918,2215605.0
2024-05-10 14:05:00+03:00,13.880000114440918,13.880000114440918,13.829999923706055,13.859999656677246,13.859999656677246,3639175.0
2024-05-10 14:10:00+03:00,13.850000381469727,13.859999656677246,13.829999923706055,13.850000381469727,13.850000381469727,1832445.0
2024-05-10 14:15:00+03:00,13.850000381469727,13.850000381469727,13.84000015258789,13.84000015258789,13.84000015258789,764949.0
2024-05-10 14:20:00+03:00,13.84000015258789,13.859999656677246,13.8100004196167,13.859999656677246,13.859999656677246,3985807.0
2024-05-10 14:25:00+03:00,13.859999656677246,13.859999656677246,13.84000015258789,13.850000381469727,13.850000381469727,790206.0
2024-05-10 14:30:00+03:00,13.850000381469727,13.859999656677246,13.84000015258789,13.850000381469727,13.850000381469727,613834.0
2024-05-10 14:35:00+03:00,13.859999656677246,13.869999885559082,13.850000381469727,13.850000381469727,13.850000381469727,726674.0
2024-05-10 14:40:00+03:00,13.850000381469727,13.880000114440918,13.850000381469727,13.880000114440918,13.880000114440918,543252.0
2024-05-10 14:45:00+03:00,13.880000114440918,13.890000343322754,13.859999656677246,13.869999885559082,13.869999885559082,2441582.0
2024-05-10 14:50:00+03:00,13.869999885559082,13.880000114440918,13.84000015258789,13.850000381469727,13.850000381469727,2329811.0
2024-05-10 14:55:00+03:00,13.850000381469727,13.880000114440918,13.850000381469727,13.869999885559082,13.869999885559082,1485825.0
2024-05-10 15:00:00+03:00,13.869999885559082,13.869999885559082,13.850000381469727,13.859999656677246,13.859999656677246,567815.0
2024-05-10 15:05:00+03:00,13.850000381469727,13.859999656677246,13.850000381469727,13.859999656677246,13.859999656677246,620476.0
2024-05-10 15:10:00+03:00,13.859999656677246,13.859999656677246,13.829999923706055,13.850000381469727,13.850000381469727,1998359.0
2024-05-10 15:15:00+03:00,13.850000381469727,13.859999656677246,13.800000190734863,13.8100004196167,13.8100004196167,2946754.0
2024-05-10 15:20:00+03:00,13.8100004196167,13.829999923706055,13.789999961853027,13.800000190734863,13.800000190734863,3890053.0
2024-05-10 15:25:00+03:00,13.789999961853027,13.800000190734863,13.720000267028809,13.729999542236328,13.729999542236328,5129639.0
2024-05-10 15:30:00+03:00,13.739999771118164,13.739999771118164,13.699999809265137,13.710000038146973,13.710000038146973,5049760.0
2024-05-10 15:35:00+03:00,13.720000267028809,13.729999542236328,13.680000305175781,13.6899995803833,13.6899995803833,7739810.0
2024-05-10 15:40:00+03:00,13.6899995803833,13.710000038146973,13.670000076293945,13.6899995803833,13.6899995803833,4331309.0
2024-05-10 15:45:00+03:00,13.699999809265137,13.720000267028809,13.670000076293945,13.680000305175781,13.680000305175781,5277289.0
2024-05-10 15:50:00+03:00,13.670000076293945,13.699999809265137,13.65999984741211,13.6899995803833,13.6899995803833,3807310.0
2024-05-10 15:55:00+03:00,13.6899995803833,13.6899995803833,13.670000076293945,13.680000305175781,13.680000305175781,4059556.0
2024-05-10 16:00:00+03:00,13.670000076293945,13.699999809265137,13.65999984741211,13.65999984741211,13.65999984741211,4694815.0
2024-05-10 16:05:00+03:00,13.670000076293945,13.6899995803833,13.65999984741211,13.6899995803833,13.6899995803833,2355935.0
2024-05-10 16:10:00+03:00,13.6899995803833,13.710000038146973,13.680000305175781,13.699999809265137,13.699999809265137,2673263.0
2024-05-10 16:15:00+03:00,13.710000038146973,13.710000038146973,13.6899995803833,13.710000038146973,13.710000038146973,2244818.0
2024-05-10 16:20:00+03:00,13.710000038146973,13.710000038146973,13.6899995803833,13.710000038146973,13.710000038146973,1384791.0
2024-05-10 16:25:00+03:00,13.710000038146973,13.710000038146973,13.680000305175781,13.6899995803833,13.6899995803833,2526333.0
2024-05-10 16:30:00+03:00,13.6899995803833,13.699999809265137,13.670000076293945,13.680000305175781,13.680000305175781,4590650.0
2024-05-10 16:35:00+03:00,13.670000076293945,13.6899995803833,13.670000076293945,13.6899995803833,13.6899995803833,2207208.0
2024-05-10 16:40:00+03:00,13.6899995803833,13.699999809265137,13.680000305175781,13.680000305175781,13.680000305175781,5119528.0
2024-05-10 16:45:00+03:00,13.6899995803833,13.699999809265137,13.680000305175781,13.6899995803833,13.6899995803833,1576016.0
2024-05-10 16:50:00+03:00,13.699999809265137,13.699999809265137,13.670000076293945,13.680000305175781,13.680000305175781,2660942.0
2024-05-10 16:55:00+03:00,13.680000305175781,13.6899995803833,13.670000076293945,13.670000076293945,13.670000076293945,2195801.0
2024-05-10 17:00:00+03:00,13.680000305175781,13.680000305175781,13.600000381469727,13.640000343322754,13.640000343322754,11488498.0
2024-05-10 17:05:00+03:00,13.640000343322754,13.649999618530273,13.630000114440918,13.649999618530273,13.649999618530273,2558008.0
2024-05-10 17:10:00+03:00,13.649999618530273,13.649999618530273,13.630000114440918,13.640000343322754,13.640000343322754,3148326.0
2024-05-10 17:15:00+03:00,13.640000343322754,13.649999618530273,13.630000114440918,13.640000343322754,13.640000343322754,1143590.0
2024-05-10 17:20:00+03:00,13.640000343322754,13.649999618530273,13.619999885559082,13.640000343322754,13.640000343322754,2931562.0
2024-05-10 17:25:00+03:00,13.640000343322754,13.640000343322754,13.630000114440918,13.640000343322754,13.640000343322754,442990.0
2024-05-10 17:30:00+03:00,13.640000343322754,13.640000343322754,13.609999656677246,13.619999885559082,13.619999885559082,0.0
2024-05-10 17:35:00+03:00,13.619999885559082,13.619999885559082,13.529999732971191,13.550000190734863,13.550000190734863,12172217.0
2024-05-10 17:40:00+03:00,13.550000190734863,13.579999923706055,13.529999732971191,13.5600004196167,13.5600004196167,7204597.0
2024-05-10 17:45:00+03:00,13.5600004196167,13.579999923706055,13.550000190734863,13.550000190734863,13.550000190734863,3611839.0
2024-05-10 17:50:00+03:00,13.5600004196167,13.569999694824219,13.539999961853027,13.550000190734863,13.550000190734863,4306201.0
2024-05-10 17:55:00+03:00,13.5600004196167,13.5600004196167,13.539999961853027,13.550000190734863,13.550000190734863,4091419.0
2024-05-13 09:55:00+03:00,13.529999732971191,13.529999732971191,13.529999732971191,13.529999732971191,13.529999732971191,0.0
2024-05-13 10:00:00+03:00,13.539999961853027,13.579999923706055,13.420000076293945,13.460000038146973,13.460000038146973,24238858.0
2024-05-13 10:05:00+03:00,13.449999809265137,13.489999771118164,13.380000114440918,13.399999618530273,13.399999618530273,6310196.0
2024-05-13 10:10:00+03:00,13.399999618530273,13.449999809265137,13.380000114440918,13.430000305175781,13.430000305175781,6885907.0
2024-05-13 10:15:00+03:00,13.4399995803833,13.470000267028809,13.399999618530273,13.420000076293945,13.420000076293945,3580844.0
2024-05-13 10:20:00+03:00,13.420000076293945,13.4399995803833,13.399999618530273,13.420000076293945,13.420000076293945,5115264.0
2024-05-13 10:25:00+03:00,13.420000076293945,13.420000076293945,13.34000015258789,13.359999656677246,13.359999656677246,7646836.0
2024-05-13 10:30:00+03:00,13.359999656677246,13.390000343322754,13.319999694824219,13.369999885559082,13.369999885559082,8150932.0
2024-05-13 10:35:00+03:00,13.369999885559082,13.40999984741211,13.369999885559082,13.369999885559082,13.369999885559082,4322324.0
2024-05-13 10:40:00+03:00,13.380000114440918,13.390000343322754,13.369999885559082,13.390000343322754,13.390000343322754,1811974.0
2024-05-13 10:45:00+03:00,13.380000114440918,13.390000343322754,13.369999885559082,13.380000114440918,13.380000114440918,858849.0
2024-05-13 10:50:00+03:00,13.380000114440918,13.430000305175781,13.369999885559082,13.420000076293945,13.420000076293945,2796523.0
2024-05-13 10:55:00+03:00,13.420000076293945,13.520000457763672,13.420000076293945,13.5,13.5,12478139.0
2024-05-13 11:00:00+03:00,13.5,13.520000457763672,13.470000267028809,13.5,13.5,4078989.0
2024-05-13 11:05:00+03:00,13.489999771118164,13.5,13.470000267028809,13.489999771118164,13.489999771118164,1566444.0
2024-05-13 11:10:00+03:00,13.479999542236328,13.510000228881836,13.470000267028809,13.510000228881836,13.510000228881836,3461784.0
2024-05-13 11:15:00+03:00,13.5,13.579999923706055,13.5,13.5600004196167,13.5600004196167,6054661.0
2024-05-13 11:20:00+03:00,13.569999694824219,13.609999656677246,13.5600004196167,13.59000015258789,13.59000015258789,13820595.0
2024-05-13 11:25:00+03:00,13.59000015258789,13.59000015258789,13.529999732971191,13.539999961853027,13.539999961853027,2547757.0
2024-05-13 11:30:00+03:00,13.529999732971191,13.579999923706055,13.520000457763672,13.529999732971191,13.529999732971191,3833840.0
2024-05-13 11:35:00+03:00,13.529999732971191,13.529999732971191,13.5,13.529999732971191,13.529999732971191,2810810.0
2024-05-13 11:40:00+03:00,13.520000457763672,13.529999732971191,13.510000228881836,13.520000457763672,13.520000457763672,1111705.0
2024-05-13 11:45:00+03:00,13.529999732971191,13.529999732971191,13.5,13.5,13.5,2615277.0
2024-05-13 11:50:00+03:00,13.510000228881836,13.510000228881836,13.489999771118164,13.510000228881836,13.510000228881836,2465785.0
2024-05-13 11:55:00+03:00,13.5,13.539999961853027,13.489999771118164,13.520000457763672,13.520000457763672,3608188.0
2024-05-13 12:00:00+03:00,13.529999732971191,13.529999732971191,13.5,13.510000228881836,13.510000228881836,738113.0
2024-05-13 12:05:00+03:00,13.510000228881836,13.520000457763672,13.5,13.510000228881836,13.510000228881836,665402.0
2024-05-13 12:10:00+03:00,13.520000457763672,13.539999961853027,13.510000228881836,13.529999732971191,13.529999732971191,1598192.0
2024-05-13 12:15:00+03:00,13.529999732971191,13.529999732971191,13.479999542236328,13.510000228881836,13.510000228881836,4054391.0
2024-05-13 12:20:00+03:00,13.510000228881836,13.510000228881836,13.479999542236328,13.489999771118164,13.489999771118164,941847.0
2024-05-13 12:25:00+03:00,13.479999542236328,13.5,13.479999542236328,13.489999771118164,13.489999771118164,1168606.0
2024-05-13 12:30:00+03:00,13.5,13.5,13.479999542236328,13.5,13.5,678228.0
2024-05-13 12:35:00+03:00,13.5,13.5,13.479999542236328,13.479999542236328,13.479999542236328,387097.0
2024-05-13 12:40:00+03:00,13.489999771118164,13.539999961853027,13.479999542236328,13.520000457763672,13.520000457763672,3305880.0
2024-05-13 12:45:00+03:00,13.520000457763672,13.529999732971191,13.5,13.529999732971191,13.529999732971191,980345.0
2024-05-13 12:50:00+03:00,13.520000457763672,13.5600004196167,13.520000457763672,13.539999961853027,13.539999961853027,1994912.0
2024-05-13 12:55:00+03:00,13.539999961853027,13.5600004196167,13.529999732971191,13.550000190734863,13.550000190734863,1792741.0
2024-05-13 13:00:00+03:00,13.550000190734863,13.550000190734863,13.520000457763672,13.539999961853027,13.539999961853027,883018.0
2024-05-13 13:05:00+03:00,13.529999732971191,13.539999961853027,13.489999771118164,13.510000228881836,13.510000228881836,2096399.0
2024-05-13 13:10:00+03:00,13.510000228881836,13.520000457763672,13.5,13.510000228881836,13.510000228881836,427663.0
2024-05-13 13:15:00+03:00,13.510000228881836,13.510000228881836,13.489999771118164,13.489999771118164,13.489999771118164,1480517.0
2024-05-13 13:20:00+03:00,13.489999771118164,13.510000228881836,13.489999771118164,13.5,13.5,620418.0
2024-05-13 13:25:00+03:00,13.510000228881836,13.520000457763672,13.5,13.520000457763672,13.520000457763672,873333.0
2024-05-13 13:30:00+03:00,13.520000457763672,13.539999961853027,13.5,13.529999732971191,13.529999732971191,1314850.0
2024-05-13 13:35:00+03:00,13.529999732971191,13.529999732971191,13.489999771118164,13.5,13.5,1268974.0
2024-05-13 13:40:00+03:00,13.489999771118164,13.510000228881836,13.479999542236328,13.5,13.5,2272077.0
2024-05-13 13:45:00+03:00,13.5,13.520000457763672,13.489999771118164,13.510000228881836,13.510000228881836,749533.0
2024-05-13 13:50:00+03:00,13.510000228881836,13.550000190734863,13.510000228881836,13.550000190734863,13.550000190734863,2366902.0
2024-05-13 13:55:00+03:00,13.539999961853027,13.550000190734863,13.510000228881836,13.520000457763672,13.520000457763672,4018909.0
2024-05-13 14:00:00+03:00,13.520000457763672,13.569999694824219,13.520000457763672,13.550000190734863,13.550000190734863,3362424.0
2024-05-13 14:05:00+03:00,13.539999961853027,13.569999694824219,13.539999961853027,13.539999961853027,13.539999961853027,2645687.0
2024-05-13 14:10:00+03:00,13.550000190734863,13.550000190734863,13.510000228881836,13.529999732971191,13.529999732971191,1841780.0
2024-05-13 14:15:00+03:00,13.539999961853027,13.579999923706055,13.520000457763672,13.5600004196167,13.5600004196167,2395283.0
2024-05-13 14:20:00+03:00,13.5600004196167,13.5600004196167,13.539999961853027,13.5600004196167,13.5600004196167,2584794.0
2024-05-13 14:25:00+03:00,13.5600004196167,13.5600004196167,13.529999732971191,13.539999961853027,13.539999961853027,2012321.0
2024-05-13 14:30:00+03:00,13.539999961853027,13.550000190734863,13.520000457763672,13.529999732971191,13.529999732971191,751514.0
2024-05-13 14:35:00+03:00,13.529999732971191,13.550000190734863,13.520000457763672,13.550000190734863,13.550000190734863,1129343.0
2024-05-13 14:40:00+03:00,13.550000190734863,13.550000190734863,13.529999732971191,13.550000190734863,13.550000190734863,620438.0
2024-05-13 14:45:00+03:00,13.550000190734863,13.550000190734863,13.529999732971191,13.550000190734863,13.550000190734863,639940.0
2024-05-13 14:50:00+03:00,13.539999961853027,13.579999923706055,13.529999732971191,13.569999694824219,13.569999694824219,5126950.0
2024-05-13 14:55:00+03:00,13.569999694824219,13.569999694824219,13.539999961853027,13.539999961853027,13.539999961853027,1489084.0
2024-05-13 15:00:00+03:00,13.550000190734863,13.550000190734863,13.520000457763672,13.529999732971191,13.529999732971191,2711092.0
2024-05-13 15:05:00+03:00,13.529999732971191,13.539999961853027,13.529999732971191,13.529999732971191,13.529999732971191,643342.0
2024-05-13 15:10:00+03:00,13.539999961853027,13.539999961853027,13.520000457763672,13.539999961853027,13.539999961853027,758084.0
2024-05-13 15:15:00+03:00,13.529999732971191,13.539999961853027,13.520000457763672,13.529999732971191,13.529999732971191,634172.0
2024-05-13 15:20:00+03:00,13.529999732971191,13.550000190734863,13.520000457763672,13.539999961853027,13.539999961853027,969550.0
2024-05-13 15:25:00+03:00,13.529999732971191,13.539999961853027,13.510000228881836,13.520000457763672,13.520000457763672,1580552.0
2024-05-13 15:30:00+03:00,13.520000457763672,13.5600004196167,13.520000457763672,13.529999732971191,13.529999732971191,1753481.0
2024-05-13 15:35:00+03:00,13.529999732971191,13.550000190734863,13.510000228881836,13.539999961853027,13.539999961853027,3068703.0
2024-05-13 15:40:00+03:00,13.539999961853027,13.550000190734863,13.529999732971191,13.539999961853027,13.539999961853027,1905288.0
2024-05-13 15:45:00+03:00,13.539999961853027,13.569999694824219,13.520000457763672,13.529999732971191,13.529999732971191,7918128.0
2024-05-13 15:50:00+03:00,13.529999732971191,13.539999961853027,13.510000228881836,13.539999961853027,13.539999961853027,2752409.0
2024-05-13 15:55:00+03:00,13.539999961853027,13.539999961853027,13.510000228881836,13.529999732971191,13.529999732971191,1674813.0
2024-05-13 16:00:00+03:00,13.529999732971191,13.539999961853027,13.510000228881836,13.529999732971191,13.529999732971191,4674265.0
2024-05-13 16:05:00+03:00,13.539999961853027,13.550000190734863,13.510000228881836,13.520000457763672,13.520000457763672,4329894.0
2024-05-13 16:10:00+03:00,13.520000457763672,13.539999961853027,13.510000228881836,13.529999732971191,13.529999732971191,1796939.0
2024-05-13 16:15:00+03:00,13.529999732971191,13.550000190734863,13.520000457763672,13.529999732971191,13.529999732971191,3241527.0
2024-05-13 16:20:00+03:00,13.529999732971191,13.550000190734863,13.510000228881836,13.520000457763672,13.520000457763672,3747777.0
2024-05-13 16:25:00+03:00,13.529999732971191,13.539999961853027,13.520000457763672,13.539999961853027,13.539999961853027,1273405.0
2024-05-13 16:30:00+03:00,13.539999961853027,13.550000190734863,13.520000457763672,13.539999961853027,13.539999961853027,2822183.0
2024-05-13 16:35:00+03:00,13.539999961853027,13.550000190734863,13.529999732971191,13.539999961853027,13.539999961853027,1060440.0
2024-05-13 16:40:00+03:00,13.529999732971191,13.609999656677246,13.529999732971191,13.59000015258789,13.59000015258789,21327606.0
2024-05-13 16:45:00+03:00,13.59000015258789,13.600000381469727,13.550000190734863,13.600000381469727,13.600000381469727,6361429.0
2024-05-13 16:50:00+03:00,13.600000381469727,13.640000343322754,13.59000015258789,13.630000114440918,13.630000114440918,9385195.0
2024-05-13 16:55:00+03:00,13.640000343322754,13.649999618530273,13.619999885559082,13.630000114440918,13.630000114440918,8937751.0
2024-05-13 17:00:00+03:00,13.630000114440918,13.649999618530273,13.619999885559082,13.630000114440918,13.630000114440918,5109847.0
2024-05-13 17:05:00+03:00,13.640000343322754,13.649999618530273,13.609999656677246,13.619999885559082,13.619999885559082,8735935.0
2024-05-13 17:10:00+03:00,13.630000114440918,13.640000343322754,13.600000381469727,13.619999885559082,13.619999885559082,2282866.0
2024-05-13 17:15:00+03:00,13.619999885559082,13.630000114440918,13.59000015258789,13.600000381469727,13.600000381469727,1258302.0
2024-05-13 17:20:00+03:00,13.59000015258789,13.600000381469727,13.579999923706055,13.59000015258789,13.59000015258789,912791.0
2024-05-13 17:25:00+03:00,13.59000015258789,13.59000015258789,13.550000190734863,13.5600004196167,13.5600004196167,1506501.0
2024-05-13 17:30:00+03:00,13.5600004196167,13.579999923706055,13.510000228881836,13.529999732971191,13.529999732971191,3324946.0
2024-05-13 17:35:00+03:00,13.529999732971191,13.529999732971191,13.5,13.520000457763672,13.520000457763672,5612144.0
2024-05-13 17:40:00+03:00,13.520000457763672,13.539999961853027,13.510000228881836,13.510000228881836,13.510000228881836,2359017.0
2024-05-13 17:45:00+03:00,13.520000457763672,13.520000457763672,13.460000038146973,13.470000267028809,13.470000267028809,10179441.0
2024-05-13 17:50:00+03:00,13.479999542236328,13.479999542236328,13.4399995803833,13.460000038146973,13.460000038146973,3904684.0
2024-05-13 17:55:00+03:00,13.460000038146973,13.460000038146973,13.350000381469727,13.350000381469727,13.350000381469727,7380729.0
2024-05-14 09:55:00+03:00,13.600000381469727,13.600000381469727,13.600000381469727,13.600000381469727,13.600000381469727,0.0
2024-05-14 10:00:00+03:00,13.600000381469727,13.720000267028809,13.59000015258789,13.619999885559082,13.619999885559082,41342877.0
2024-05-14 10:05:00+03:00,13.619999885559082,13.649999618530273,13.539999961853027,13.5600004196167,13.5600004196167,13365823.0
2024-05-14 10:10:00+03:00,13.550000190734863,13.5600004196167,13.479999542236328,13.5,13.5,14368781.0
2024-05-14 10:15:00+03:00,13.5,13.520000457763672,13.4399995803833,13.449999809265137,13.449999809265137,9685793.0
2024-05-14 10:20:00+03:00,13.449999809265137,13.510000228881836,13.430000305175781,13.460000038146973,13.460000038146973,7547665.0
2024-05-14 10:25:00+03:00,13.460000038146973,13.510000228881836,13.4399995803833,13.5,13.5,9131601.0
2024-05-14 10:30:00+03:00,13.510000228881836,13.529999732971191,13.5,13.5,13.5,5911536.0
2024-05-14 10:35:00+03:00,13.510000228881836,13.510000228881836,13.470000267028809,13.5,13.5,5294251.0
2024-05-14 10:40:00+03:00,13.489999771118164,13.569999694824219,13.489999771118164,13.5600004196167,13.5600004196167,8854747.0
2024-05-14 10:45:00+03:00,13.569999694824219,13.600000381469727,13.539999961853027,13.550000190734863,13.550000190734863,10825114.0
2024-05-14 10:50:00+03:00,13.550000190734863,13.569999694824219,13.529999732971191,13.529999732971191,13.529999732971191,2800826.0
2024-05-14 10:55:00+03:00,13.529999732971191,13.550000190734863,13.510000228881836,13.529999732971191,13.529999732971191,5597298.0
2024-05-14 11:00:00+03:00,13.539999961853027,13.550000190734863,13.529999732971191,13.529999732971191,13.529999732971191,1732577.0
2024-05-14 11:05:00+03:00,13.529999732971191,13.539999961853027,13.520000457763672,13.529999732971191,13.529999732971191,3206786.0
2024-05-14 11:10:00+03:00,13.520000457763672,13.529999732971191,13.460000038146973,13.479999542236328,13.479999542236328,4844179.0
2024-05-14 11:15:00+03:00,13.479999542236328,13.510000228881836,13.460000038146973,13.470000267028809,13.470000267028809,3728053.0
2024-05-14 11:20:00+03:00,13.479999542236328,13.489999771118164,13.460000038146973,13.470000267028809,13.470000267028809,1819491.0
2024-05-14 11:25:00+03:00,13.479999542236328,13.479999542236328,13.420000076293945,13.430000305175781,13.430000305175781,5372700.0
2024-05-14 11:30:00+03:00,13.4399995803833,13.4399995803833,13.390000343322754,13.40999984741211,13.40999984741211,6228587.0
2024-05-14 11:35:00+03:00,13.420000076293945,13.449999809265137,13.40999984741211,13.4399995803833,13.4399995803833,2782727.0
2024-05-14 11:40:00+03:00,13.4399995803833,13.449999809265137,13.399999618530273,13.40999984741211,13.40999984741211,2037334.0
2024-05-14 11:45:00+03:00,13.40999984741211,13.420000076293945,13.399999618530273,13.399999618530273,13.399999618530273,945860.0
2024-05-14 11:50:00+03:00,13.399999618530273,13.40999984741211,13.390000343322754,13.399999618530273,13.399999618530273,3278833.0
2024-05-14 11:55:00+03:00,13.399999618530273,13.420000076293945,13.399999618530273,13.420000076293945,13.420000076293945,1169725.0
2024-05-14 12:00:00+03:00,13.40999984741211,13.4399995803833,13.390000343322754,13.399999618530273,13.399999618530273,4154448.0
2024-05-14 12:05:00+03:00,13.390000343322754,13.40999984741211,13.390000343322754,13.390000343322754,13.390000343322754,1039872.0
2024-05-14 12:10:00+03:00,13.399999618530273,13.430000305175781,13.390000343322754,13.40999984741211,13.40999984741211,1694928.0
2024-05-14 12:15:00+03:00,13.420000076293945,13.430000305175781,13.40999984741211,13.40999984741211,13.40999984741211,1329986.0
2024-05-14 12:20:00+03:00,13.40999984741211,13.430000305175781,13.40999984741211,13.40999984741211,13.40999984741211,957051.0
2024-05-14 12:25:00+03:00,13.420000076293945,13.430000305175781,13.40999984741211,13.420000076293945,13.420000076293945,420192.0
2024-05-14 12:30:00+03:00,13.430000305175781,13.430000305175781,13.390000343322754,13.399999618530273,13.399999618530273,2991986.0
2024-05-14 12:35:00+03:00,13.399999618530273,13.420000076293945,13.390000343322754,13.40999984741211,13.40999984741211,4131211.0
2024-05-14 12:40:00+03:00,13.40999984741211,13.420000076293945,13.399999618530273,13.399999618530273,13.399999618530273,1451722.0
2024-05-14 12:45:00+03:00,13.399999618530273,13.430000305175781,13.399999618530273,13.40999984741211,13.40999984741211,2356909.0
2024-05-14 12:50:00+03:00,13.399999618530273,13.449999809265137,13.399999618530273,13.420000076293945,13.420000076293945,3253431.0
2024-05-14 12:55:00+03:00,13.420000076293945,13.4399995803833,13.420000076293945,13.430000305175781,13.430000305175781,898909.0
2024-05-14 13:00:00+03:00,13.430000305175781,13.430000305175781,13.40999984741211,13.420000076293945,13.420000076293945,748044.0
2024-05-14 13:05:00+03:00,13.420000076293945,13.4399995803833,13.420000076293945,13.430000305175781,13.430000305175781,850248.0
2024-05-14 13:10:00+03:00,13.4399995803833,13.4399995803833,13.430000305175781,13.430000305175781,13.430000305175781,875886.0
2024-05-14 13:15:00+03:00,13.4399995803833,13.4399995803833,13.40999984741211,13.430000305175781,13.430000305175781,1192506.0
2024-05-14 13:20:00+03:00,13.430000305175781,13.430000305175781,13.40999984741211,13.420000076293945,13.420000076293945,597626.0
2024-05-14 13:25:00+03:00,13.420000076293945,13.430000305175781,13.420000076293945,13.420000076293945,13.420000076293945,505771.0
2024-05-14 13:30:00+03:00,13.430000305175781,13.430000305175781,13.420000076293945,13.420000076293945,13.420000076293945,1020647.0
2024-05-14 13:35:00+03:00,13.420000076293945,13.4399995803833,13.420000076293945,13.420000076293945,13.420000076293945,987859.0
2024-05-14 13:40:00+03:00,13.420000076293945,13.449999809265137,13.420000076293945,13.430000305175781,13.430000305175781,1809157.0
2024-05-14 13:45:00+03:00,13.4399995803833,13.460000038146973,13.430000305175781,13.4399995803833,13.4399995803833,2688250.0
2024-05-14 13:50:00+03:00,13.4399995803833,13.449999809265137,13.430000305175781,13.430000305175781,13.430000305175781,771831.0
2024-05-14 13:55:00+03:00,13.430000305175781,13.4399995803833,13.420000076293945,13.4399995803833,13.4399995803833,486437.0
2024-05-14 14:00:00+03:00,13.430000305175781,13.449999809265137,13.430000305175781,13.4399995803833,13.4399995803833,1164519.0
2024-05-14 14:05:00+03:00,13.4399995803833,13.449999809265137,13.430000305175781,13.430000305175781,13.430000305175781,499700.0
2024-05-14 14:10:00+03:00,13.430000305175781,13.4399995803833,13.420000076293945,13.430000305175781,13.430000305175781,747152.0
2024-05-14 14:15:00+03:00,13.430000305175781,13.4399995803833,13.420000076293945,13.430000305175781,13.430000305175781,1466550.0
2024-05-14 14:20:00+03:00,13.4399995803833,13.4399995803833,13.420000076293945,13.420000076293945,13.420000076293945,571143.0
2024-05-14 14:25:00+03:00,13.420000076293945,13.430000305175781,13.420000076293945,13.420000076293945,13.420000076293945,1161974.0
2024-05-14 14:30:00+03:00,13.420000076293945,13.430000305175781,13.420000076293945,13.430000305175781,13.430000305175781,733307.0
2024-05-14 14:35:00+03:00,13.420000076293945,13.4399995803833,13.420000076293945,13.420000076293945,13.420000076293945,2431878.0
2024-05-14 14:40:00+03:00,13.420000076293945,13.4399995803833,13.420000076293945,13.430000305175781,13.430000305175781,1574350.0
2024-05-14 14:45:00+03:00,13.430000305175781,13.4399995803833,13.430000305175781,13.430000305175781,13.430000305175781,420520.0
2024-05-14 14:50:00+03:00,13.430000305175781,13.449999809265137,13.430000305175781,13.430000305175781,13.430000305175781,1554296.0
2024-05-14 14:55:00+03:00,13.430000305175781,13.4399995803833,13.430000305175781,13.430000305175781,13.430000305175781,738629.0
2024-05-14 15:00:00+03:00,13.430000305175781,13.449999809265137,13.430000305175781,13.430000305175781,13.430000305175781,1739404.0
2024-05-14 15:05:00+03:00,13.430000305175781,13.470000267028809,13.430000305175781,13.460000038146973,13.460000038146973,3844142.0
2024-05-14 15:10:00+03:00,13.470000267028809,13.479999542236328,13.4399995803833,13.4399995803833,13.4399995803833,3871802.0
2024-05-14 15:15:00+03:00,13.4399995803833,13.470000267028809,13.4399995803833,13.449999809265137,13.449999809265137,3215974.0
2024-05-14 15:20:00+03:00,13.460000038146973,13.470000267028809,13.430000305175781,13.4399995803833,13.4399995803833,2815926.0
2024-05-14 15:25:00+03:00,13.4399995803833,13.460000038146973,13.430000305175781,13.460000038146973,13.460000038146973,1191979.0
2024-05-14 15:30:00+03:00,13.449999809265137,13.520000457763672,13.449999809265137,13.5,13.5,9138032.0
2024-05-14 15:35:00+03:00,13.510000228881836,13.510000228881836,13.479999542236328,13.479999542236328,13.479999542236328,2829131.0
2024-05-14 15:40:00+03:00,13.489999771118164,13.520000457763672,13.479999542236328,13.5,13.5,6621324.0
2024-05-14 15:45:00+03:00,13.510000228881836,13.529999732971191,13.5,13.510000228881836,13.510000228881836,4162641.0
2024-05-14 15:50:00+03:00,13.520000457763672,13.550000190734863,13.510000228881836,13.529999732971191,13.529999732971191,13403783.0
2024-05-14 15:55:00+03:00,13.529999732971191,13.5600004196167,13.510000228881836,13.5600004196167,13.5600004196167,8743118.0
2024-05-14 16:00:00+03:00,13.550000190734863,13.600000381469727,13.550000190734863,13.59000015258789,13.59000015258789,11611533.0
2024-05-14 16:05:00+03:00,13.59000015258789,13.619999885559082,13.579999923706055,13.600000381469727,13.600000381469727,16955732.0
2024-05-14 16:10:00+03:00,13.600000381469727,13.609999656677246,13.569999694824219,13.59000015258789,13.59000015258789,6201102.0
2024-05-14 16:15:00+03:00,13.59000015258789,13.600000381469727,13.579999923706055,13.59000015258789,13.59000015258789,4383188.0
2024-05-14 16:20:00+03:00,13.59000015258789,13.649999618530273,13.59000015258789,13.640000343322754,13.640000343322754,10649332.0
2024-05-14 16:25:00+03:00,13.649999618530273,13.710000038146973,13.640000343322754,13.670000076293945,13.670000076293945,21774001.0
2024-05-14 16:30:00+03:00,13.670000076293945,13.710000038146973,13.670000076293945,13.6899995803833,13.6899995803833,9895270.0
2024-05-14 16:35:00+03:00,13.6899995803833,13.6899995803833,13.619999885559082,13.630000114440918,13.630000114440918,8199677.0
2024-05-14 16:40:00+03:00,13.640000343322754,13.65999984741211,13.619999885559082,13.630000114440918,13.630000114440918,6973636.0
2024-05-14 16:45:00+03:00,13.630000114440918,13.649999618530273,13.609999656677246,13.619999885559082,13.619999885559082,3001323.0
2024-05-14 16:50:00+03:00,13.619999885559082,13.619999885559082,13.569999694824219,13.569999694824219,13.569999694824219,6821066.0
2024-05-14 16:55:00+03:00,13.569999694824219,13.609999656677246,13.569999694824219,13.59000015258789,13.59000015258789,4671130.0
2024-05-14 17:00:00+03:00,13.59000015258789,13.619999885559082,13.579999923706055,13.59000015258789,13.59000015258789,3396206.0
2024-05-14 17:05:00+03:00,13.59000015258789,13.609999656677246,13.569999694824219,13.59000015258789,13.59000015258789,3589049.0
2024-05-14 17:10:00+03:00,13.59000015258789,13.609999656677246,13.539999961853027,13.550000190734863,13.550000190734863,6561999.0
2024-05-14 17:15:00+03:00,13.5600004196167,13.579999923706055,13.539999961853027,13.569999694824219,13.569999694824219,3661697.0
2024-05-14 17:20:00+03:00,13.569999694824219,13.619999885559082,13.569999694824219,13.569999694824219,13.569999694824219,7150259.0
2024-05-14 17:25:00+03:00,13.579999923706055,13.59000015258789,13.569999694824219,13.569999694824219,13.569999694824219,2544184.0
2024-05-14 17:30:00+03:00,13.569999694824219,13.59000015258789,13.529999732971191,13.5600004196167,13.5600004196167,5270697.0
2024-05-14 17:35:00+03:00,13.5600004196167,13.579999923706055,13.529999732971191,13.529999732971191,13.529999732971191,5203554.0
2024-05-14 17:40:00+03:00,13.529999732971191,13.569999694824219,13.529999732971191,13.5600004196167,13.5600004196167,3185119.0
2024-05-14 17:45:00+03:00,13.550000190734863,13.5600004196167,13.520000457763672,13.529999732971191,13.529999732971191,9813481.0
2024-05-14 17:50:00+03:00,13.539999961853027,13.539999961853027,13.510000228881836,13.529999732971191,13.529999732971191,8333601.0
2024-05-14 17:55:00+03:00,13.529999732971191,13.5600004196167,13.510000228881836,13.550000190734863,13.550000190734863,12315866.0
2024-05-15 09:55:00+03:00,13.5600004196167,13.5600004196167,13.5600004196167,13.5600004196167,13.5600004196167,0.0
2024-05-15 10:00:00+03:00,13.5600004196167,13.59000015258789,13.5,13.520000457763672,13.520000457763672,13841635.0
2024-05-15 10:05:00+03:00,13.520000457763672,13.539999961853027,13.5,13.520000457763672,13.520000457763672,4245043.0
2024-05-15 10:10:00+03:00,13.520000457763672,13.569999694824219,13.5,13.520000457763672,13.520000457763672,6960657.0
2024-05-15 10:15:00+03:00,13.529999732971191,13.569999694824219,13.520000457763672,13.550000190734863,13.550000190734863,2878219.0
2024-05-15 10:20:00+03:00,13.550000190734863,13.579999923706055,13.529999732971191,13.579999923706055,13.579999923706055,4620105.0
2024-05-15 10:25:00+03:00,13.579999923706055,13.600000381469727,13.550000190734863,13.5600004196167,13.5600004196167,5651003.0
2024-05-15 10:30:00+03:00,13.550000190734863,13.579999923706055,13.529999732971191,13.569999694824219,13.569999694824219,2497525.0
2024-05-15 10:35:00+03:00,13.569999694824219,13.579999923706055,13.539999961853027,13.5600004196167,13.5600004196167,2381948.0
2024-05-15 10:40:00+03:00,13.5600004196167,13.5600004196167,13.529999732971191,13.550000190734863,13.550000190734863,1842387.0
2024-05-15 10:45:00+03:00,13.550000190734863,13.5600004196167,13.529999732971191,13.529999732971191,13.529999732971191,745913.0
2024-05-15 10:50:00+03:00,13.539999961853027,13.550000190734863,13.510000228881836,13.520000457763672,13.520000457763672,1752014.0
2024-05-15 10:55:00+03:00,13.529999732971191,13.529999732971191,13.5,13.510000228881836,13.510000228881836,2609203.0
2024-05-15 11:00:00+03:00,13.510000228881836,13.529999732971191,13.5,13.529999732971191,13.529999732971191,1792432.0
2024-05-15 11:05:00+03:00,13.529999732971191,13.529999732971191,13.510000228881836,13.529999732971191,13.529999732971191,754507.0
2024-05-15 11:10:00+03:00,13.529999732971191,13.529999732971191,13.520000457763672,13.520000457763672,13.520000457763672,689631.0
2024-05-15 11:15:00+03:00,13.529999732971191,13.529999732971191,13.479999542236328,13.479999542236328,13.479999542236328,3908497.0
2024-05-15 11:20:00+03:00,13.479999542236328,13.489999771118164,13.470000267028809,13.479999542236328,13.479999542236328,2175433.0
2024-05-15 11:25:00+03:00,13.489999771118164,13.510000228881836,13.430000305175781,13.449999809265137,13.449999809265137,4848269.0
2024-05-15 11:30:00+03:00,13.449999809265137,13.460000038146973,13.420000076293945,13.449999809265137,13.449999809265137,2102571.0
2024-05-15 11:35:00+03:00,13.4399995803833,13.470000267028809,13.4399995803833,13.470000267028809,13.470000267028809,1019458.0
2024-05-15 11:40:00+03:00,13.470000267028809,13.489999771118164,13.460000038146973,13.479999542236328,13.479999542236328,1697837.0
2024-05-15 11:45:00+03:00,13.479999542236328,13.489999771118164,13.470000267028809,13.479999542236328,13.479999542236328,1260128.0
2024-05-15 11:50:00+03:00,13.479999542236328,13.5,13.470000267028809,13.470000267028809,13.470000267028809,2351985.0
2024-05-15 11:55:00+03:00,13.479999542236328,13.479999542236328,13.460000038146973,13.470000267028809,13.470000267028809,1618318.0
2024-05-15 12:00:00+03:00,13.470000267028809,13.479999542236328,13.449999809265137,13.460000038146973,13.460000038146973,926875.0
2024-05-15 12:05:00+03:00,13.460000038146973,13.470000267028809,13.449999809265137,13.460000038146973,13.460000038146973,452812.0
2024-05-15 12:10:00+03:00,13.449999809265137,13.460000038146973,13.449999809265137,13.460000038146973,13.460000038146973,2087499.0
2024-05-15 12:15:00+03:00,13.449999809265137,13.489999771118164,13.449999809265137,13.479999542236328,13.479999542236328,1118066.0
2024-05-15 12:20:00+03:00,13.479999542236328,13.5,13.470000267028809,13.479999542236328,13.479999542236328,1448508.0
2024-05-15 12:25:00+03:00,13.489999771118164,13.5,13.470000267028809,13.479999542236328,13.479999542236328,804362.0
2024-05-15 12:30:00+03:00,13.479999542236328,13.5,13.470000267028809,13.479999542236328,13.479999542236328,1221719.0
2024-05-15 12:35:00+03:00,13.489999771118164,13.489999771118164,13.460000038146973,13.470000267028809,13.470000267028809,904880.0
2024-05-15 12:40:00+03:00,13.470000267028809,13.479999542236328,13.460000038146973,13.479999542236328,13.479999542236328,449954.0
2024-05-15 12:45:00+03:00,13.470000267028809,13.479999542236328,13.470000267028809,13.479999542236328,13.479999542236328,181229.0
2024-05-15 12:50:00+03:00,13.479999542236328,13.479999542236328,13.449999809265137,13.460000038146973,13.460000038146973,1217189.0
2024-05-15 12:55:00+03:00,13.460000038146973,13.470000267028809,13.430000305175781,13.449999809265137,13.449999809265137,2843178.0
2024-05-15 13:00:00+03:00,13.449999809265137,13.449999809265137,13.430000305175781,13.4399995803833,13.4399995803833,585448.0
2024-05-15 13:05:00+03:00,13.430000305175781,13.449999809265137,13.40999984741211,13.40999984741211,13.40999984741211,1834096.0
2024-05-15 13:10:00+03:00,13.420000076293945,13.430000305175781,13.40999984741211,13.420000076293945,13.420000076293945,650878.0
2024-05-15 13:15:00+03:00,13.420000076293945,13.430000305175781,13.40999984741211,13.420000076293945,13.420000076293945,691841.0
2024-05-15 13:20:00+03:00,13.420000076293945,13.4399995803833,13.420000076293945,13.430000305175781,13.430000305175781,966420.0
2024-05-15 13:25:00+03:00,13.430000305175781,13.4399995803833,13.420000076293945,13.430000305175781,13.430000305175781,993396.0
2024-05-15 13:30:00+03:00,13.4399995803833,13.449999809265137,13.430000305175781,13.4399995803833,13.4399995803833,889027.0
2024-05-15 13:35:00+03:00,13.4399995803833,13.449999809265137,13.430000305175781,13.4399995803833,13.4399995803833,255560.0
2024-05-15 13:40:00+03:00,13.4399995803833,13.460000038146973,13.430000305175781,13.430000305175781,13.430000305175781,1336658.0
2024-05-15 13:45:00+03:00,13.4399995803833,13.4399995803833,13.430000305175781,13.4399995803833,13.4399995803833,149443.0
2024-05-15 13:50:00+03:00,13.430000305175781,13.449999809265137,13.430000305175781,13.449999809265137,13.449999809265137,686977.0
2024-05-15 13:55:00+03:00,13.449999809265137,13.449999809265137,13.420000076293945,13.430000305175781,13.430000305175781,820913.0
2024-05-15 14:00:00+03:00,13.430000305175781,13.430000305175781,13.40999984741211,13.420000076293945,13.420000076293945,892140.0
2024-05-15 14:05:00+03:00,13.420000076293945,13.449999809265137,13.40999984741211,13.449999809265137,13.449999809265137,875297.0
2024-05-15 14:10:00+03:00,13.449999809265137,13.449999809265137,13.430000305175781,13.4399995803833,13.4399995803833,569151.0
2024-05-15 14:15:00+03:00,13.4399995803833,13.460000038146973,13.4399995803833,13.460000038146973,13.460000038146973,870731.0
2024-05-15 14:20:00+03:00,13.460000038146973,13.470000267028809,13.449999809265137,13.470000267028809,13.470000267028809,277687.0
2024-05-15 14:25:00+03:00,13.470000267028809,13.470000267028809,13.449999809265137,13.460000038146973,13.460000038146973,769514.0
2024-05-15 14:30:00+03:00,13.460000038146973,13.460000038146973,13.449999809265137,13.460000038146973,13.460000038146973,125670.0
2024-05-15 14:35:00+03:00,13.460000038146973,13.489999771118164,13.449999809265137,13.489999771118164,13.489999771118164,1617243.0
2024-05-15 14:40:00+03:00,13.489999771118164,13.5,13.470000267028809,13.489999771118164,13.489999771118164,1671783.0
2024-05-15 14:45:00+03:00,13.479999542236328,13.489999771118164,13.460000038146973,13.479999542236328,13.479999542236328,1471501.0
2024-05-15 14:50:00+03:00,13.470000267028809,13.5,13.470000267028809,13.489999771118164,13.489999771118164,1325619.0
2024-05-15 14:55:00+03:00,13.489999771118164,13.5,13.479999542236328,13.489999771118164,13.489999771118164,724773.0
2024-05-15 15:00:00+03:00,13.479999542236328,13.489999771118164,13.460000038146973,13.470000267028809,13.470000267028809,1128798.0
2024-05-15 15:05:00+03:00,13.470000267028809,13.479999542236328,13.460000038146973,13.479999542236328,13.479999542236328,465410.0
2024-05-15 15:10:00+03:00,13.479999542236328,13.479999542236328,13.460000038146973,13.479999542236328,13.479999542236328,789362.0
2024-05-15 15:15:00+03:00,13.479999542236328,13.510000228881836,13.470000267028809,13.5,13.5,1641257.0
2024-05-15 15:20:00+03:00,13.5,13.510000228881836,13.479999542236328,13.489999771118164,13.489999771118164,2032243.0
2024-05-15 15:25:00+03:00,13.489999771118164,13.5,13.479999542236328,13.5,13.5,1555928.0
2024-05-15 15:30:00+03:00,13.5,13.569999694824219,13.5,13.539999961853027,13.539999961853027,9042530.0
2024-05-15 15:35:00+03:00,13.539999961853027,13.550000190734863,13.529999732971191,13.539999961853027,13.539999961853027,4009568.0
2024-05-15 15:40:00+03:00,13.539999961853027,13.5600004196167,13.529999732971191,13.539999961853027,13.539999961853027,4435785.0
2024-05-15 15:45:00+03:00,13.539999961853027,13.5600004196167,13.529999732971191,13.539999961853027,13.539999961853027,4515105.0
2024-05-15 15:50:00+03:00,13.539999961853027,13.539999961853027,13.489999771118164,13.5,13.5,5911174.0
2024-05-15 15:55:00+03:00,13.5,13.520000457763672,13.489999771118164,13.520000457763672,13.520000457763672,1253032.0
2024-05-15 16:00:00+03:00,13.510000228881836,13.539999961853027,13.510000228881836,13.520000457763672,13.520000457763672,1026811.0
2024-05-15 16:05:00+03:00,13.520000457763672,13.529999732971191,13.510000228881836,13.529999732971191,13.529999732971191,591405.0
2024-05-15 16:10:00+03:00,13.529999732971191,13.550000190734863,13.520000457763672,13.529999732971191,13.529999732971191,3272790.0
2024-05-15 16:15:00+03:00,13.529999732971191,13.569999694824219,13.520000457763672,13.569999694824219,13.569999694824219,5153973.0
2024-05-15 16:20:00+03:00,13.569999694824219,13.579999923706055,13.539999961853027,13.550000190734863,13.550000190734863,2799552.0
2024-05-15 16:25:00+03:00,13.550000190734863,13.5600004196167,13.529999732971191,13.550000190734863,13.550000190734863,1085819.0
2024-05-15 16:30:00+03:00,13.550000190734863,13.5600004196167,13.529999732971191,13.550000190734863,13.550000190734863,1317433.0
2024-05-15 16:35:00+03:00,13.550000190734863,13.5600004196167,13.539999961853027,13.550000190734863,13.550000190734863,1154934.0
2024-05-15 16:40:00+03:00,13.550000190734863,13.550000190734863,13.539999961853027,13.550000190734863,13.550000190734863,737982.0
2024-05-15 16:45:00+03:00,13.550000190734863,13.550000190734863,13.529999732971191,13.539999961853027,13.539999961853027,1661585.0
2024-05-15 16:50:00+03:00,13.550000190734863,13.579999923706055,13.529999732971191,13.550000190734863,13.550000190734863,8161542.0
2024-05-15 16:55:00+03:00,13.5600004196167,13.5600004196167,13.539999961853027,13.550000190734863,13.550000190734863,1697105.0
2024-05-15 17:00:00+03:00,13.550000190734863,13.569999694824219,13.539999961853027,13.569999694824219,13.569999694824219,983808.0
2024-05-15 17:05:00+03:00,13.5600004196167,13.619999885559082,13.550000190734863,13.600000381469727,13.600000381469727,10237441.0
2024-05-15 17:10:00+03:00,13.609999656677246,13.699999809265137,13.600000381469727,13.619999885559082,13.619999885559082,15001669.0
2024-05-15 17:15:00+03:00,13.619999885559082,13.75,13.609999656677246,13.75,13.75,22766704.0
2024-05-15 17:20:00+03:00,13.75,13.829999923706055,13.729999542236328,13.8100004196167,13.8100004196167,22746287.0
2024-05-15 17:25:00+03:00,13.800000190734863,13.850000381469727,13.770000457763672,13.8100004196167,13.8100004196167,16397414.0
2024-05-15 17:30:00+03:00,13.800000190734863,13.899999618530273,13.800000190734863,13.859999656677246,13.859999656677246,21997703.0
2024-05-15 17:35:00+03:00,13.850000381469727,13.9399995803833,13.84000015258789,13.869999885559082,13.869999885559082,25689940.0
2024-05-15 17:40:00+03:00,13.869999885559082,13.869999885559082,13.739999771118164,13.770000457763672,13.770000457763672,9185044.0
2024-05-15 17:45:00+03:00,13.760000228881836,13.829999923706055,13.760000228881836,13.800000190734863,13.800000190734863,4572602.0
2024-05-15 17:50:00+03:00,13.800000190734863,13.819999694824219,13.75,13.779999732971191,13.779999732971191,7946423.0
2024-05-15 17:55:00+03:00,13.779999732971191,13.819999694824219,13.770000457763672,13.789999961853027,13.789999961853027,6489549.0
2024-05-16 09:55:00+03:00,13.800000190734863,13.800000190734863,13.800000190734863,13.800000190734863,13.800000190734863,0.0
2024-05-16 10:00:00+03:00,13.800000190734863,13.8100004196167,13.739999771118164,13.760000228881836,13.760000228881836,10539319.0
2024-05-16 10:05:00+03:00,13.75,13.850000381469727,13.739999771118164,13.800000190734863,13.800000190734863,9207399.0
2024-05-16 10:10:00+03:00,13.789999961853027,13.869999885559082,13.789999961853027,13.829999923706055,13.829999923706055,5278844.0
2024-05-16 10:15:00+03:00,13.819999694824219,13.859999656677246,13.819999694824219,13.850000381469727,13.850000381469727,3496781.0
2024-05-16 10:20:00+03:00,13.850000381469727,13.960000038146973,13.850000381469727,13.9399995803833,13.9399995803833,17318346.0
2024-05-16 10:25:00+03:00,13.930000305175781,13.960000038146973,13.899999618530273,13.9399995803833,13.9399995803833,18528863.0
2024-05-16 10:30:00+03:00,13.9399995803833,13.960000038146973,13.880000114440918,13.899999618530273,13.899999618530273,12224583.0
2024-05-16 10:35:00+03:00,13.899999618530273,13.920000076293945,13.880000114440918,13.90999984741211,13.90999984741211,3746724.0
2024-05-16 10:40:00+03:00,13.899999618530273,13.90999984741211,13.880000114440918,13.890000343322754,13.890000343322754,3383032.0
2024-05-16 10:45:00+03:00,13.890000343322754,13.90999984741211,13.869999885559082,13.880000114440918,13.880000114440918,3029384.0
2024-05-16 10:50:00+03:00,13.880000114440918,13.880000114440918,13.850000381469727,13.859999656677246,13.859999656677246,2216951.0
2024-05-16 10:55:00+03:00,13.850000381469727,13.880000114440918,13.850000381469727,13.859999656677246,13.859999656677246,3125978.0
2024-05-16 11:00:00+03:00,13.850000381469727,13.880000114440918,13.850000381469727,13.880000114440918,13.880000114440918,1407248.0
2024-05-16 11:05:00+03:00,13.869999885559082,13.880000114440918,13.850000381469727,13.859999656677246,13.859999656677246,1321693.0
2024-05-16 11:10:00+03:00,13.869999885559082,13.899999618530273,13.84000015258789,13.84000015258789,13.84000015258789,5352535.0
2024-05-16 11:15:00+03:00,13.850000381469727,13.869999885559082,13.829999923706055,13.859999656677246,13.859999656677246,6648153.0
2024-05-16 11:20:00+03:00,13.850000381469727,13.880000114440918,13.850000381469727,13.869999885559082,13.869999885559082,2646004.0
2024-05-16 11:25:00+03:00,13.880000114440918,13.880000114440918,13.850000381469727,13.850000381469727,13.850000381469727,1627536.0
2024-05-16 11:30:00+03:00,13.859999656677246,13.869999885559082,13.84000015258789,13.869999885559082,13.869999885559082,3243846.0
2024-05-16 11:35:00+03:00,13.869999885559082,13.880000114440918,13.859999656677246,13.880000114440918,13.880000114440918,1414973.0
2024-05-16 11:40:00+03:00,13.880000114440918,13.890000343322754,13.850000381469727,13.890000343322754,13.890000343322754,3224693.0
2024-05-16 11:45:00+03:00,13.880000114440918,13.979999542236328,13.880000114440918,13.9399995803833,13.9399995803833,16076194.0
2024-05-16 11:50:00+03:00,13.930000305175781,13.949999809265137,13.920000076293945,13.9399995803833,13.9399995803833,5741056.0
2024-05-16 11:55:00+03:00,13.930000305175781,13.949999809265137,13.890000343322754,13.90999984741211,13.90999984741211,5406435.0
2024-05-16 12:00:00+03:00,13.920000076293945,13.920000076293945,13.890000343322754,13.899999618530273,13.899999618530273,1169567.0
2024-05-16 12:05:00+03:00,13.890000343322754,13.899999618530273,13.869999885559082,13.880000114440918,13.880000114440918,2917693.0
2024-05-16 12:10:00+03:00,13.869999885559082,13.899999618530273,13.869999885559082,13.899999618530273,13.899999618530273,597845.0
2024-05-16 12:15:00+03:00,13.899999618530273,13.90999984741211,13.859999656677246,13.880000114440918,13.880000114440918,3384040.0
2024-05-16 12:20:00+03:00,13.880000114440918,13.899999618530273,13.869999885559082,13.880000114440918,13.880000114440918,1037553.0
2024-05-16 12:25:00+03:00,13.880000114440918,13.899999618530273,13.880000114440918,13.890000343322754,13.890000343322754,547449.0
2024-05-16 12:30:00+03:00,13.880000114440918,13.890000343322754,13.869999885559082,13.890000343322754,13.890000343322754,1377566.0
2024-05-16 12:35:00+03:00,13.890000343322754,13.890000343322754,13.869999885559082,13.880000114440918,13.880000114440918,779266.0
2024-05-16 12:40:00+03:00,13.880000114440918,13.890000343322754,13.859999656677246,13.880000114440918,13.880000114440918,1895246.0
2024-05-16 12:45:00+03:00,13.880000114440918,13.890000343322754,13.869999885559082,13.880000114440918,13.880000114440918,394149.0
2024-05-16 12:50:00+03:00,13.880000114440918,13.890000343322754,13.869999885559082,13.890000343322754,13.890000343322754,355459.0
2024-05-16 12:55:00+03:00,13.890000343322754,13.890000343322754,13.859999656677246,13.869999885559082,13.869999885559082,1067833.0
2024-05-16 13:00:00+03:00,13.880000114440918,13.880000114440918,13.859999656677246,13.869999885559082,13.869999885559082,437881.0
2024-05-16 13:05:00+03:00,13.869999885559082,13.899999618530273,13.869999885559082,13.890000343322754,13.890000343322754,794077.0
2024-05-16 13:10:00+03:00,13.890000343322754,13.899999618530273,13.869999885559082,13.899999618530273,13.899999618530273,949922.0
2024-05-16 13:15:00+03:00,13.899999618530273,13.90999984741211,13.890000343322754,13.90999984741211,13.90999984741211,855569.0
2024-05-16 13:20:00+03:00,13.90999984741211,13.920000076293945,13.899999618530273,13.899999618530273,13.899999618530273,1703326.0
2024-05-16 13:25:00+03:00,13.90999984741211,13.920000076293945,13.890000343322754,13.899999618530273,13.899999618530273,1406487.0
2024-05-16 13:30:00+03:00,13.899999618530273,13.90999984741211,13.890000343322754,13.899999618530273,13.899999618530273,452597.0
2024-05-16 13:35:00+03:00,13.890000343322754,13.920000076293945,13.890000343322754,13.90999984741211,13.90999984741211,943029.0
2024-05-16 13:40:00+03:00,13.90999984741211,13.9399995803833,13.899999618530273,13.9399995803833,13.9399995803833,2386213.0
2024-05-16 13:45:00+03:00,13.9399995803833,14.0,13.9399995803833,13.989999771118164,13.989999771118164,14446994.0
2024-05-16 13:50:00+03:00,13.989999771118164,14.020000457763672,13.970000267028809,14.020000457763672,14.020000457763672,9557837.0
2024-05-16 13:55:00+03:00,14.020000457763672,14.029999732971191,13.960000038146973,13.970000267028809,13.970000267028809,7489437.0
2024-05-16 14:00:00+03:00,13.970000267028809,14.020000457763672,13.960000038146973,14.010000228881836,14.010000228881836,5860925.0
2024-05-16 14:05:00+03:00,14.0,14.029999732971191,13.989999771118164,14.010000228881836,14.010000228881836,14552111.0
2024-05-16 14:10:00+03:00,14.0,14.010000228881836,13.989999771118164,13.989999771118164,13.989999771118164,1976119.0
2024-05-16 14:15:00+03:00,13.989999771118164,14.010000228881836,13.989999771118164,14.0,14.0,2337785.0
2024-05-16 14:20:00+03:00,14.0,14.0,13.970000267028809,13.979999542236328,13.979999542236328,2363955.0
2024-05-16 14:25:00+03:00,13.970000267028809,14.010000228881836,13.970000267028809,14.0,14.0,6829618.0
2024-05-16 14:30:00+03:00,13.989999771118164,14.010000228881836,13.970000267028809,14.010000228881836,14.010000228881836,7434364.0
2024-05-16 14:35:00+03:00,14.010000228881836,14.020000457763672,13.970000267028809,13.989999771118164,13.989999771118164,3933915.0
2024-05-16 14:40:00+03:00,13.979999542236328,13.979999542236328,13.970000267028809,13.979999542236328,13.979999542236328,340437.0
2024-05-16 14:45:00+03:00,13.970000267028809,13.979999542236328,13.930000305175781,13.9399995803833,13.9399995803833,2477693.0
2024-05-16 14:50:00+03:00,13.9399995803833,13.979999542236328,13.930000305175781,13.979999542236328,13.979999542236328,1385462.0
2024-05-16 14:55:00+03:00,13.970000267028809,14.020000457763672,13.970000267028809,14.020000457763672,14.020000457763672,5764261.0
2024-05-16 15:00:00+03:00,14.010000228881836,14.039999961853027,14.0,14.010000228881836,14.010000228881836,11038811.0
2024-05-16 15:05:00+03:00,14.010000228881836,14.020000457763672,14.0,14.010000228881836,14.010000228881836,4294391.0
2024-05-16 15:10:00+03:00,14.0,14.050000190734863,14.0,14.029999732971191,14.029999732971191,10143773.0
2024-05-16 15:15:00+03:00,14.029999732971191,14.079999923706055,14.029999732971191,14.069999694824219,14.069999694824219,18875006.0
2024-05-16 15:20:00+03:00,14.0600004196167,14.069999694824219,14.020000457763672,14.029999732971191,14.029999732971191,25257198.0
2024-05-16 15:25:00+03:00,14.029999732971191,14.069999694824219,14.020000457763672,14.039999961853027,14.039999961853027,26039511.0
2024-05-16 15:30:00+03:00,14.029999732971191,14.050000190734863,14.020000457763672,14.029999732971191,14.029999732971191,4809091.0
2024-05-16 15:35:00+03:00,14.020000457763672,14.050000190734863,14.020000457763672,14.050000190734863,14.050000190734863,4695145.0
2024-05-16 15:40:00+03:00,14.039999961853027,14.069999694824219,14.029999732971191,14.050000190734863,14.050000190734863,9040598.0
2024-05-16 15:45:00+03:00,14.050000190734863,14.0600004196167,14.039999961853027,14.050000190734863,14.050000190734863,6792626.0
2024-05-16 15:50:00+03:00,14.050000190734863,14.0600004196167,14.029999732971191,14.039999961853027,14.039999961853027,2124868.0
2024-05-16 15:55:00+03:00,14.039999961853027,14.0600004196167,14.029999732971191,14.050000190734863,14.050000190734863,3138073.0
2024-05-16 16:00:00+03:00,14.050000190734863,14.079999923706055,14.039999961853027,14.0600004196167,14.0600004196167,7226271.0
2024-05-16 16:05:00+03:00,14.050000190734863,14.0600004196167,14.0,14.010000228881836,14.010000228881836,8219103.0
2024-05-16 16:10:00+03:00,14.0,14.020000457763672,13.989999771118164,13.989999771118164,13.989999771118164,2850758.0
2024-05-16 16:15:00+03:00,13.989999771118164,14.010000228881836,13.970000267028809,14.0,14.0,4252861.0
2024-05-16 16:20:00+03:00,14.0,14.029999732971191,13.989999771118164,14.029999732971191,14.029999732971191,3279739.0
2024-05-16 16:25:00+03:00,14.020000457763672,14.050000190734863,14.020000457763672,14.029999732971191,14.029999732971191,4439220.0
2024-05-16 16:30:00+03:00,14.029999732971191,14.050000190734863,14.020000457763672,14.029999732971191,14.029999732971191,1945997.0
2024-05-16 16:35:00+03:00,14.020000457763672,14.050000190734863,14.010000228881836,14.029999732971191,14.029999732971191,3194033.0
2024-05-16 16:40:00+03:00,14.039999961853027,14.069999694824219,14.029999732971191,14.050000190734863,14.050000190734863,6139570.0
2024-05-16 16:45:00+03:00,14.050000190734863,14.0600004196167,14.039999961853027,14.039999961853027,14.039999961853027,1567068.0
2024-05-16 16:50:00+03:00,14.039999961853027,14.0600004196167,14.039999961853027,14.050000190734863,14.050000190734863,875947.0
2024-05-16 16:55:00+03:00,14.039999961853027,14.0600004196167,14.029999732971191,14.050000190734863,14.050000190734863,2205964.0
2024-05-16 17:00:00+03:00,14.050000190734863,14.0600004196167,14.039999961853027,14.050000190734863,14.050000190734863,1460708.0
2024-05-16 17:05:00+03:00,14.039999961853027,14.050000190734863,14.020000457763672,14.029999732971191,14.029999732971191,2238592.0
2024-05-16 17:10:00+03:00,14.029999732971191,14.0600004196167,14.020000457763672,14.0600004196167,14.0600004196167,3072949.0
2024-05-16 17:15:00+03:00,14.050000190734863,14.0600004196167,14.029999732971191,14.050000190734863,14.050000190734863,1948242.0
2024-05-16 17:20:00+03:00,14.039999961853027,14.0600004196167,14.039999961853027,14.0600004196167,14.0600004196167,3286231.0
2024-05-16 17:25:00+03:00,14.0600004196167,14.069999694824219,14.050000190734863,14.069999694824219,14.069999694824219,2576851.0
2024-05-16 17:30:00+03:00,14.0600004196167,14.119999885559082,14.0600004196167,14.09000015258789,14.09000015258789,14911728.0
2024-05-16 17:35:00+03:00,14.09000015258789,14.180000305175781,14.09000015258789,14.170000076293945,14.170000076293945,10523731.0
2024-05-16 17:40:00+03:00,14.180000305175781,14.300000190734863,14.170000076293945,14.270000457763672,14.270000457763672,29164590.0
2024-05-16 17:45:00+03:00,14.260000228881836,14.3100004196167,14.220000267028809,14.270000457763672,14.270000457763672,11249795.0
2024-05-16 17:50:00+03:00,14.270000457763672,14.3100004196167,14.260000228881836,14.289999961853027,14.289999961853027,11558761.0
2024-05-16 17:55:00+03:00,14.289999961853027,14.300000190734863,14.25,14.279999732971191,14.279999732971191,6235103.0
2024-05-17 09:55:00+03:00,14.3100004196167,14.3100004196167,14.3100004196167,14.3100004196167,14.3100004196167,0.0
2024-05-17 10:00:00+03:00,14.3100004196167,14.3100004196167,14.220000267028809,14.289999961853027,14.289999961853027,23155033.0
2024-05-17 10:05:00+03:00,14.289999961853027,14.520000457763672,14.270000457763672,14.460000038146973,14.460000038146973,26298777.0
2024-05-17 10:10:00+03:00,14.460000038146973,14.529999732971191,14.449999809265137,14.510000228881836,14.510000228881836,10551630.0
2024-05-17 10:15:00+03:00,14.539999961853027,14.65999984741211,14.529999732971191,14.579999923706055,14.579999923706055,25408676.0
2024-05-17 10:20:00+03:00,14.579999923706055,14.59000015258789,14.520000457763672,14.569999694824219,14.569999694824219,13249939.0
2024-05-17 10:25:00+03:00,14.569999694824219,14.600000381469727,14.5600004196167,14.579999923706055,14.579999923706055,4843961.0
2024-05-17 10:30:00+03:00,14.59000015258789,14.649999618530273,14.569999694824219,14.630000114440918,14.630000114440918,15963756.0
2024-05-17 10:35:00+03:00,14.619999885559082,14.6899995803833,14.609999656677246,14.6899995803833,14.6899995803833,11074888.0
2024-05-17 10:40:00+03:00,14.6899995803833,14.75,14.670000076293945,14.699999809265137,14.699999809265137,19282350.0
2024-05-17 10:45:00+03:00,14.699999809265137,14.75,14.699999809265137,14.729999542236328,14.729999542236328,7367226.0
2024-05-17 10:50:00+03:00,14.729999542236328,14.770000457763672,14.6899995803833,14.720000267028809,14.720000267028809,7518069.0
2024-05-17 10:55:00+03:00,14.720000267028809,14.729999542236328,14.699999809265137,14.710000038146973,14.710000038146973,4559418.0
2024-05-17 11:00:00+03:00,14.710000038146973,14.720000267028809,14.65999984741211,14.699999809265137,14.699999809265137,7776495.0
2024-05-17 11:05:00+03:00,14.699999809265137,14.720000267028809,14.680000305175781,14.699999809265137,14.699999809265137,6557690.0
2024-05-17 11:10:00+03:00,14.699999809265137,14.710000038146973,14.65999984741211,14.670000076293945,14.670000076293945,3794509.0
2024-05-17 11:15:00+03:00,14.670000076293945,14.670000076293945,14.630000114440918,14.640000343322754,14.640000343322754,5399496.0
2024-05-17 11:20:00+03:00,14.640000343322754,14.680000305175781,14.630000114440918,14.649999618530273,14.649999618530273,2776277.0
2024-05-17 11:25:00+03:00,14.65999984741211,14.710000038146973,14.630000114440918,14.6899995803833,14.6899995803833,5108026.0
2024-05-17 11:30:00+03:00,14.699999809265137,14.8100004196167,14.6899995803833,14.800000190734863,14.800000190734863,20878958.0
2024-05-17 11:35:00+03:00,14.800000190734863,14.8100004196167,14.760000228881836,14.779999732971191,14.779999732971191,5037830.0
2024-05-17 11:40:00+03:00,14.779999732971191,14.779999732971191,14.729999542236328,14.75,14.75,3133495.0
2024-05-17 11:45:00+03:00,14.75,14.770000457763672,14.739999771118164,14.760000228881836,14.760000228881836,1085889.0
2024-05-17 11:50:00+03:00,14.760000228881836,14.770000457763672,14.729999542236328,14.75,14.75,1080636.0
2024-05-17 11:55:00+03:00,14.75,14.760000228881836,14.729999542236328,14.739999771118164,14.739999771118164,1367183.0
2024-05-17 12:00:00+03:00,14.739999771118164,14.75,14.710000038146973,14.720000267028809,14.720000267028809,1594424.0
2024-05-17 12:05:00+03:00,14.720000267028809,14.729999542236328,14.6899995803833,14.710000038146973,14.710000038146973,2153485.0
2024-05-17 12:10:00+03:00,14.699999809265137,14.710000038146973,14.680000305175781,14.6899995803833,14.6899995803833,2035539.0
2024-05-17 12:15:00+03:00,14.6899995803833,14.6899995803833,14.670000076293945,14.680000305175781,14.680000305175781,1853891.0
2024-05-17 12:20:00+03:00,14.6899995803833,14.699999809265137,14.680000305175781,14.680000305175781,14.680000305175781,957247.0
2024-05-17 12:25:00+03:00,14.6899995803833,14.699999809265137,14.680000305175781,14.699999809265137,14.699999809265137,756211.0
2024-05-17 12:30:00+03:00,14.699999809265137,14.729999542236328,14.680000305175781,14.720000267028809,14.720000267028809,1448676.0
2024-05-17 12:35:00+03:00,14.729999542236328,14.739999771118164,14.710000038146973,14.729999542236328,14.729999542236328,3620781.0
2024-05-17 12:40:00+03:00,14.739999771118164,14.8100004196167,14.710000038146973,14.800000190734863,14.800000190734863,13334604.0
2024-05-17 12:45:00+03:00,14.800000190734863,14.800000190734863,14.729999542236328,14.739999771118164,14.739999771118164,4257555.0
2024-05-17 12:50:00+03:00,14.75,14.760000228881836,14.729999542236328,14.75,14.75,4059614.0
2024-05-17 12:55:00+03:00,14.760000228881836,14.770000457763672,14.729999542236328,14.760000228881836,14.760000228881836,2902209.0
2024-05-17 13:00:00+03:00,14.770000457763672,14.779999732971191,14.739999771118164,14.75,14.75,1114327.0
2024-05-17 13:05:00+03:00,14.75,14.760000228881836,14.720000267028809,14.729999542236328,14.729999542236328,1857485.0
2024-05-17 13:10:00+03:00,14.729999542236328,14.760000228881836,14.720000267028809,14.729999542236328,14.729999542236328,3739501.0
2024-05-17 13:15:00+03:00,14.729999542236328,14.729999542236328,14.680000305175781,14.710000038146973,14.710000038146973,3904559.0
2024-05-17 13:20:00+03:00,14.710000038146973,14.720000267028809,14.6899995803833,14.710000038146973,14.710000038146973,1421819.0
2024-05-17 13:25:00+03:00,14.710000038146973,14.710000038146973,14.6899995803833,14.710000038146973,14.710000038146973,960182.0
2024-05-17 13:30:00+03:00,14.710000038146973,14.720000267028809,14.699999809265137,14.710000038146973,14.710000038146973,817390.0
2024-05-17 13:35:00+03:00,14.710000038146973,14.729999542236328,14.6899995803833,14.699999809265137,14.699999809265137,1286878.0
2024-05-17 13:40:00+03:00,14.699999809265137,14.720000267028809,14.6899995803833,14.699999809265137,14.699999809265137,1235488.0
2024-05-17 13:45:00+03:00,14.699999809265137,14.760000228881836,14.6899995803833,14.760000228881836,14.760000228881836,3854983.0
2024-05-17 13:50:00+03:00,14.75,14.760000228881836,14.729999542236328,14.75,14.75,2768777.0
2024-05-17 13:55:00+03:00,14.760000228881836,14.760000228881836,14.729999542236328,14.75,14.75,1485893.0
2024-05-17 14:00:00+03:00,14.75,14.75,14.720000267028809,14.739999771118164,14.739999771118164,1538255.0
2024-05-17 14:05:00+03:00,14.739999771118164,14.739999771118164,14.710000038146973,14.729999542236328,14.729999542236328,1753243.0
2024-05-17 14:10:00+03:00,14.739999771118164,14.770000457763672,14.720000267028809,14.75,14.75,4803114.0
2024-05-17 14:15:00+03:00,14.75,14.75,14.720000267028809,14.729999542236328,14.729999542236328,1692289.0
2024-05-17 14:20:00+03:00,14.729999542236328,14.739999771118164,14.720000267028809,14.720000267028809,14.720000267028809,1530087.0
2024-05-17 14:25:00+03:00,14.720000267028809,14.729999542236328,14.699999809265137,14.720000267028809,14.720000267028809,2369891.0
2024-05-17 14:30:00+03:00,14.720000267028809,14.729999542236328,14.699999809265137,14.720000267028809,14.720000267028809,1751574.0
2024-05-17 14:35:00+03:00,14.720000267028809,14.739999771118164,14.699999809265137,14.710000038146973,14.710000038146973,2909031.0
2024-05-17 14:40:00+03:00,14.710000038146973,14.739999771118164,14.699999809265137,14.729999542236328,14.729999542236328,2962593.0
2024-05-17 14:45:00+03:00,14.729999542236328,14.739999771118164,14.720000267028809,14.720000267028809,14.720000267028809,1113998.0
2024-05-17 14:50:00+03:00,14.729999542236328,14.739999771118164,14.710000038146973,14.739999771118164,14.739999771118164,663930.0
2024-05-17 14:55:00+03:00,14.739999771118164,14.75,14.729999542236328,14.729999542236328,14.729999542236328,1458634.0
2024-05-17 15:00:00+03:00,14.729999542236328,14.760000228881836,14.729999542236328,14.75,14.75,1296630.0
2024-05-17 15:05:00+03:00,14.75,14.75,14.720000267028809,14.739999771118164,14.739999771118164,1795053.0
2024-05-17 15:10:00+03:00,14.739999771118164,14.739999771118164,14.710000038146973,14.729999542236328,14.729999542236328,617273.0
2024-05-17 15:15:00+03:00,14.720000267028809,14.739999771118164,14.720000267028809,14.720000267028809,14.720000267028809,1119165.0
2024-05-17 15:20:00+03:00,14.729999542236328,14.739999771118164,14.720000267028809,14.720000267028809,14.720000267028809,996857.0
2024-05-17 15:25:00+03:00,14.720000267028809,14.739999771118164,14.699999809265137,14.729999542236328,14.729999542236328,1931473.0
2024-05-17 15:30:00+03:00,14.729999542236328,14.729999542236328,14.710000038146973,14.729999542236328,14.729999542236328,859008.0
2024-05-17 15:35:00+03:00,14.729999542236328,14.729999542236328,14.710000038146973,14.729999542236328,14.729999542236328,1527592.0
2024-05-17 15:40:00+03:00,14.729999542236328,14.739999771118164,14.710000038146973,14.739999771118164,14.739999771118164,998141.0
2024-05-17 15:45:00+03:00,14.739999771118164,14.789999961853027,14.720000267028809,14.789999961853027,14.789999961853027,10129195.0
2024-05-17 15:50:00+03:00,14.789999961853027,14.8100004196167,14.779999732971191,14.789999961853027,14.789999961853027,9686026.0
2024-05-17 15:55:00+03:00,14.789999961853027,14.800000190734863,14.779999732971191,14.800000190734863,14.800000190734863,1735076.0
2024-05-17 16:00:00+03:00,14.789999961853027,14.8100004196167,14.779999732971191,14.800000190734863,14.800000190734863,4762292.0
2024-05-17 16:05:00+03:00,14.800000190734863,14.8100004196167,14.789999961853027,14.800000190734863,14.800000190734863,4625267.0
2024-05-17 16:10:00+03:00,14.800000190734863,14.819999694824219,14.779999732971191,14.800000190734863,14.800000190734863,6772906.0
2024-05-17 16:15:00+03:00,14.800000190734863,14.819999694824219,14.760000228881836,14.8100004196167,14.8100004196167,13469221.0
2024-05-17 16:20:00+03:00,14.8100004196167,14.859999656677246,14.800000190734863,14.850000381469727,14.850000381469727,11451240.0
2024-05-17 16:25:00+03:00,14.850000381469727,14.880000114440918,14.850000381469727,14.859999656677246,14.859999656677246,6543227.0
2024-05-17 16:30:00+03:00,14.859999656677246,14.859999656677246,14.84000015258789,14.84000015258789,14.84000015258789,3070896.0
2024-05-17 16:35:00+03:00,14.850000381469727,14.859999656677246,14.84000015258789,14.850000381469727,14.850000381469727,838281.0
2024-05-17 16:40:00+03:00,14.859999656677246,14.869999885559082,14.850000381469727,14.850000381469727,14.850000381469727,1560442.0
2024-05-17 16:45:00+03:00,14.859999656677246,14.859999656677246,14.84000015258789,14.850000381469727,14.850000381469727,2693731.0
2024-05-17 16:50:00+03:00,14.850000381469727,14.859999656677246,14.829999923706055,14.850000381469727,14.850000381469727,3097016.0
2024-05-17 16:55:00+03:00,14.850000381469727,14.850000381469727,14.819999694824219,14.829999923706055,14.829999923706055,3194270.0
2024-05-17 17:00:00+03:00,14.829999923706055,14.90999984741211,14.829999923706055,14.899999618530273,14.899999618530273,16633674.0
2024-05-17 17:05:00+03:00,14.899999618530273,14.90999984741211,14.819999694824219,14.829999923706055,14.829999923706055,7520375.0
2024-05-17 17:10:00+03:00,14.829999923706055,14.84000015258789,14.8100004196167,14.8100004196167,14.8100004196167,5752712.0
2024-05-17 17:15:00+03:00,14.819999694824219,14.869999885559082,14.800000190734863,14.869999885559082,14.869999885559082,3397030.0
2024-05-17 17:20:00+03:00,14.869999885559082,14.90999984741211,14.850000381469727,14.899999618530273,14.899999618530273,7205331.0
2024-05-17 17:25:00+03:00,14.899999618530273,14.899999618530273,14.869999885559082,14.880000114440918,14.880000114440918,3197164.0
2024-05-17 17:30:00+03:00,14.880000114440918,14.890000343322754,14.850000381469727,14.869999885559082,14.869999885559082,4048671.0
2024-05-17 17:35:00+03:00,14.869999885559082,14.880000114440918,14.850000381469727,14.869999885559082,14.869999885559082,3202020.0
2024-05-17 17:40:00+03:00,14.869999885559082,14.869999885559082,14.829999923706055,14.850000381469727,14.850000381469727,5027753.0
2024-05-17 17:45:00+03:00,14.850000381469727,14.850000381469727,14.779999732971191,14.789999961853027,14.789999961853027,7927279.0
2024-05-17 17:50:00+03:00,14.779999732971191,14.789999961853027,14.760000228881836,14.779999732971191,14.779999732971191,3985797.0
2024-05-17 17:55:00+03:00,14.779999732971191,14.800000190734863,14.760000228881836,14.779999732971191,14.779999732971191,10272129.0
2024-05-20 09:55:00+03:00,14.800000190734863,14.800000190734863,14.800000190734863,14.800000190734863,14.800000190734863,0.0
2024-05-20 10:00:00+03:00,14.8100004196167,14.930000305175781,14.800000190734863,14.920000076293945,14.920000076293945,16582897.0
2024-05-20 10:05:00+03:00,14.920000076293945,14.920000076293945,14.760000228881836,14.770000457763672,14.770000457763672,12311485.0
2024-05-20 10:10:00+03:00,14.770000457763672,14.859999656677246,14.760000228881836,14.829999923706055,14.829999923706055,5684823.0
2024-05-20 10:15:00+03:00,14.819999694824219,14.9399995803833,14.800000190734863,14.930000305175781,14.930000305175781,12464912.0
2024-05-20 10:20:00+03:00,14.930000305175781,14.960000038146973,14.880000114440918,14.899999618530273,14.899999618530273,11068260.0
2024-05-20 10:25:00+03:00,14.890000343322754,14.960000038146973,14.850000381469727,14.949999809265137,14.949999809265137,11809924.0
2024-05-20 10:30:00+03:00,14.949999809265137,14.970000267028809,14.90999984741211,14.920000076293945,14.920000076293945,16219743.0
2024-05-20 10:35:00+03:00,14.930000305175781,14.960000038146973,14.90999984741211,14.960000038146973,14.960000038146973,5394426.0
2024-05-20 10:40:00+03:00,14.949999809265137,15.010000228881836,14.9399995803833,15.0,15.0,14270425.0
2024-05-20 10:45:00+03:00,15.0,15.029999732971191,14.979999542236328,15.029999732971191,15.029999732971191,8350388.0
2024-05-20 10:50:00+03:00,15.020000457763672,15.039999961853027,14.970000267028809,14.989999771118164,14.989999771118164,11426019.0
2024-05-20 10:55:00+03:00,14.989999771118164,15.020000457763672,14.9399995803833,15.010000228881836,15.010000228881836,9715622.0
2024-05-20 11:00:00+03:00,15.010000228881836,15.029999732971191,14.979999542236328,15.029999732971191,15.029999732971191,4650616.0
2024-05-20 11:05:00+03:00,15.029999732971191,15.029999732971191,14.960000038146973,14.979999542236328,14.979999542236328,5328615.0
2024-05-20 11:10:00+03:00,14.979999542236328,15.020000457763672,14.970000267028809,14.979999542236328,14.979999542236328,3774223.0
2024-05-20 11:15:00+03:00,14.979999542236328,15.020000457763672,14.979999542236328,15.020000457763672,15.020000457763672,4977713.0
2024-05-20 11:20:00+03:00,15.020000457763672,15.029999732971191,14.979999542236328,15.0,15.0,6351528.0
2024-05-20 11:25:00+03:00,15.0,15.140000343322754,14.989999771118164,15.130000114440918,15.130000114440918,17562562.0
2024-05-20 11:30:00+03:00,15.130000114440918,15.1899995803833,15.119999885559082,15.15999984741211,15.15999984741211,15894664.0
2024-05-20 11:35:00+03:00,15.15999984741211,15.1899995803833,15.109999656677246,15.119999885559082,15.119999885559082,14004872.0
2024-05-20 11:40:00+03:00,15.119999885559082,15.140000343322754,15.100000381469727,15.109999656677246,15.109999656677246,5529060.0
2024-05-20 11:45:00+03:00,15.119999885559082,15.119999885559082,15.09000015258789,15.109999656677246,15.109999656677246,6686820.0
2024-05-20 11:50:00+03:00,15.100000381469727,15.119999885559082,15.100000381469727,15.109999656677246,15.109999656677246,1131840.0
2024-05-20 11:55:00+03:00,15.100000381469727,15.109999656677246,15.039999961853027,15.069999694824219,15.069999694824219,5363583.0
2024-05-20 12:00:00+03:00,15.0600004196167,15.09000015258789,15.029999732971191,15.079999923706055,15.079999923706055,6279488.0
2024-05-20 12:05:00+03:00,15.079999923706055,15.100000381469727,15.0600004196167,15.09000015258789,15.09000015258789,2616692.0
2024-05-20 12:10:00+03:00,15.09000015258789,15.09000015258789,15.0600004196167,15.069999694824219,15.069999694824219,2589541.0
2024-05-20 12:15:00+03:00,15.069999694824219,15.109999656677246,15.0600004196167,15.100000381469727,15.100000381469727,2517932.0
2024-05-20 12:20:00+03:00,15.100000381469727,15.109999656677246,15.0600004196167,15.079999923706055,15.079999923706055,2706864.0
2024-05-20 12:25:00+03:00,15.09000015258789,15.09000015258789,15.029999732971191,15.050000190734863,15.050000190734863,4109709.0
2024-05-20 12:30:00+03:00,15.039999961853027,15.069999694824219,15.029999732971191,15.069999694824219,15.069999694824219,1858670.0
2024-05-20 12:35:00+03:00,15.0600004196167,15.069999694824219,15.039999961853027,15.0600004196167,15.0600004196167,2449214.0
2024-05-20 12:40:00+03:00,15.0600004196167,15.0600004196167,15.0,15.0,15.0,3644278.0
2024-05-20 12:45:00+03:00,15.010000228881836,15.039999961853027,15.0,15.039999961853027,15.039999961853027,1696611.0
2024-05-20 12:50:00+03:00,15.039999961853027,15.050000190734863,15.010000228881836,15.050000190734863,15.050000190734863,1368570.0
2024-05-20 12:55:00+03:00,15.050000190734863,15.0600004196167,15.029999732971191,15.0600004196167,15.0600004196167,917166.0
2024-05-20 13:00:00+03:00,15.0600004196167,15.100000381469727,15.050000190734863,15.100000381469727,15.100000381469727,4174168.0
2024-05-20 13:05:00+03:00,15.100000381469727,15.109999656677246,15.079999923706055,15.109999656677246,15.109999656677246,3884060.0
2024-05-20 13:10:00+03:00,15.100000381469727,15.199999809265137,15.100000381469727,15.1899995803833,15.1899995803833,12322610.0
2024-05-20 13:15:00+03:00,15.199999809265137,15.25,15.180000305175781,15.1899995803833,15.1899995803833,10783765.0
2024-05-20 13:20:00+03:00,15.1899995803833,15.220000267028809,15.180000305175781,15.210000038146973,15.210000038146973,2897492.0
2024-05-20 13:25:00+03:00,15.210000038146973,15.210000038146973,15.170000076293945,15.199999809265137,15.199999809265137,3896400.0
2024-05-20 13:30:00+03:00,15.199999809265137,15.199999809265137,15.15999984741211,15.15999984741211,15.15999984741211,2393789.0
2024-05-20 13:35:00+03:00,15.170000076293945,15.1899995803833,15.15999984741211,15.1899995803833,15.1899995803833,991863.0
2024-05-20 13:40:00+03:00,15.1899995803833,15.199999809265137,15.170000076293945,15.199999809265137,15.199999809265137,1935894.0
2024-05-20 13:45:00+03:00,15.1899995803833,15.220000267028809,15.180000305175781,15.199999809265137,15.199999809265137,4029217.0
2024-05-20 13:50:00+03:00,15.199999809265137,15.210000038146973,15.180000305175781,15.210000038146973,15.210000038146973,1539767.0
2024-05-20 13:55:00+03:00,15.210000038146973,15.210000038146973,15.15999984741211,15.170000076293945,15.170000076293945,2666283.0
2024-05-20 14:00:00+03:00,15.170000076293945,15.1899995803833,15.15999984741211,15.170000076293945,15.170000076293945,1996075.0
2024-05-20 14:05:00+03:00,15.180000305175781,15.199999809265137,15.15999984741211,15.1899995803833,15.1899995803833,1806379.0
2024-05-20 14:10:00+03:00,15.1899995803833,15.1899995803833,15.15999984741211,15.1899995803833,15.1899995803833,1019243.0
2024-05-20 14:15:00+03:00,15.1899995803833,15.1899995803833,15.140000343322754,15.149999618530273,15.149999618530273,1875210.0
2024-05-20 14:20:00+03:00,15.140000343322754,15.15999984741211,15.130000114440918,15.15999984741211,15.15999984741211,1988042.0
2024-05-20 14:25:00+03:00,15.149999618530273,15.15999984741211,15.130000114440918,15.149999618530273,15.149999618530273,2050834.0
2024-05-20 14:30:00+03:00,15.149999618530273,15.170000076293945,15.130000114440918,15.170000076293945,15.170000076293945,2162033.0
2024-05-20 14:35:00+03:00,15.15999984741211,15.15999984741211,15.130000114440918,15.149999618530273,15.149999618530273,1246475.0
2024-05-20 14:40:00+03:00,15.149999618530273,15.149999618530273,15.130000114440918,15.140000343322754,15.140000343322754,416562.0
2024-05-20 14:45:00+03:00,15.130000114440918,15.140000343322754,15.100000381469727,15.109999656677246,15.109999656677246,2526021.0
2024-05-20 14:50:00+03:00,15.109999656677246,15.109999656677246,15.079999923706055,15.079999923706055,15.079999923706055,2095283.0
2024-05-20 14:55:00+03:00,15.079999923706055,15.100000381469727,15.039999961853027,15.050000190734863,15.050000190734863,3402566.0
2024-05-20 15:00:00+03:00,15.0600004196167,15.069999694824219,15.010000228881836,15.0600004196167,15.0600004196167,3392125.0
2024-05-20 15:05:00+03:00,15.069999694824219,15.100000381469727,15.039999961853027,15.100000381469727,15.100000381469727,3107486.0
2024-05-20 15:10:00+03:00,15.100000381469727,15.130000114440918,15.079999923706055,15.100000381469727,15.100000381469727,3200504.0
2024-05-20 15:15:00+03:00,15.100000381469727,15.109999656677246,15.079999923706055,15.100000381469727,15.100000381469727,1347191.0
2024-05-20 15:20:00+03:00,15.100000381469727,15.100000381469727,15.0600004196167,15.069999694824219,15.069999694824219,979481.0
2024-05-20 15:25:00+03:00,15.069999694824219,15.100000381469727,15.0600004196167,15.079999923706055,15.079999923706055,1181774.0
2024-05-20 15:30:00+03:00,15.09000015258789,15.09000015258789,15.0600004196167,15.079999923706055,15.079999923706055,1195796.0
2024-05-20 15:35:00+03:00,15.079999923706055,15.09000015258789,15.050000190734863,15.050000190734863,15.050000190734863,1695066.0
2024-05-20 15:40:00+03:00,15.0600004196167,15.079999923706055,15.050000190734863,15.079999923706055,15.079999923706055,1530120.0
2024-05-20 15:45:00+03:00,15.079999923706055,15.079999923706055,15.020000457763672,15.039999961853027,15.039999961853027,2738603.0
2024-05-20 15:50:00+03:00,15.039999961853027,15.050000190734863,14.989999771118164,14.989999771118164,14.989999771118164,3528553.0
2024-05-20 15:55:00+03:00,14.989999771118164,15.039999961853027,14.979999542236328,15.039999961853027,15.039999961853027,2346456.0
2024-05-20 16:00:00+03:00,15.039999961853027,15.050000190734863,15.020000457763672,15.050000190734863,15.050000190734863,1898319.0
2024-05-20 16:05:00+03:00,15.050000190734863,15.069999694824219,15.029999732971191,15.0600004196167,15.0600004196167,2582218.0
2024-05-20 16:10:00+03:00,15.069999694824219,15.069999694824219,15.050000190734863,15.069999694824219,15.069999694824219,1007057.0
2024-05-20 16:15:00+03:00,15.0600004196167,15.100000381469727,15.0600004196167,15.079999923706055,15.079999923706055,3272714.0
2024-05-20 16:20:00+03:00,15.079999923706055,15.079999923706055,15.050000190734863,15.079999923706055,15.079999923706055,1797405.0
2024-05-20 16:25:00+03:00,15.079999923706055,15.079999923706055,15.029999732971191,15.050000190734863,15.050000190734863,1821096.0
2024-05-20 16:30:00+03:00,15.079999923706055,15.100000381469727,15.050000190734863,15.079999923706055,15.079999923706055,1618022.0
2024-05-20 16:35:00+03:00,15.079999923706055,15.119999885559082,15.069999694824219,15.09000015258789,15.09000015258789,2432693.0
2024-05-20 16:40:00+03:00,15.100000381469727,15.109999656677246,15.069999694824219,15.079999923706055,15.079999923706055,1887947.0
2024-05-20 16:45:00+03:00,15.079999923706055,15.09000015258789,15.069999694824219,15.079999923706055,15.079999923706055,702276.0
2024-05-20 16:50:00+03:00,15.079999923706055,15.100000381469727,15.0600004196167,15.09000015258789,15.09000015258789,1606727.0
2024-05-20 16:55:00+03:00,15.09000015258789,15.100000381469727,15.069999694824219,15.100000381469727,15.100000381469727,1403995.0
2024-05-20 17:00:00+03:00,15.100000381469727,15.109999656677246,15.09000015258789,15.100000381469727,15.100000381469727,1942056.0
2024-05-20 17:05:00+03:00,15.109999656677246,15.109999656677246,15.069999694824219,15.069999694824219,15.069999694824219,2261914.0
2024-05-20 17:10:00+03:00,15.079999923706055,15.100000381469727,15.069999694824219,15.079999923706055,15.079999923706055,1174802.0
2024-05-20 17:15:00+03:00,15.09000015258789,15.130000114440918,15.079999923706055,15.130000114440918,15.130000114440918,4388235.0
2024-05-20 17:20:00+03:00,15.119999885559082,15.149999618530273,15.109999656677246,15.119999885559082,15.119999885559082,8307925.0
2024-05-20 17:25:00+03:00,15.119999885559082,15.140000343322754,15.100000381469727,15.119999885559082,15.119999885559082,3236353.0
2024-05-20 17:30:00+03:00,15.119999885559082,15.119999885559082,15.069999694824219,15.079999923706055,15.079999923706055,3047911.0
2024-05-20 17:35:00+03:00,15.09000015258789,15.100000381469727,15.0600004196167,15.069999694824219,15.069999694824219,1654352.0
2024-05-20 17:40:00+03:00,15.069999694824219,15.069999694824219,15.029999732971191,15.0600004196167,15.0600004196167,3228998.0
2024-05-20 17:45:00+03:00,15.0600004196167,15.069999694824219,15.020000457763672,15.039999961853027,15.039999961853027,4740521.0
2024-05-20 17:50:00+03:00,15.029999732971191,15.050000190734863,15.020000457763672,15.050000190734863,15.050000190734863,2881545.0
2024-05-20 17:55:00+03:00,15.050000190734863,15.0600004196167,15.039999961853027,15.050000190734863,15.050000190734863,5696832.0
2024-05-21 09:55:00+03:00,15.130000114440918,15.130000114440918,15.130000114440918,15.130000114440918,15.130000114440918,0.0
2024-05-21 10:00:00+03:00,15.130000114440918,15.34000015258789,15.130000114440918,15.289999961853027,15.289999961853027,34115080.0
2024-05-21 10:05:00+03:00,15.289999961853027,15.520000457763672,15.220000267028809,15.5,15.5,35896762.0
2024-05-21 10:10:00+03:00,15.5,15.680000305175781,15.489999771118164,15.600000381469727,15.600000381469727,37230575.0
2024-05-21 10:15:00+03:00,15.609999656677246,15.84000015258789,15.59000015258789,15.8100004196167,15.8100004196167,27652209.0
2024-05-21 10:20:00+03:00,15.8100004196167,16.049999237060547,15.8100004196167,15.930000305175781,15.930000305175781,38455970.0
2024-05-21 10:25:00+03:00,15.930000305175781,16.0,15.880000114440918,15.90999984741211,15.90999984741211,20478308.0
2024-05-21 10:30:00+03:00,15.90999984741211,16.209999084472656,15.869999885559082,15.989999771118164,15.989999771118164,42182178.0
2024-05-21 10:35:00+03:00,16.0,16.09000015258789,15.819999694824219,15.84000015258789,15.84000015258789,20698704.0
2024-05-21 10:40:00+03:00,15.84000015258789,15.890000343322754,15.770000457763672,15.84000015258789,15.84000015258789,20399046.0
2024-05-21 10:45:00+03:00,15.84000015258789,15.84000015258789,15.6899995803833,15.699999809265137,15.699999809265137,16060230.0
2024-05-21 10:50:00+03:00,15.699999809265137,15.84000015258789,15.670000076293945,15.819999694824219,15.819999694824219,16562257.0
2024-05-21 10:55:00+03:00,15.829999923706055,16.110000610351562,15.819999694824219,16.09000015258789,16.09000015258789,28263095.0
2024-05-21 11:00:00+03:00,16.09000015258789,16.1200008392334,15.899999618530273,15.989999771118164,15.989999771118164,35293268.0
2024-05-21 11:05:00+03:00,15.989999771118164,15.989999771118164,15.720000267028809,15.75,15.75,37939832.0
2024-05-21 11:10:00+03:00,15.75,15.979999542236328,15.729999542236328,15.760000228881836,15.760000228881836,16930109.0
2024-05-21 11:15:00+03:00,15.760000228881836,15.779999732971191,15.680000305175781,15.710000038146973,15.710000038146973,18160733.0
2024-05-21 11:20:00+03:00,15.699999809265137,15.880000114440918,15.680000305175781,15.869999885559082,15.869999885559082,15632635.0
2024-05-21 11:25:00+03:00,15.869999885559082,15.949999809265137,15.829999923706055,15.890000343322754,15.890000343322754,16665304.0
2024-05-21 11:30:00+03:00,15.880000114440918,15.890000343322754,15.829999923706055,15.869999885559082,15.869999885559082,6753151.0
2024-05-21 11:35:00+03:00,15.869999885559082,16.0,15.859999656677246,15.989999771118164,15.989999771118164,17462677.0
2024-05-21 11:40:00+03:00,15.989999771118164,16.079999923706055,15.979999542236328,16.030000686645508,16.030000686645508,21257005.0
2024-05-21 11:45:00+03:00,16.020000457763672,16.200000762939453,15.979999542236328,16.190000534057617,16.190000534057617,30651599.0
2024-05-21 11:50:00+03:00,16.190000534057617,16.450000762939453,16.18000030517578,16.43000030517578,16.43000030517578,81615132.0
2024-05-21 11:55:00+03:00,16.43000030517578,16.43000030517578,16.170000076293945,16.239999771118164,16.239999771118164,28335101.0
2024-05-21 12:00:00+03:00,16.239999771118164,16.270000457763672,16.170000076293945,16.18000030517578,16.18000030517578,8774629.0
2024-05-21 12:05:00+03:00,16.18000030517578,16.3700008392334,16.18000030517578,16.299999237060547,16.299999237060547,16249866.0
2024-05-21 12:10:00+03:00,16.299999237060547,16.299999237060547,16.229999542236328,16.239999771118164,16.239999771118164,6945986.0
2024-05-21 12:15:00+03:00,16.239999771118164,16.299999237060547,16.229999542236328,16.260000228881836,16.260000228881836,4042140.0
2024-05-21 12:20:00+03:00,16.260000228881836,16.280000686645508,16.229999542236328,16.280000686645508,16.280000686645508,3495622.0
2024-05-21 12:25:00+03:00,16.280000686645508,16.31999969482422,16.239999771118164,16.299999237060547,16.299999237060547,5137837.0
2024-05-21 12:30:00+03:00,16.299999237060547,16.309999465942383,16.270000457763672,16.290000915527344,16.290000915527344,3168857.0
2024-05-21 12:35:00+03:00,16.290000915527344,16.299999237060547,16.25,16.290000915527344,16.290000915527344,4423213.0
2024-05-21 12:40:00+03:00,16.280000686645508,16.3700008392334,16.25,16.309999465942383,16.309999465942383,12990780.0
2024-05-21 12:45:00+03:00,16.309999465942383,16.309999465942383,16.260000228881836,16.309999465942383,16.309999465942383,6015192.0
2024-05-21 12:50:00+03:00,16.309999465942383,16.43000030517578,16.309999465942383,16.420000076293945,16.420000076293945,14815515.0
2024-05-21 12:55:00+03:00,16.420000076293945,16.450000762939453,16.360000610351562,16.420000076293945,16.420000076293945,10556825.0
2024-05-21 13:00:00+03:00,16.420000076293945,16.420000076293945,16.31999969482422,16.34000015258789,16.34000015258789,8979955.0
2024-05-21 13:05:00+03:00,16.34000015258789,16.40999984741211,16.34000015258789,16.399999618530273,16.399999618530273,4187976.0
2024-05-21 13:10:00+03:00,16.399999618530273,16.450000762939453,16.3799991607666,16.450000762939453,16.450000762939453,9430669.0
2024-05-21 13:15:00+03:00,16.440000534057617,16.5,16.43000030517578,16.479999542236328,16.479999542236328,15480625.0
2024-05-21 13:20:00+03:00,16.479999542236328,16.510000228881836,16.420000076293945,16.43000030517578,16.43000030517578,13327630.0
2024-05-21 13:25:00+03:00,16.420000076293945,16.440000534057617,16.40999984741211,16.440000534057617,16.440000534057617,5192320.0
2024-05-21 13:30:00+03:00,16.440000534057617,16.440000534057617,16.3799991607666,16.3799991607666,16.3799991607666,5095506.0
2024-05-21 13:35:00+03:00,16.389999389648438,16.40999984741211,16.350000381469727,16.389999389648438,16.389999389648438,5733557.0
2024-05-21 13:40:00+03:00,16.3799991607666,16.450000762939453,16.3799991607666,16.399999618530273,16.399999618530273,4477566.0
2024-05-21 13:45:00+03:00,16.389999389648438,16.43000030517578,16.3799991607666,16.40999984741211,16.40999984741211,2678358.0
2024-05-21 13:50:00+03:00,16.40999984741211,16.420000076293945,16.3799991607666,16.3799991607666,16.3799991607666,2191646.0
2024-05-21 13:55:00+03:00,16.3799991607666,16.40999984741211,16.360000610351562,16.389999389648438,16.389999389648438,3356472.0
2024-05-21 14:00:00+03:00,16.389999389648438,16.420000076293945,16.3799991607666,16.40999984741211,16.40999984741211,1266671.0
2024-05-21 14:05:00+03:00,16.40999984741211,16.420000076293945,16.399999618530273,16.420000076293945,16.420000076293945,1089676.0
2024-05-21 14:10:00+03:00,16.40999984741211,16.420000076293945,16.389999389648438,16.420000076293945,16.420000076293945,1572258.0
2024-05-21 14:15:00+03:00,16.420000076293945,16.479999542236328,16.399999618530273,16.479999542236328,16.479999542236328,9971210.0
2024-05-21 14:20:00+03:00,16.469999313354492,16.479999542236328,16.43000030517578,16.43000030517578,16.43000030517578,3354766.0
2024-05-21 14:25:00+03:00,16.440000534057617,16.459999084472656,16.43000030517578,16.450000762939453,16.450000762939453,2680624.0
2024-05-21 14:30:00+03:00,16.450000762939453,16.459999084472656,16.420000076293945,16.440000534057617,16.440000534057617,2218971.0
2024-05-21 14:35:00+03:00,16.440000534057617,16.450000762939453,16.43000030517578,16.440000534057617,16.440000534057617,2028032.0
2024-05-21 14:40:00+03:00,16.43000030517578,16.450000762939453,16.43000030517578,16.440000534057617,16.440000534057617,841368.0
2024-05-21 14:45:00+03:00,16.43000030517578,16.450000762939453,16.420000076293945,16.43000030517578,16.43000030517578,1947456.0
2024-05-21 14:50:00+03:00,16.43000030517578,16.450000762939453,16.420000076293945,16.440000534057617,16.440000534057617,1657375.0
2024-05-21 14:55:00+03:00,16.440000534057617,16.459999084472656,16.40999984741211,16.450000762939453,16.450000762939453,7792555.0
2024-05-21 15:00:00+03:00,16.440000534057617,16.450000762939453,16.309999465942383,16.309999465942383,16.309999465942383,8158402.0
2024-05-21 15:05:00+03:00,16.31999969482422,16.329999923706055,16.239999771118164,16.299999237060547,16.299999237060547,14596865.0
2024-05-21 15:10:00+03:00,16.290000915527344,16.299999237060547,16.209999084472656,16.219999313354492,16.219999313354492,8791787.0
2024-05-21 15:15:00+03:00,16.229999542236328,16.229999542236328,16.15999984741211,16.170000076293945,16.170000076293945,9039479.0
2024-05-21 15:20:00+03:00,16.15999984741211,16.200000762939453,15.979999542236328,16.040000915527344,16.040000915527344,17413072.0
2024-05-21 15:25:00+03:00,16.040000915527344,16.149999618530273,15.9399995803833,16.100000381469727,16.100000381469727,22289555.0
2024-05-21 15:30:00+03:00,16.100000381469727,16.190000534057617,16.020000457763672,16.049999237060547,16.049999237060547,13770947.0
2024-05-21 15:35:00+03:00,16.049999237060547,16.139999389648438,16.040000915527344,16.139999389648438,16.139999389648438,12576840.0
2024-05-21 15:40:00+03:00,16.139999389648438,16.139999389648438,16.010000228881836,16.040000915527344,16.040000915527344,6860415.0
2024-05-21 15:45:00+03:00,16.040000915527344,16.139999389648438,16.0,16.1200008392334,16.1200008392334,7036985.0
2024-05-21 15:50:00+03:00,16.1200008392334,16.15999984741211,16.020000457763672,16.059999465942383,16.059999465942383,7170262.0
2024-05-21 15:55:00+03:00,16.059999465942383,16.139999389648438,16.049999237060547,16.100000381469727,16.100000381469727,5929209.0
2024-05-21 16:00:00+03:00,16.09000015258789,16.100000381469727,16.040000915527344,16.079999923706055,16.079999923706055,3993819.0
2024-05-21 16:05:00+03:00,16.079999923706055,16.1200008392334,16.059999465942383,16.110000610351562,16.110000610351562,5479171.0
2024-05-21 16:10:00+03:00,16.110000610351562,16.149999618530273,16.100000381469727,16.149999618530273,16.149999618530273,5127299.0
2024-05-21 16:15:00+03:00,16.149999618530273,16.170000076293945,16.110000610351562,16.1299991607666,16.1299991607666,5343314.0
2024-05-21 16:20:00+03:00,16.1299991607666,16.139999389648438,16.079999923706055,16.09000015258789,16.09000015258789,3026198.0
2024-05-21 16:25:00+03:00,16.100000381469727,16.110000610351562,16.030000686645508,16.059999465942383,16.059999465942383,4194194.0
2024-05-21 16:30:00+03:00,16.059999465942383,16.06999969482422,15.989999771118164,16.020000457763672,16.020000457763672,6710773.0
2024-05-21 16:35:00+03:00,16.020000457763672,16.059999465942383,15.989999771118164,16.040000915527344,16.040000915527344,4016899.0
2024-05-21 16:40:00+03:00,16.049999237060547,16.110000610351562,16.030000686645508,16.110000610351562,16.110000610351562,4613905.0
2024-05-21 16:45:00+03:00,16.100000381469727,16.1200008392334,16.079999923706055,16.100000381469727,16.100000381469727,970516.0
2024-05-21 16:50:00+03:00,16.100000381469727,16.100000381469727,16.049999237060547,16.09000015258789,16.09000015258789,2163673.0
2024-05-21 16:55:00+03:00,16.09000015258789,16.139999389648438,16.059999465942383,16.139999389648438,16.139999389648438,3350221.0
2024-05-21 17:00:00+03:00,16.1299991607666,16.15999984741211,16.100000381469727,16.1299991607666,16.1299991607666,5455015.0
2024-05-21 17:05:00+03:00,16.1200008392334,16.1200008392334,15.979999542236328,15.989999771118164,15.989999771118164,4259805.0
2024-05-21 17:10:00+03:00,15.989999771118164,16.020000457763672,15.9399995803833,15.949999809265137,15.949999809265137,7752391.0
2024-05-21 17:15:00+03:00,15.960000038146973,15.979999542236328,15.920000076293945,15.949999809265137,15.949999809265137,4120355.0
2024-05-21 17:20:00+03:00,15.949999809265137,15.970000267028809,15.859999656677246,15.880000114440918,15.880000114440918,7968143.0
2024-05-21 17:25:00+03:00,15.880000114440918,15.890000343322754,15.789999961853027,15.84000015258789,15.84000015258789,9497981.0
2024-05-21 17:30:00+03:00,15.84000015258789,15.880000114440918,15.819999694824219,15.880000114440918,15.880000114440918,4868599.0
2024-05-21 17:35:00+03:00,15.880000114440918,15.930000305175781,15.869999885559082,15.899999618530273,15.899999618530273,5455808.0
2024-05-21 17:40:00+03:00,15.899999618530273,15.960000038146973,15.869999885559082,15.9399995803833,15.9399995803833,8667642.0
2024-05-21 17:45:00+03:00,15.949999809265137,16.040000915527344,15.9399995803833,16.030000686645508,16.030000686645508,5491374.0
2024-05-21 17:50:00+03:00,16.020000457763672,16.059999465942383,15.979999542236328,16.040000915527344,16.040000915527344,7660542.0
2024-05-21 17:55:00+03:00,16.040000915527344,16.1200008392334,16.030000686645508,16.100000381469727,16.100000381469727,9031927.0
2024-05-22 09:55:00+03:00,16.100000381469727,16.100000381469727,16.100000381469727,16.100000381469727,16.100000381469727,0.0
2024-05-22 10:00:00+03:00,16.100000381469727,16.100000381469727,15.6899995803833,15.760000228881836,15.760000228881836,23017726.0
2024-05-22 10:05:00+03:00,15.75,15.84000015258789,15.699999809265137,15.8100004196167,15.8100004196167,17993949.0
2024-05-22 10:10:00+03:00,15.8100004196167,15.90999984741211,15.75,15.770000457763672,15.770000457763672,14282015.0
2024-05-22 10:15:00+03:00,15.779999732971191,15.890000343322754,15.760000228881836,15.84000015258789,15.84000015258789,8153216.0
2024-05-22 10:20:00+03:00,15.829999923706055,15.859999656677246,15.789999961853027,15.829999923706055,15.829999923706055,6414671.0
2024-05-22 10:25:00+03:00,15.829999923706055,15.979999542236328,15.819999694824219,15.90999984741211,15.90999984741211,10930646.0
2024-05-22 10:30:00+03:00,15.899999618530273,16.0,15.779999732971191,15.800000190734863,15.800000190734863,10191001.0
2024-05-22 10:35:00+03:00,15.8100004196167,15.899999618530273,15.75,15.84000015258789,15.84000015258789,7914661.0
2024-05-22 10:40:00+03:00,15.829999923706055,15.880000114440918,15.8100004196167,15.880000114440918,15.880000114440918,4106521.0
2024-05-22 10:45:00+03:00,15.880000114440918,15.880000114440918,15.8100004196167,15.84000015258789,15.84000015258789,2296689.0
2024-05-22 10:50:00+03:00,15.84000015258789,15.859999656677246,15.8100004196167,15.859999656677246,15.859999656677246,3176335.0
2024-05-22 10:55:00+03:00,15.859999656677246,15.960000038146973,15.850000381469727,15.9399995803833,15.9399995803833,5860918.0
2024-05-22 11:00:00+03:00,15.949999809265137,16.020000457763672,15.90999984741211,15.9399995803833,15.9399995803833,9030359.0
2024-05-22 11:05:00+03:00,15.930000305175781,16.010000228881836,15.869999885559082,16.0,16.0,5072245.0
2024-05-22 11:10:00+03:00,15.989999771118164,16.0,15.869999885559082,15.920000076293945,15.920000076293945,5841251.0
2024-05-22 11:15:00+03:00,15.90999984741211,15.9399995803833,15.890000343322754,15.920000076293945,15.920000076293945,2482262.0
2024-05-22 11:20:00+03:00,15.90999984741211,15.989999771118164,15.90999984741211,15.989999771118164,15.989999771118164,3740037.0
2024-05-22 11:25:00+03:00,15.989999771118164,16.0,15.920000076293945,15.960000038146973,15.960000038146973,3132266.0
2024-05-22 11:30:00+03:00,15.970000267028809,15.970000267028809,15.920000076293945,15.960000038146973,15.960000038146973,1600616.0
2024-05-22 11:35:00+03:00,15.949999809265137,16.010000228881836,15.9399995803833,15.960000038146973,15.960000038146973,5944772.0
2024-05-22 11:40:00+03:00,15.960000038146973,16.209999084472656,15.949999809265137,16.149999618530273,16.149999618530273,28688962.0
2024-05-22 11:45:00+03:00,16.149999618530273,16.18000030517578,15.930000305175781,15.979999542236328,15.979999542236328,21968139.0
2024-05-22 11:50:00+03:00,15.979999542236328,15.979999542236328,15.869999885559082,15.890000343322754,15.890000343322754,12619395.0
2024-05-22 11:55:00+03:00,15.890000343322754,15.899999618530273,15.829999923706055,15.859999656677246,15.859999656677246,6289038.0
2024-05-22 12:00:00+03:00,15.859999656677246,15.880000114440918,15.779999732971191,15.800000190734863,15.800000190734863,7532151.0
2024-05-22 12:05:00+03:00,15.800000190734863,15.819999694824219,15.729999542236328,15.729999542236328,15.729999542236328,8778637.0
2024-05-22 12:10:00+03:00,15.729999542236328,15.779999732971191,15.720000267028809,15.75,15.75,5378888.0
2024-05-22 12:15:00+03:00,15.75,15.75,15.699999809265137,15.710000038146973,15.710000038146973,5064038.0
2024-05-22 12:20:00+03:00,15.710000038146973,15.710000038146973,15.670000076293945,15.710000038146973,15.710000038146973,7751936.0
2024-05-22 12:25:00+03:00,15.710000038146973,15.710000038146973,15.640000343322754,15.65999984741211,15.65999984741211,6185107.0
2024-05-22 12:30:00+03:00,15.65999984741211,15.670000076293945,15.630000114440918,15.65999984741211,15.65999984741211,4453051.0
2024-05-22 12:35:00+03:00,15.65999984741211,15.6899995803833,15.649999618530273,15.6899995803833,15.6899995803833,2330572.0
2024-05-22 12:40:00+03:00,15.6899995803833,15.699999809265137,15.640000343322754,15.649999618530273,15.649999618530273,3465813.0
2024-05-22 12:45:00+03:00,15.649999618530273,15.710000038146973,15.640000343322754,15.710000038146973,15.710000038146973,3007264.0
2024-05-22 12:50:00+03:00,15.710000038146973,15.720000267028809,15.670000076293945,15.6899995803833,15.6899995803833,2097773.0
2024-05-22 12:55:00+03:00,15.6899995803833,15.699999809265137,15.670000076293945,15.680000305175781,15.680000305175781,1446058.0
2024-05-22 13:00:00+03:00,15.6899995803833,15.699999809265137,15.65999984741211,15.680000305175781,15.680000305175781,2838494.0
2024-05-22 13:05:00+03:00,15.680000305175781,15.720000267028809,15.680000305175781,15.710000038146973,15.710000038146973,1907556.0
2024-05-22 13:10:00+03:00,15.699999809265137,15.729999542236328,15.6899995803833,15.710000038146973,15.710000038146973,1665128.0
2024-05-22 13:15:00+03:00,15.710000038146973,15.739999771118164,15.699999809265137,15.720000267028809,15.720000267028809,1542581.0
2024-05-22 13:20:00+03:00,15.710000038146973,15.710000038146973,15.65999984741211,15.680000305175781,15.680000305175781,2341721.0
2024-05-22 13:25:00+03:00,15.670000076293945,15.699999809265137,15.65999984741211,15.6899995803833,15.6899995803833,1998176.0
2024-05-22 13:30:00+03:00,15.6899995803833,15.710000038146973,15.65999984741211,15.6899995803833,15.6899995803833,1978682.0
2024-05-22 13:35:00+03:00,15.6899995803833,15.710000038146973,15.670000076293945,15.699999809265137,15.699999809265137,1066144.0
2024-05-22 13:40:00+03:00,15.699999809265137,15.710000038146973,15.65999984741211,15.699999809265137,15.699999809265137,1038371.0
2024-05-22 13:45:00+03:00,15.710000038146973,15.729999542236328,15.699999809265137,15.720000267028809,15.720000267028809,1497101.0
2024-05-22 13:50:00+03:00,15.710000038146973,15.720000267028809,15.670000076293945,15.680000305175781,15.680000305175781,2207485.0
2024-05-22 13:55:00+03:00,15.6899995803833,15.699999809265137,15.539999961853027,15.539999961853027,15.539999961853027,9793215.0
2024-05-22 14:00:00+03:00,15.550000190734863,15.600000381469727,15.550000190734863,15.59000015258789,15.59000015258789,2592039.0
2024-05-22 14:05:00+03:00,15.59000015258789,15.619999885559082,15.579999923706055,15.609999656677246,15.609999656677246,2415041.0
2024-05-22 14:10:00+03:00,15.609999656677246,15.640000343322754,15.600000381469727,15.630000114440918,15.630000114440918,1981296.0
2024-05-22 14:15:00+03:00,15.630000114440918,15.630000114440918,15.579999923706055,15.579999923706055,15.579999923706055,2511832.0
2024-05-22 14:20:00+03:00,15.579999923706055,15.609999656677246,15.5600004196167,15.600000381469727,15.600000381469727,2225752.0
2024-05-22 14:25:00+03:00,15.600000381469727,15.619999885559082,15.5600004196167,15.609999656677246,15.609999656677246,2613467.0
2024-05-22 14:30:00+03:00,15.609999656677246,15.630000114440918,15.569999694824219,15.619999885559082,15.619999885559082,1999256.0
2024-05-22 14:35:00+03:00,15.630000114440918,15.630000114440918,15.59000015258789,15.600000381469727,15.600000381469727,2099755.0
2024-05-22 14:40:00+03:00,15.600000381469727,15.630000114440918,15.59000015258789,15.619999885559082,15.619999885559082,2036024.0
2024-05-22 14:45:00+03:00,15.609999656677246,15.630000114440918,15.59000015258789,15.609999656677246,15.609999656677246,1714280.0
2024-05-22 14:50:00+03:00,15.600000381469727,15.609999656677246,15.59000015258789,15.600000381469727,15.600000381469727,757334.0
2024-05-22 14:55:00+03:00,15.600000381469727,15.609999656677246,15.569999694824219,15.579999923706055,15.579999923706055,1297219.0
2024-05-22 15:00:00+03:00,15.579999923706055,15.609999656677246,15.569999694824219,15.59000015258789,15.59000015258789,1202612.0
2024-05-22 15:05:00+03:00,15.600000381469727,15.630000114440918,15.579999923706055,15.609999656677246,15.609999656677246,2205255.0
2024-05-22 15:10:00+03:00,15.609999656677246,15.609999656677246,15.550000190734863,15.5600004196167,15.5600004196167,4680081.0
2024-05-22 15:15:00+03:00,15.5600004196167,15.600000381469727,15.550000190734863,15.579999923706055,15.579999923706055,2078687.0
2024-05-22 15:20:00+03:00,15.579999923706055,15.59000015258789,15.550000190734863,15.569999694824219,15.569999694824219,1221535.0
2024-05-22 15:25:00+03:00,15.5600004196167,15.579999923706055,15.5600004196167,15.569999694824219,15.569999694824219,1722616.0
2024-05-22 15:30:00+03:00,15.569999694824219,15.609999656677246,15.5600004196167,15.600000381469727,15.600000381469727,2011424.0
2024-05-22 15:35:00+03:00,15.609999656677246,15.609999656677246,15.5600004196167,15.579999923706055,15.579999923706055,1651035.0
2024-05-22 15:40:00+03:00,15.579999923706055,15.609999656677246,15.5600004196167,15.5600004196167,15.5600004196167,2635565.0
2024-05-22 15:45:00+03:00,15.569999694824219,15.579999923706055,15.510000228881836,15.529999732971191,15.529999732971191,5098690.0
2024-05-22 15:50:00+03:00,15.529999732971191,15.569999694824219,15.5,15.550000190734863,15.550000190734863,3316842.0
2024-05-22 15:55:00+03:00,15.539999961853027,15.550000190734863,15.470000267028809,15.479999542236328,15.479999542236328,3750878.0
2024-05-22 16:00:00+03:00,15.479999542236328,15.510000228881836,15.460000038146973,15.5,15.5,2613072.0
2024-05-22 16:05:00+03:00,15.5,15.569999694824219,15.5,15.5600004196167,15.5600004196167,4225428.0
2024-05-22 16:10:00+03:00,15.5600004196167,15.609999656677246,15.550000190734863,15.609999656677246,15.609999656677246,3980023.0
2024-05-22 16:15:00+03:00,15.609999656677246,15.630000114440918,15.59000015258789,15.619999885559082,15.619999885559082,3028922.0
2024-05-22 16:20:00+03:00,15.619999885559082,15.649999618530273,15.579999923706055,15.619999885559082,15.619999885559082,3822721.0
2024-05-22 16:25:00+03:00,15.630000114440918,15.710000038146973,15.600000381469727,15.710000038146973,15.710000038146973,5302019.0
2024-05-22 16:30:00+03:00,15.710000038146973,15.8100004196167,15.670000076293945,15.670000076293945,15.670000076293945,16572291.0
2024-05-22 16:35:00+03:00,15.670000076293945,15.720000267028809,15.630000114440918,15.630000114440918,15.630000114440918,4028832.0
2024-05-22 16:40:00+03:00,15.630000114440918,15.729999542236328,15.630000114440918,15.729999542236328,15.729999542236328,5245650.0
2024-05-22 16:45:00+03:00,15.720000267028809,15.760000228881836,15.720000267028809,15.739999771118164,15.739999771118164,6236430.0
2024-05-22 16:50:00+03:00,15.739999771118164,15.739999771118164,15.6899995803833,15.6899995803833,15.6899995803833,4498733.0
2024-05-22 16:55:00+03:00,15.699999809265137,15.739999771118164,15.680000305175781,15.710000038146973,15.710000038146973,4274641.0
2024-05-22 17:00:00+03:00,15.710000038146973,15.720000267028809,15.6899995803833,15.699999809265137,15.699999809265137,1572377.0
2024-05-22 17:05:00+03:00,15.710000038146973,15.739999771118164,15.6899995803833,15.739999771118164,15.739999771118164,2970551.0
2024-05-22 17:10:00+03:00,15.739999771118164,15.779999732971191,15.720000267028809,15.770000457763672,15.770000457763672,6532854.0
2024-05-22 17:15:00+03:00,15.770000457763672,15.819999694824219,15.739999771118164,15.75,15.75,9728420.0
2024-05-22 17:20:00+03:00,15.760000228881836,15.8100004196167,15.729999542236328,15.800000190734863,15.800000190734863,5737031.0
2024-05-22 17:25:00+03:00,15.800000190734863,15.8100004196167,15.729999542236328,15.739999771118164,15.739999771118164,5433224.0
2024-05-22 17:30:00+03:00,15.739999771118164,15.760000228881836,15.729999542236328,15.739999771118164,15.739999771118164,2597662.0
2024-05-22 17:35:00+03:00,15.739999771118164,15.770000457763672,15.739999771118164,15.760000228881836,15.760000228881836,1429306.0
2024-05-22 17:40:00+03:00,15.760000228881836,15.779999732971191,15.739999771118164,15.75,15.75,3004714.0
2024-05-22 17:45:00+03:00,15.75,15.819999694824219,15.739999771118164,15.819999694824219,15.819999694824219,9049189.0
2024-05-22 17:50:00+03:00,15.819999694824219,15.84000015258789,15.779999732971191,15.800000190734863,15.800000190734863,7212258.0
2024-05-22 17:55:00+03:00,15.770000457763672,15.800000190734863,15.760000228881836,15.779999732971191,15.779999732971191,6013829.0
2024-05-23 09:55:00+03:00,15.770000457763672,15.770000457763672,15.770000457763672,15.770000457763672,15.770000457763672,0.0
2024-05-23 10:00:00+03:00,15.770000457763672,15.930000305175781,15.760000228881836,15.869999885559082,15.869999885559082,26186358.0
2024-05-23 10:05:00+03:00,15.859999656677246,15.880000114440918,15.779999732971191,15.8100004196167,15.8100004196167,7082464.0
2024-05-23 10:10:00+03:00,15.8100004196167,15.8100004196167,15.729999542236328,15.770000457763672,15.770000457763672,10302948.0
2024-05-23 10:15:00+03:00,15.770000457763672,15.890000343322754,15.75,15.829999923706055,15.829999923706055,11015227.0
2024-05-23 10:20:00+03:00,15.819999694824219,15.859999656677246,15.800000190734863,15.829999923706055,15.829999923706055,6855284.0
2024-05-23 10:25:00+03:00,15.84000015258789,15.859999656677246,15.800000190734863,15.850000381469727,15.850000381469727,2921384.0
2024-05-23 10:30:00+03:00,15.850000381469727,15.859999656677246,15.8100004196167,15.819999694824219,15.819999694824219,3577795.0
2024-05-23 10:35:00+03:00,15.829999923706055,15.829999923706055,15.779999732971191,15.819999694824219,15.819999694824219,2501439.0
2024-05-23 10:40:00+03:00,15.8100004196167,15.859999656677246,15.8100004196167,15.859999656677246,15.859999656677246,3005598.0
2024-05-23 10:45:00+03:00,15.859999656677246,15.869999885559082,15.829999923706055,15.850000381469727,15.850000381469727,2253463.0
2024-05-23 10:50:00+03:00,15.850000381469727,15.850000381469727,15.800000190734863,15.8100004196167,15.8100004196167,2326524.0
2024-05-23 10:55:00+03:00,15.8100004196167,15.8100004196167,15.779999732971191,15.779999732971191,15.779999732971191,2968439.0
2024-05-23 11:00:00+03:00,15.779999732971191,15.829999923706055,15.770000457763672,15.829999923706055,15.829999923706055,2147101.0
2024-05-23 11:05:00+03:00,15.829999923706055,15.84000015258789,15.800000190734863,15.800000190734863,15.800000190734863,1642136.0
2024-05-23 11:10:00+03:00,15.800000190734863,15.8100004196167,15.760000228881836,15.8100004196167,15.8100004196167,2152694.0
2024-05-23 11:15:00+03:00,15.8100004196167,15.8100004196167,15.770000457763672,15.800000190734863,15.800000190734863,1512376.0
2024-05-23 11:20:00+03:00,15.800000190734863,15.8100004196167,15.789999961853027,15.8100004196167,15.8100004196167,406363.0
2024-05-23 11:25:00+03:00,15.8100004196167,15.8100004196167,15.789999961853027,15.8100004196167,15.8100004196167,830473.0
2024-05-23 11:30:00+03:00,15.800000190734863,15.829999923706055,15.800000190734863,15.8100004196167,15.8100004196167,1738970.0
2024-05-23 11:35:00+03:00,15.8100004196167,15.8100004196167,15.779999732971191,15.800000190734863,15.800000190734863,1428276.0
2024-05-23 11:40:00+03:00,15.800000190734863,15.800000190734863,15.760000228881836,15.789999961853027,15.789999961853027,1962960.0
2024-05-23 11:45:00+03:00,15.789999961853027,15.789999961853027,15.75,15.770000457763672,15.770000457763672,1832447.0
2024-05-23 11:50:00+03:00,15.770000457763672,15.770000457763672,15.739999771118164,15.75,15.75,1362683.0
2024-05-23 11:55:00+03:00,15.739999771118164,15.770000457763672,15.729999542236328,15.760000228881836,15.760000228881836,2081737.0
2024-05-23 12:00:00+03:00,15.770000457763672,15.789999961853027,15.739999771118164,15.779999732971191,15.779999732971191,1874031.0
2024-05-23 12:05:00+03:00,15.779999732971191,15.800000190734863,15.770000457763672,15.779999732971191,15.779999732971191,1181458.0
2024-05-23 12:10:00+03:00,15.779999732971191,15.789999961853027,15.760000228881836,15.789999961853027,15.789999961853027,707913.0
2024-05-23 12:15:00+03:00,15.789999961853027,15.789999961853027,15.779999732971191,15.779999732971191,15.779999732971191,309639.0
2024-05-23 12:20:00+03:00,15.779999732971191,15.789999961853027,15.770000457763672,15.770000457763672,15.770000457763672,651723.0
2024-05-23 12:25:00+03:00,15.770000457763672,15.789999961853027,15.760000228881836,15.779999732971191,15.779999732971191,2275838.0
2024-05-23 12:30:00+03:00,15.779999732971191,15.819999694824219,15.779999732971191,15.819999694824219,15.819999694824219,2727999.0
2024-05-23 12:35:00+03:00,15.819999694824219,15.829999923706055,15.800000190734863,15.829999923706055,15.829999923706055,2491810.0
2024-05-23 12:40:00+03:00,15.829999923706055,15.850000381469727,15.789999961853027,15.800000190734863,15.800000190734863,3848831.0
2024-05-23 12:45:00+03:00,15.800000190734863,15.800000190734863,15.779999732971191,15.789999961853027,15.789999961853027,1103889.0
2024-05-23 12:50:00+03:00,15.779999732971191,15.789999961853027,15.75,15.770000457763672,15.770000457763672,2312619.0
2024-05-23 12:55:00+03:00,15.770000457763672,15.770000457763672,15.739999771118164,15.770000457763672,15.770000457763672,2145264.0
2024-05-23 13:00:00+03:00,15.770000457763672,15.779999732971191,15.75,15.760000228881836,15.760000228881836,797081.0
2024-05-23 13:05:00+03:00,15.770000457763672,15.779999732971191,15.760000228881836,15.770000457763672,15.770000457763672,1021542.0
2024-05-23 13:10:00+03:00,15.770000457763672,15.779999732971191,15.760000228881836,15.779999732971191,15.779999732971191,795885.0
2024-05-23 13:15:00+03:00,15.779999732971191,15.819999694824219,15.770000457763672,15.8100004196167,15.8100004196167,3964909.0
2024-05-23 13:20:00+03:00,15.8100004196167,15.829999923706055,15.789999961853027,15.8100004196167,15.8100004196167,3967676.0
2024-05-23 13:25:00+03:00,15.8100004196167,15.819999694824219,15.789999961853027,15.800000190734863,15.800000190734863,1595159.0
2024-05-23 13:30:00+03:00,15.800000190734863,15.8100004196167,15.789999961853027,15.800000190734863,15.800000190734863,493517.0
2024-05-23 13:35:00+03:00,15.800000190734863,15.819999694824219,15.789999961853027,15.819999694824219,15.819999694824219,2564054.0
2024-05-23 13:40:00+03:00,15.8100004196167,15.859999656677246,15.8100004196167,15.859999656677246,15.859999656677246,4636834.0
2024-05-23 13:45:00+03:00,15.859999656677246,15.869999885559082,15.84000015258789,15.859999656677246,15.859999656677246,4021763.0
2024-05-23 13:50:00+03:00,15.859999656677246,15.880000114440918,15.850000381469727,15.869999885559082,15.869999885559082,2299186.0
2024-05-23 13:55:00+03:00,15.869999885559082,15.880000114440918,15.850000381469727,15.859999656677246,15.859999656677246,3510685.0
2024-05-23 14:00:00+03:00,15.859999656677246,15.899999618530273,15.6899995803833,15.710000038146973,15.710000038146973,16907583.0
2024-05-23 14:05:00+03:00,15.710000038146973,15.779999732971191,15.640000343322754,15.760000228881836,15.760000228881836,11301554.0
2024-05-23 14:10:00+03:00,15.770000457763672,15.770000457763672,15.75,15.770000457763672,15.770000457763672,2327290.0
2024-05-23 14:15:00+03:00,15.770000457763672,15.770000457763672,15.739999771118164,15.75,15.75,1538934.0
2024-05-23 14:20:00+03:00,15.75,15.779999732971191,15.739999771118164,15.770000457763672,15.770000457763672,1422801.0
2024-05-23 14:25:00+03:00,15.760000228881836,15.850000381469727,15.760000228881836,15.829999923706055,15.829999923706055,3891609.0
2024-05-23 14:30:00+03:00,15.819999694824219,15.899999618530273,15.8100004196167,15.890000343322754,15.890000343322754,6858680.0
2024-05-23 14:35:00+03:00,15.899999618530273,15.960000038146973,15.84000015258789,15.880000114440918,15.880000114440918,28209960.0
2024-05-23 14:40:00+03:00,15.890000343322754,15.899999618530273,15.8100004196167,15.84000015258789,15.84000015258789,6966211.0
2024-05-23 14:45:00+03:00,15.84000015258789,15.850000381469727,15.800000190734863,15.819999694824219,15.819999694824219,5629624.0
2024-05-23 14:50:00+03:00,15.819999694824219,15.84000015258789,15.760000228881836,15.760000228881836,15.760000228881836,3149624.0
2024-05-23 14:55:00+03:00,15.770000457763672,15.800000190734863,15.739999771118164,15.75,15.75,5606553.0
2024-05-23 15:00:00+03:00,15.760000228881836,15.800000190734863,15.739999771118164,15.789999961853027,15.789999961853027,4579720.0
2024-05-23 15:05:00+03:00,15.789999961853027,15.789999961853027,15.760000228881836,15.770000457763672,15.770000457763672,913371.0
2024-05-23 15:10:00+03:00,15.770000457763672,15.779999732971191,15.75,15.779999732971191,15.779999732971191,994761.0
2024-05-23 15:15:00+03:00,15.779999732971191,15.789999961853027,15.760000228881836,15.779999732971191,15.779999732971191,1041300.0
2024-05-23 15:20:00+03:00,15.779999732971191,15.789999961853027,15.75,15.760000228881836,15.760000228881836,1846327.0
2024-05-23 15:25:00+03:00,15.75,15.770000457763672,15.739999771118164,15.760000228881836,15.760000228881836,2801309.0
2024-05-23 15:30:00+03:00,15.760000228881836,15.760000228881836,15.710000038146973,15.720000267028809,15.720000267028809,3440786.0
2024-05-23 15:35:00+03:00,15.729999542236328,15.760000228881836,15.720000267028809,15.739999771118164,15.739999771118164,1452057.0
2024-05-23 15:40:00+03:00,15.739999771118164,15.779999732971191,15.729999542236328,15.770000457763672,15.770000457763672,1761212.0
2024-05-23 15:45:00+03:00,15.760000228881836,15.819999694824219,15.760000228881836,15.800000190734863,15.800000190734863,4562932.0
2024-05-23 15:50:00+03:00,15.800000190734863,15.819999694824219,15.760000228881836,15.770000457763672,15.770000457763672,3968871.0
2024-05-23 15:55:00+03:00,15.770000457763672,15.779999732971191,15.739999771118164,15.75,15.75,1993442.0
2024-05-23 16:00:00+03:00,15.75,15.75,15.710000038146973,15.720000267028809,15.720000267028809,3579931.0
2024-05-23 16:05:00+03:00,15.720000267028809,15.720000267028809,15.65999984741211,15.6899995803833,15.6899995803833,6738062.0
2024-05-23 16:10:00+03:00,15.680000305175781,15.699999809265137,15.630000114440918,15.640000343322754,15.640000343322754,4086892.0
2024-05-23 16:15:00+03:00,15.640000343322754,15.65999984741211,15.619999885559082,15.630000114440918,15.630000114440918,3921286.0
2024-05-23 16:20:00+03:00,15.640000343322754,15.649999618530273,15.5600004196167,15.59000015258789,15.59000015258789,4213561.0
2024-05-23 16:25:00+03:00,15.59000015258789,15.609999656677246,15.550000190734863,15.5600004196167,15.5600004196167,3773486.0
2024-05-23 16:30:00+03:00,15.5600004196167,15.600000381469727,15.550000190734863,15.550000190734863,15.550000190734863,3007244.0
2024-05-23 16:35:00+03:00,15.550000190734863,15.579999923706055,15.529999732971191,15.539999961853027,15.539999961853027,4081349.0
2024-05-23 16:40:00+03:00,15.550000190734863,15.59000015258789,15.520000457763672,15.550000190734863,15.550000190734863,2866693.0
2024-05-23 16:45:00+03:00,15.550000190734863,15.5600004196167,15.479999542236328,15.529999732971191,15.529999732971191,4700147.0
2024-05-23 16:50:00+03:00,15.520000457763672,15.5600004196167,15.520000457763672,15.539999961853027,15.539999961853027,1557840.0
2024-05-23 16:55:00+03:00,15.529999732971191,15.5600004196167,15.520000457763672,15.5600004196167,15.5600004196167,1444795.0
2024-05-23 17:00:00+03:00,15.5600004196167,15.5600004196167,15.489999771118164,15.520000457763672,15.520000457763672,3304712.0
2024-05-23 17:05:00+03:00,15.520000457763672,15.539999961853027,15.5,15.520000457763672,15.520000457763672,2380288.0
2024-05-23 17:10:00+03:00,15.520000457763672,15.5600004196167,15.5,15.539999961853027,15.539999961853027,2082266.0
2024-05-23 17:15:00+03:00,15.539999961853027,15.550000190734863,15.5,15.510000228881836,15.510000228881836,2294421.0
2024-05-23 17:20:00+03:00,15.5,15.550000190734863,15.5,15.539999961853027,15.539999961853027,2003206.0
2024-05-23 17:25:00+03:00,15.539999961853027,15.5600004196167,15.5,15.539999961853027,15.539999961853027,2548163.0
2024-05-23 17:30:00+03:00,15.539999961853027,15.550000190734863,15.510000228881836,15.539999961853027,15.539999961853027,1939522.0
2024-05-23 17:35:00+03:00,15.539999961853027,15.550000190734863,15.5,15.520000457763672,15.520000457763672,2168309.0
2024-05-23 17:40:00+03:00,15.520000457763672,15.529999732971191,15.479999542236328,15.489999771118164,15.489999771118164,6431310.0
2024-05-23 17:45:00+03:00,15.489999771118164,15.489999771118164,15.399999618530273,15.449999809265137,15.449999809265137,6546541.0
2024-05-23 17:50:00+03:00,15.449999809265137,15.449999809265137,15.350000381469727,15.390000343322754,15.390000343322754,7190836.0
2024-05-23 17:55:00+03:00,15.390000343322754,15.390000343322754,15.350000381469727,15.380000114440918,15.380000114440918,7355576.0
2024-05-24 09:55:00+03:00,15.40999984741211,15.40999984741211,15.40999984741211,15.40999984741211,15.40999984741211,0.0
2024-05-24 10:00:00+03:00,15.420000076293945,15.520000457763672,15.420000076293945,15.460000038146973,15.460000038146973,16199055.0
2024-05-24 10:05:00+03:00,15.460000038146973,15.630000114440918,15.420000076293945,15.4399995803833,15.4399995803833,20240244.0
2024-05-24 10:10:00+03:00,15.4399995803833,15.489999771118164,15.380000114440918,15.470000267028809,15.470000267028809,9651610.0
2024-05-24 10:15:00+03:00,15.470000267028809,15.5600004196167,15.4399995803833,15.539999961853027,15.539999961853027,5743762.0
2024-05-24 10:20:00+03:00,15.550000190734863,15.579999923706055,15.5,15.550000190734863,15.550000190734863,5106341.0
2024-05-24 10:25:00+03:00,15.550000190734863,15.550000190734863,15.479999542236328,15.529999732971191,15.529999732971191,1761271.0
2024-05-24 10:30:00+03:00,15.520000457763672,15.529999732971191,15.470000267028809,15.489999771118164,15.489999771118164,2920917.0
2024-05-24 10:35:00+03:00,15.489999771118164,15.520000457763672,15.470000267028809,15.489999771118164,15.489999771118164,2827991.0
2024-05-24 10:40:00+03:00,15.489999771118164,15.529999732971191,15.460000038146973,15.489999771118164,15.489999771118164,5162392.0
2024-05-24 10:45:00+03:00,15.489999771118164,15.5,15.420000076293945,15.430000305175781,15.430000305175781,2580785.0
2024-05-24 10:50:00+03:00,15.4399995803833,15.4399995803833,15.40999984741211,15.430000305175781,15.430000305175781,1773481.0
2024-05-24 10:55:00+03:00,15.430000305175781,15.4399995803833,15.420000076293945,15.430000305175781,15.430000305175781,771095.0
2024-05-24 11:00:00+03:00,15.430000305175781,15.449999809265137,15.420000076293945,15.430000305175781,15.430000305175781,2587848.0
2024-05-24 11:05:00+03:00,15.4399995803833,15.470000267028809,15.430000305175781,15.449999809265137,15.449999809265137,791325.0
2024-05-24 11:10:00+03:00,15.460000038146973,15.460000038146973,15.430000305175781,15.4399995803833,15.4399995803833,1172066.0
2024-05-24 11:15:00+03:00,15.4399995803833,15.4399995803833,15.380000114440918,15.390000343322754,15.390000343322754,3877602.0
2024-05-24 11:20:00+03:00,15.390000343322754,15.4399995803833,15.369999885559082,15.390000343322754,15.390000343322754,3886341.0
2024-05-24 11:25:00+03:00,15.399999618530273,15.479999542236328,15.390000343322754,15.479999542236328,15.479999542236328,4782663.0
2024-05-24 11:30:00+03:00,15.489999771118164,15.5,15.430000305175781,15.430000305175781,15.430000305175781,3123706.0
2024-05-24 11:35:00+03:00,15.4399995803833,15.470000267028809,15.420000076293945,15.4399995803833,15.4399995803833,1588722.0
2024-05-24 11:40:00+03:00,15.449999809265137,15.479999542236328,15.430000305175781,15.4399995803833,15.4399995803833,1383793.0
2024-05-24 11:45:00+03:00,15.449999809265137,15.479999542236328,15.430000305175781,15.449999809265137,15.449999809265137,1037501.0
2024-05-24 11:50:00+03:00,15.449999809265137,15.470000267028809,15.4399995803833,15.470000267028809,15.470000267028809,1060703.0
2024-05-24 11:55:00+03:00,15.460000038146973,15.5,15.40999984741211,15.4399995803833,15.4399995803833,7191021.0
2024-05-24 12:00:00+03:00,15.430000305175781,15.4399995803833,15.399999618530273,15.420000076293945,15.420000076293945,5018861.0
2024-05-24 12:05:00+03:00,15.420000076293945,15.430000305175781,15.399999618530273,15.430000305175781,15.430000305175781,1010674.0
2024-05-24 12:10:00+03:00,15.420000076293945,15.489999771118164,15.420000076293945,15.479999542236328,15.479999542236328,6617038.0
2024-05-24 12:15:00+03:00,15.489999771118164,15.520000457763672,15.470000267028809,15.489999771118164,15.489999771118164,5896697.0
2024-05-24 12:20:00+03:00,15.5,15.520000457763672,15.470000267028809,15.489999771118164,15.489999771118164,2220204.0
2024-05-24 12:25:00+03:00,15.489999771118164,15.510000228881836,15.470000267028809,15.489999771118164,15.489999771118164,2550258.0
2024-05-24 12:30:00+03:00,15.5,15.520000457763672,15.470000267028809,15.510000228881836,15.510000228881836,1104791.0
2024-05-24 12:35:00+03:00,15.520000457763672,15.520000457763672,15.460000038146973,15.470000267028809,15.470000267028809,1647642.0
2024-05-24 12:40:00+03:00,15.470000267028809,15.5,15.460000038146973,15.479999542236328,15.479999542236328,1144311.0
2024-05-24 12:45:00+03:00,15.470000267028809,15.5,15.470000267028809,15.489999771118164,15.489999771118164,1246171.0
2024-05-24 12:50:00+03:00,15.489999771118164,15.489999771118164,15.449999809265137,15.470000267028809,15.470000267028809,1261536.0
2024-05-24 12:55:00+03:00,15.470000267028809,15.470000267028809,15.449999809265137,15.460000038146973,15.460000038146973,619130.0
2024-05-24 13:00:00+03:00,15.460000038146973,15.489999771118164,15.449999809265137,15.489999771118164,15.489999771118164,1868681.0
2024-05-24 13:05:00+03:00,15.489999771118164,15.5,15.470000267028809,15.479999542236328,15.479999542236328,986924.0
2024-05-24 13:10:00+03:00,15.479999542236328,15.479999542236328,15.449999809265137,15.470000267028809,15.470000267028809,813334.0
2024-05-24 13:15:00+03:00,15.470000267028809,15.470000267028809,15.449999809265137,15.470000267028809,15.470000267028809,633940.0
2024-05-24 13:20:00+03:00,15.470000267028809,15.479999542236328,15.460000038146973,15.479999542236328,15.479999542236328,743030.0
2024-05-24 13:25:00+03:00,15.479999542236328,15.479999542236328,15.449999809265137,15.460000038146973,15.460000038146973,763908.0
2024-05-24 13:30:00+03:00,15.449999809265137,15.460000038146973,15.430000305175781,15.449999809265137,15.449999809265137,2118161.0
2024-05-24 13:35:00+03:00,15.449999809265137,15.449999809265137,15.40999984741211,15.430000305175781,15.430000305175781,1866952.0
2024-05-24 13:40:00+03:00,15.430000305175781,15.539999961853027,15.430000305175781,15.5,15.5,4134974.0
2024-05-24 13:45:00+03:00,15.489999771118164,15.539999961853027,15.479999542236328,15.510000228881836,15.510000228881836,2173194.0
2024-05-24 13:50:00+03:00,15.510000228881836,15.539999961853027,15.510000228881836,15.539999961853027,15.539999961853027,1085793.0
2024-05-24 13:55:00+03:00,15.539999961853027,15.539999961853027,15.510000228881836,15.539999961853027,15.539999961853027,1377845.0
2024-05-24 14:00:00+03:00,15.539999961853027,15.579999923706055,15.529999732971191,15.550000190734863,15.550000190734863,4124457.0
2024-05-24 14:05:00+03:00,15.550000190734863,15.5600004196167,15.520000457763672,15.520000457763672,15.520000457763672,1047384.0
2024-05-24 14:10:00+03:00,15.520000457763672,15.5600004196167,15.5,15.5600004196167,15.5600004196167,2125772.0
2024-05-24 14:15:00+03:00,15.5600004196167,15.569999694824219,15.539999961853027,15.5600004196167,15.5600004196167,2387136.0
2024-05-24 14:20:00+03:00,15.5600004196167,15.579999923706055,15.550000190734863,15.5600004196167,15.5600004196167,2674796.0
2024-05-24 14:25:00+03:00,15.569999694824219,15.569999694824219,15.479999542236328,15.489999771118164,15.489999771118164,2066001.0
2024-05-24 14:30:00+03:00,15.489999771118164,15.539999961853027,15.460000038146973,15.510000228881836,15.510000228881836,2335008.0
2024-05-24 14:35:00+03:00,15.510000228881836,15.520000457763672,15.479999542236328,15.510000228881836,15.510000228881836,1421875.0
2024-05-24 14:40:00+03:00,15.510000228881836,15.520000457763672,15.489999771118164,15.520000457763672,15.520000457763672,560991.0
2024-05-24 14:45:00+03:00,15.520000457763672,15.520000457763672,15.5,15.510000228881836,15.510000228881836,888675.0
2024-05-24 14:50:00+03:00,15.510000228881836,15.510000228881836,15.489999771118164,15.510000228881836,15.510000228881836,805663.0
2024-05-24 14:55:00+03:00,15.510000228881836,15.510000228881836,15.430000305175781,15.4399995803833,15.4399995803833,2837179.0
2024-05-24 15:00:00+03:00,15.4399995803833,15.489999771118164,15.430000305175781,15.479999542236328,15.479999542236328,1789896.0
2024-05-24 15:05:00+03:00,15.479999542236328,15.489999771118164,15.460000038146973,15.479999542236328,15.479999542236328,1012939.0
2024-05-24 15:10:00+03:00,15.479999542236328,15.510000228881836,15.460000038146973,15.5,15.5,2119556.0
2024-05-24 15:15:00+03:00,15.5,15.510000228881836,15.470000267028809,15.489999771118164,15.489999771118164,1306574.0
2024-05-24 15:20:00+03:00,15.489999771118164,15.489999771118164,15.4399995803833,15.449999809265137,15.449999809265137,2532025.0
2024-05-24 15:25:00+03:00,15.449999809265137,15.449999809265137,15.420000076293945,15.430000305175781,15.430000305175781,1625076.0
2024-05-24 15:30:00+03:00,15.430000305175781,15.449999809265137,15.420000076293945,15.430000305175781,15.430000305175781,1331917.0
2024-05-24 15:35:00+03:00,15.4399995803833,15.460000038146973,15.420000076293945,15.420000076293945,15.420000076293945,1199971.0
2024-05-24 15:40:00+03:00,15.430000305175781,15.449999809265137,15.40999984741211,15.4399995803833,15.4399995803833,1701796.0
2024-05-24 15:45:00+03:00,15.430000305175781,15.449999809265137,15.430000305175781,15.430000305175781,15.430000305175781,874693.0
2024-05-24 15:50:00+03:00,15.4399995803833,15.4399995803833,15.40999984741211,15.430000305175781,15.430000305175781,1140814.0
2024-05-24 15:55:00+03:00,15.430000305175781,15.4399995803833,15.399999618530273,15.420000076293945,15.420000076293945,1409568.0
2024-05-24 16:00:00+03:00,15.40999984741211,15.460000038146973,15.399999618530273,15.430000305175781,15.430000305175781,2445352.0
2024-05-24 16:05:00+03:00,15.430000305175781,15.460000038146973,15.420000076293945,15.449999809265137,15.449999809265137,862526.0
2024-05-24 16:10:00+03:00,15.449999809265137,15.479999542236328,15.4399995803833,15.470000267028809,15.470000267028809,1922468.0
2024-05-24 16:15:00+03:00,15.470000267028809,15.489999771118164,15.449999809265137,15.460000038146973,15.460000038146973,2007760.0
2024-05-24 16:20:00+03:00,15.470000267028809,15.470000267028809,15.4399995803833,15.449999809265137,15.449999809265137,1104670.0
2024-05-24 16:25:00+03:00,15.449999809265137,15.470000267028809,15.4399995803833,15.460000038146973,15.460000038146973,875844.0
2024-05-24 16:30:00+03:00,15.460000038146973,15.470000267028809,15.430000305175781,15.460000038146973,15.460000038146973,792196.0
2024-05-24 16:35:00+03:00,15.460000038146973,15.470000267028809,15.420000076293945,15.430000305175781,15.430000305175781,927477.0
2024-05-24 16:40:00+03:00,15.430000305175781,15.470000267028809,15.420000076293945,15.460000038146973,15.460000038146973,934136.0
2024-05-24 16:45:00+03:00,15.460000038146973,15.460000038146973,15.4399995803833,15.460000038146973,15.460000038146973,731675.0
2024-05-24 16:50:00+03:00,15.449999809265137,15.470000267028809,15.40999984741211,15.40999984741211,15.40999984741211,1775490.0
2024-05-24 16:55:00+03:00,15.420000076293945,15.449999809265137,15.40999984741211,15.430000305175781,15.430000305175781,2668437.0
2024-05-24 17:00:00+03:00,15.430000305175781,15.449999809265137,15.40999984741211,15.4399995803833,15.4399995803833,2517660.0
2024-05-24 17:05:00+03:00,15.4399995803833,15.449999809265137,15.420000076293945,15.4399995803833,15.4399995803833,1420121.0
2024-05-24 17:10:00+03:00,15.430000305175781,15.449999809265137,15.430000305175781,15.430000305175781,15.430000305175781,952347.0
2024-05-24 17:15:00+03:00,15.4399995803833,15.510000228881836,15.430000305175781,15.470000267028809,15.470000267028809,5612372.0
2024-05-24 17:20:00+03:00,15.479999542236328,15.529999732971191,15.470000267028809,15.479999542236328,15.479999542236328,4045481.0
2024-05-24 17:25:00+03:00,15.479999542236328,15.529999732971191,15.470000267028809,15.510000228881836,15.510000228881836,2977268.0
2024-05-24 17:30:00+03:00,15.510000228881836,15.520000457763672,15.470000267028809,15.479999542236328,15.479999542236328,3608891.0
2024-05-24 17:35:00+03:00,15.479999542236328,15.5,15.4399995803833,15.449999809265137,15.449999809265137,1702833.0
2024-05-24 17:40:00+03:00,15.449999809265137,15.470000267028809,15.430000305175781,15.4399995803833,15.4399995803833,1404552.0
2024-05-24 17:45:00+03:00,15.4399995803833,15.460000038146973,15.40999984741211,15.420000076293945,15.420000076293945,3197547.0
2024-05-24 17:50:00+03:00,15.420000076293945,15.449999809265137,15.40999984741211,15.420000076293945,15.420000076293945,3039458.0
2024-05-24 17:55:00+03:00,15.420000076293945,15.430000305175781,15.40999984741211,15.430000305175781,15.430000305175781,4711163.0
2024-05-27 09:55:00+03:00,15.5,15.5,15.5,15.5,15.5,0.0
2024-05-27 10:00:00+03:00,15.489999771118164,15.59000015258789,15.479999542236328,15.520000457763672,15.520000457763672,12651957.0
2024-05-27 10:05:00+03:00,15.520000457763672,15.609999656677246,15.489999771118164,15.59000015258789,15.59000015258789,8397162.0
2024-05-27 10:10:00+03:00,15.59000015258789,15.600000381469727,15.520000457763672,15.529999732971191,15.529999732971191,5664748.0
2024-05-27 10:15:00+03:00,15.539999961853027,15.569999694824219,15.5,15.539999961853027,15.539999961853027,4360352.0
2024-05-27 10:20:00+03:00,15.539999961853027,15.59000015258789,15.529999732971191,15.5600004196167,15.5600004196167,3160871.0
2024-05-27 10:25:00+03:00,15.5600004196167,15.579999923706055,15.529999732971191,15.569999694824219,15.569999694824219,1780403.0
2024-05-27 10:30:00+03:00,15.569999694824219,15.579999923706055,15.529999732971191,15.569999694824219,15.569999694824219,2413570.0
2024-05-27 10:35:00+03:00,15.569999694824219,15.630000114440918,15.550000190734863,15.630000114440918,15.630000114440918,6160719.0
2024-05-27 10:40:00+03:00,15.630000114440918,15.739999771118164,15.619999885559082,15.710000038146973,15.710000038146973,20514081.0
2024-05-27 10:45:00+03:00,15.710000038146973,15.720000267028809,15.630000114440918,15.640000343322754,15.640000343322754,8111184.0
2024-05-27 10:50:00+03:00,15.640000343322754,15.640000343322754,15.59000015258789,15.619999885559082,15.619999885559082,3225581.0
2024-05-27 10:55:00+03:00,15.619999885559082,15.640000343322754,15.59000015258789,15.609999656677246,15.609999656677246,3166957.0
2024-05-27 11:00:00+03:00,15.609999656677246,15.630000114440918,15.600000381469727,15.619999885559082,15.619999885559082,1975611.0
2024-05-27 11:05:00+03:00,15.609999656677246,15.619999885559082,15.579999923706055,15.619999885559082,15.619999885559082,1323743.0
2024-05-27 11:10:00+03:00,15.619999885559082,15.630000114440918,15.59000015258789,15.630000114440918,15.630000114440918,2361209.0
2024-05-27 11:15:00+03:00,15.619999885559082,15.65999984741211,15.619999885559082,15.640000343322754,15.640000343322754,867176.0
2024-05-27 11:20:00+03:00,15.640000343322754,15.65999984741211,15.619999885559082,15.65999984741211,15.65999984741211,950229.0
2024-05-27 11:25:00+03:00,15.65999984741211,15.670000076293945,15.640000343322754,15.649999618530273,15.649999618530273,1412968.0
2024-05-27 11:30:00+03:00,15.649999618530273,15.65999984741211,15.630000114440918,15.649999618530273,15.649999618530273,1002045.0
2024-05-27 11:35:00+03:00,15.65999984741211,15.65999984741211,15.630000114440918,15.649999618530273,15.649999618530273,838666.0
2024-05-27 11:40:00+03:00,15.649999618530273,15.649999618530273,15.630000114440918,15.640000343322754,15.640000343322754,2228985.0
2024-05-27 11:45:00+03:00,15.640000343322754,15.670000076293945,15.609999656677246,15.619999885559082,15.619999885559082,2553203.0
2024-05-27 11:50:00+03:00,15.609999656677246,15.619999885559082,15.569999694824219,15.579999923706055,15.579999923706055,2386472.0
2024-05-27 11:55:00+03:00,15.579999923706055,15.59000015258789,15.550000190734863,15.59000015258789,15.59000015258789,2405420.0
2024-05-27 12:00:00+03:00,15.579999923706055,15.670000076293945,15.579999923706055,15.670000076293945,15.670000076293945,3807263.0
2024-05-27 12:05:00+03:00,15.65999984741211,15.680000305175781,15.640000343322754,15.65999984741211,15.65999984741211,3762608.0
2024-05-27 12:10:00+03:00,15.670000076293945,15.699999809265137,15.65999984741211,15.699999809265137,15.699999809265137,2436103.0
2024-05-27 12:15:00+03:00,15.699999809265137,15.720000267028809,15.670000076293945,15.6899995803833,15.6899995803833,3209611.0
2024-05-27 12:20:00+03:00,15.6899995803833,15.6899995803833,15.649999618530273,15.65999984741211,15.65999984741211,1813735.0
2024-05-27 12:25:00+03:00,15.65999984741211,15.680000305175781,15.649999618530273,15.670000076293945,15.670000076293945,658914.0
2024-05-27 12:30:00+03:00,15.65999984741211,15.729999542236328,15.65999984741211,15.710000038146973,15.710000038146973,4465576.0
2024-05-27 12:35:00+03:00,15.699999809265137,15.710000038146973,15.649999618530273,15.680000305175781,15.680000305175781,1466203.0
2024-05-27 12:40:00+03:00,15.680000305175781,15.6899995803833,15.670000076293945,15.6899995803833,15.6899995803833,668840.0
2024-05-27 12:45:00+03:00,15.6899995803833,15.779999732971191,15.680000305175781,15.779999732971191,15.779999732971191,7465578.0
2024-05-27 12:50:00+03:00,15.779999732971191,15.800000190734863,15.75,15.770000457763672,15.770000457763672,6046690.0
2024-05-27 12:55:00+03:00,15.770000457763672,15.779999732971191,15.75,15.770000457763672,15.770000457763672,1974333.0
2024-05-27 13:00:00+03:00,15.760000228881836,15.779999732971191,15.75,15.760000228881836,15.760000228881836,1393765.0
2024-05-27 13:05:00+03:00,15.760000228881836,15.779999732971191,15.75,15.779999732971191,15.779999732971191,1823500.0
2024-05-27 13:10:00+03:00,15.779999732971191,15.819999694824219,15.75,15.819999694824219,15.819999694824219,4740338.0
2024-05-27 13:15:00+03:00,15.819999694824219,15.859999656677246,15.770000457763672,15.779999732971191,15.779999732971191,7038898.0
2024-05-27 13:20:00+03:00,15.779999732971191,15.779999732971191,15.65999984741211,15.680000305175781,15.680000305175781,6430839.0
2024-05-27 13:25:00+03:00,15.680000305175781,15.699999809265137,15.65999984741211,15.670000076293945,15.670000076293945,1753439.0
2024-05-27 13:30:00+03:00,15.670000076293945,15.6899995803833,15.670000076293945,15.6899995803833,15.6899995803833,538180.0
2024-05-27 13:35:00+03:00,15.6899995803833,15.6899995803833,15.649999618530273,15.680000305175781,15.680000305175781,1459611.0
2024-05-27 13:40:00+03:00,15.6899995803833,15.710000038146973,15.670000076293945,15.699999809265137,15.699999809265137,1164125.0
2024-05-27 13:45:00+03:00,15.6899995803833,15.699999809265137,15.65999984741211,15.680000305175781,15.680000305175781,1280233.0
2024-05-27 13:50:00+03:00,15.680000305175781,15.680000305175781,15.630000114440918,15.640000343322754,15.640000343322754,2538356.0
2024-05-27 13:55:00+03:00,15.649999618530273,15.670000076293945,15.630000114440918,15.65999984741211,15.65999984741211,2441294.0
2024-05-27 14:00:00+03:00,15.670000076293945,15.680000305175781,15.65999984741211,15.670000076293945,15.670000076293945,1215719.0
2024-05-27 14:05:00+03:00,15.680000305175781,15.6899995803833,15.65999984741211,15.680000305175781,15.680000305175781,1044314.0
2024-05-27 14:10:00+03:00,15.680000305175781,15.680000305175781,15.649999618530273,15.65999984741211,15.65999984741211,590573.0
2024-05-27 14:15:00+03:00,15.65999984741211,15.6899995803833,15.640000343322754,15.680000305175781,15.680000305175781,2629032.0
2024-05-27 14:20:00+03:00,15.680000305175781,15.699999809265137,15.65999984741211,15.699999809265137,15.699999809265137,1106273.0
2024-05-27 14:25:00+03:00,15.699999809265137,15.699999809265137,15.680000305175781,15.699999809265137,15.699999809265137,953194.0
2024-05-27 14:30:00+03:00,15.6899995803833,15.710000038146973,15.680000305175781,15.699999809265137,15.699999809265137,1652969.0
2024-05-27 14:35:00+03:00,15.710000038146973,15.720000267028809,15.6899995803833,15.720000267028809,15.720000267028809,1302118.0
2024-05-27 14:40:00+03:00,15.720000267028809,15.729999542236328,15.699999809265137,15.720000267028809,15.720000267028809,1285128.0
2024-05-27 14:45:00+03:00,15.729999542236328,15.739999771118164,15.720000267028809,15.729999542236328,15.729999542236328,842396.0
2024-05-27 14:50:00+03:00,15.729999542236328,15.739999771118164,15.710000038146973,15.720000267028809,15.720000267028809,1067382.0
2024-05-27 14:55:00+03:00,15.729999542236328,15.739999771118164,15.720000267028809,15.739999771118164,15.739999771118164,410983.0
2024-05-27 15:00:00+03:00,15.739999771118164,15.739999771118164,15.720000267028809,15.739999771118164,15.739999771118164,1060006.0
2024-05-27 15:05:00+03:00,15.739999771118164,15.739999771118164,15.699999809265137,15.729999542236328,15.729999542236328,1313899.0
2024-05-27 15:10:00+03:00,15.729999542236328,15.739999771118164,15.699999809265137,15.720000267028809,15.720000267028809,740459.0
2024-05-27 15:15:00+03:00,15.729999542236328,15.729999542236328,15.710000038146973,15.720000267028809,15.720000267028809,673964.0
2024-05-27 15:20:00+03:00,15.710000038146973,15.720000267028809,15.680000305175781,15.699999809265137,15.699999809265137,1392102.0
2024-05-27 15:25:00+03:00,15.699999809265137,15.710000038146973,15.649999618530273,15.65999984741211,15.65999984741211,2414063.0
2024-05-27 15:30:00+03:00,15.65999984741211,15.65999984741211,15.59000015258789,15.59000015258789,15.59000015258789,5281940.0
2024-05-27 15:35:00+03:00,15.59000015258789,15.630000114440918,15.569999694824219,15.579999923706055,15.579999923706055,5844222.0
2024-05-27 15:40:00+03:00,15.569999694824219,15.59000015258789,15.5600004196167,15.579999923706055,15.579999923706055,2105442.0
2024-05-27 15:45:00+03:00,15.579999923706055,15.600000381469727,15.550000190734863,15.550000190734863,15.550000190734863,1676089.0
2024-05-27 15:50:00+03:00,15.5600004196167,15.5600004196167,15.479999542236328,15.489999771118164,15.489999771118164,5272943.0
2024-05-27 15:55:00+03:00,15.489999771118164,15.510000228881836,15.479999542236328,15.489999771118164,15.489999771118164,1715118.0
2024-05-27 16:00:00+03:00,15.489999771118164,15.529999732971191,15.479999542236328,15.510000228881836,15.510000228881836,1928304.0
2024-05-27 16:05:00+03:00,15.510000228881836,15.529999732971191,15.479999542236328,15.479999542236328,15.479999542236328,1588278.0
2024-05-27 16:10:00+03:00,15.479999542236328,15.489999771118164,15.420000076293945,15.420000076293945,15.420000076293945,3082197.0
2024-05-27 16:15:00+03:00,15.420000076293945,15.4399995803833,15.369999885559082,15.4399995803833,15.4399995803833,2167203.0
2024-05-27 16:20:00+03:00,15.4399995803833,15.479999542236328,15.40999984741211,15.4399995803833,15.4399995803833,2149022.0
2024-05-27 16:25:00+03:00,15.449999809265137,15.449999809265137,15.420000076293945,15.449999809265137,15.449999809265137,1097371.0
2024-05-27 16:30:00+03:00,15.449999809265137,15.479999542236328,15.430000305175781,15.460000038146973,15.460000038146973,1497246.0
2024-05-27 16:35:00+03:00,15.460000038146973,15.489999771118164,15.449999809265137,15.470000267028809,15.470000267028809,1288437.0
2024-05-27 16:40:00+03:00,15.479999542236328,15.510000228881836,15.470000267028809,15.510000228881836,15.510000228881836,1445685.0
2024-05-27 16:45:00+03:00,15.510000228881836,15.520000457763672,15.479999542236328,15.5,15.5,1572554.0
2024-05-27 16:50:00+03:00,15.5,15.510000228881836,15.479999542236328,15.489999771118164,15.489999771118164,888243.0
2024-05-27 16:55:00+03:00,15.489999771118164,15.489999771118164,15.449999809265137,15.470000267028809,15.470000267028809,657370.0
2024-05-27 17:00:00+03:00,15.460000038146973,15.510000228881836,15.460000038146973,15.489999771118164,15.489999771118164,999180.0
2024-05-27 17:05:00+03:00,15.489999771118164,15.510000228881836,15.470000267028809,15.489999771118164,15.489999771118164,739511.0
2024-05-27 17:10:00+03:00,15.489999771118164,15.649999618530273,15.479999542236328,15.640000343322754,15.640000343322754,5851567.0
2024-05-27 17:15:00+03:00,15.640000343322754,15.720000267028809,15.630000114440918,15.65999984741211,15.65999984741211,9409550.0
2024-05-27 17:20:00+03:00,15.65999984741211,15.670000076293945,15.569999694824219,15.569999694824219,15.569999694824219,2693636.0
2024-05-27 17:25:00+03:00,15.5600004196167,15.59000015258789,15.520000457763672,15.550000190734863,15.550000190734863,3012962.0
2024-05-27 17:30:00+03:00,15.550000190734863,15.59000015258789,15.529999732971191,15.579999923706055,15.579999923706055,1761348.0
2024-05-27 17:35:00+03:00,15.579999923706055,15.619999885559082,15.5600004196167,15.600000381469727,15.600000381469727,1938666.0
2024-05-27 17:40:00+03:00,15.59000015258789,15.619999885559082,15.569999694824219,15.600000381469727,15.600000381469727,1715681.0
2024-05-27 17:45:00+03:00,15.600000381469727,15.630000114440918,15.579999923706055,15.600000381469727,15.600000381469727,4275302.0
2024-05-27 17:50:00+03:00,15.59000015258789,15.619999885559082,15.539999961853027,15.550000190734863,15.550000190734863,3293203.0
2024-05-27 17:55:00+03:00,15.550000190734863,15.600000381469727,15.550000190734863,15.59000015258789,15.59000015258789,3986186.0
2024-05-28 09:55:00+03:00,15.75,15.75,15.75,15.75,15.75,0.0
2024-05-28 10:00:00+03:00,15.75,15.850000381469727,15.729999542236328,15.739999771118164,15.739999771118164,11003228.0
2024-05-28 10:05:00+03:00,15.75,15.8100004196167,15.699999809265137,15.710000038146973,15.710000038146973,6926672.0
2024-05-28 10:10:00+03:00,15.710000038146973,15.75,15.670000076293945,15.720000267028809,15.720000267028809,5464972.0
2024-05-28 10:15:00+03:00,15.710000038146973,15.729999542236328,15.670000076293945,15.670000076293945,15.670000076293945,1812038.0
2024-05-28 10:20:00+03:00,15.680000305175781,15.6899995803833,15.59000015258789,15.609999656677246,15.609999656677246,6331368.0
2024-05-28 10:25:00+03:00,15.609999656677246,15.640000343322754,15.600000381469727,15.619999885559082,15.619999885559082,2726014.0
2024-05-28 10:30:00+03:00,15.619999885559082,15.6899995803833,15.609999656677246,15.6899995803833,15.6899995803833,6319757.0
2024-05-28 10:35:00+03:00,15.6899995803833,15.6899995803833,15.65999984741211,15.680000305175781,15.680000305175781,2245286.0
2024-05-28 10:40:00+03:00,15.6899995803833,15.789999961853027,15.6899995803833,15.760000228881836,15.760000228881836,9160223.0
2024-05-28 10:45:00+03:00,15.760000228881836,15.850000381469727,15.75,15.789999961853027,15.789999961853027,9499449.0
2024-05-28 10:50:00+03:00,15.789999961853027,15.960000038146973,15.779999732971191,15.899999618530273,15.899999618530273,16616881.0
2024-05-28 10:55:00+03:00,15.899999618530273,15.949999809265137,15.890000343322754,15.899999618530273,15.899999618530273,10713357.0
2024-05-28 11:00:00+03:00,15.899999618530273,15.9399995803833,15.84000015258789,15.850000381469727,15.850000381469727,5919996.0
2024-05-28 11:05:00+03:00,15.850000381469727,15.899999618530273,15.84000015258789,15.850000381469727,15.850000381469727,3776182.0
2024-05-28 11:10:00+03:00,15.859999656677246,15.90999984741211,15.829999923706055,15.880000114440918,15.880000114440918,4565014.0
2024-05-28 11:15:00+03:00,15.880000114440918,15.899999618530273,15.859999656677246,15.859999656677246,15.859999656677246,1663080.0
2024-05-28 11:20:00+03:00,15.869999885559082,15.880000114440918,15.84000015258789,15.850000381469727,15.850000381469727,1911413.0
2024-05-28 11:25:00+03:00,15.850000381469727,15.869999885559082,15.84000015258789,15.84000015258789,15.84000015258789,1542964.0
2024-05-28 11:30:00+03:00,15.84000015258789,15.859999656677246,15.829999923706055,15.850000381469727,15.850000381469727,1057242.0
2024-05-28 11:35:00+03:00,15.850000381469727,15.850000381469727,15.829999923706055,15.84000015258789,15.84000015258789,1185896.0
2024-05-28 11:40:00+03:00,15.84000015258789,15.869999885559082,15.829999923706055,15.850000381469727,15.850000381469727,3539340.0
2024-05-28 11:45:00+03:00,15.84000015258789,15.850000381469727,15.8100004196167,15.8100004196167,15.8100004196167,930023.0
2024-05-28 11:50:00+03:00,15.819999694824219,15.819999694824219,15.789999961853027,15.800000190734863,15.800000190734863,992187.0
2024-05-28 11:55:00+03:00,15.800000190734863,15.819999694824219,15.800000190734863,15.8100004196167,15.8100004196167,1134574.0
2024-05-28 12:00:00+03:00,15.8100004196167,15.819999694824219,15.789999961853027,15.8100004196167,15.8100004196167,1168551.0
2024-05-28 12:05:00+03:00,15.819999694824219,15.850000381469727,15.789999961853027,15.8100004196167,15.8100004196167,2450047.0
2024-05-28 12:10:00+03:00,15.8100004196167,15.819999694824219,15.789999961853027,15.8100004196167,15.8100004196167,795666.0
2024-05-28 12:15:00+03:00,15.800000190734863,15.819999694824219,15.779999732971191,15.819999694824219,15.819999694824219,893040.0
2024-05-28 12:20:00+03:00,15.8100004196167,15.8100004196167,15.779999732971191,15.789999961853027,15.789999961853027,893614.0
2024-05-28 12:25:00+03:00,15.800000190734863,15.8100004196167,15.770000457763672,15.789999961853027,15.789999961853027,1633110.0
2024-05-28 12:30:00+03:00,15.789999961853027,15.8100004196167,15.770000457763672,15.789999961853027,15.789999961853027,1518838.0
2024-05-28 12:35:00+03:00,15.800000190734863,15.8100004196167,15.779999732971191,15.800000190734863,15.800000190734863,876853.0
2024-05-28 12:40:00+03:00,15.800000190734863,15.829999923706055,15.770000457763672,15.819999694824219,15.819999694824219,1684661.0
2024-05-28 12:45:00+03:00,15.819999694824219,15.859999656677246,15.819999694824219,15.829999923706055,15.829999923706055,2631556.0
2024-05-28 12:50:00+03:00,15.819999694824219,15.859999656677246,15.819999694824219,15.850000381469727,15.850000381469727,1702795.0
2024-05-28 12:55:00+03:00,15.850000381469727,15.859999656677246,15.829999923706055,15.84000015258789,15.84000015258789,865080.0
2024-05-28 13:00:00+03:00,15.84000015258789,15.84000015258789,15.8100004196167,15.84000015258789,15.84000015258789,753285.0
2024-05-28 13:05:00+03:00,15.84000015258789,15.859999656677246,15.819999694824219,15.859999656677246,15.859999656677246,1572051.0
2024-05-28 13:10:00+03:00,15.859999656677246,15.930000305175781,15.850000381469727,15.90999984741211,15.90999984741211,6162168.0
2024-05-28 13:15:00+03:00,15.90999984741211,15.920000076293945,15.859999656677246,15.880000114440918,15.880000114440918,1532984.0
2024-05-28 13:20:00+03:00,15.880000114440918,15.899999618530273,15.859999656677246,15.880000114440918,15.880000114440918,1329539.0
2024-05-28 13:25:00+03:00,15.880000114440918,15.890000343322754,15.859999656677246,15.880000114440918,15.880000114440918,1343287.0
2024-05-28 13:30:00+03:00,15.880000114440918,15.890000343322754,15.859999656677246,15.880000114440918,15.880000114440918,1241740.0
2024-05-28 13:35:00+03:00,15.869999885559082,15.869999885559082,15.800000190734863,15.819999694824219,15.819999694824219,3770067.0
2024-05-28 13:40:00+03:00,15.819999694824219,15.84000015258789,15.8100004196167,15.8100004196167,15.8100004196167,658426.0
2024-05-28 13:45:00+03:00,15.819999694824219,15.829999923706055,15.800000190734863,15.819999694824219,15.819999694824219,955647.0
2024-05-28 13:50:00+03:00,15.8100004196167,15.84000015258789,15.8100004196167,15.84000015258789,15.84000015258789,549139.0
2024-05-28 13:55:00+03:00,15.829999923706055,15.859999656677246,15.829999923706055,15.84000015258789,15.84000015258789,786627.0
2024-05-28 14:00:00+03:00,15.829999923706055,15.84000015258789,15.819999694824219,15.829999923706055,15.829999923706055,438318.0
2024-05-28 14:05:00+03:00,15.829999923706055,15.84000015258789,15.800000190734863,15.829999923706055,15.829999923706055,1086151.0
2024-05-28 14:10:00+03:00,15.829999923706055,15.850000381469727,15.8100004196167,15.8100004196167,15.8100004196167,3965125.0
2024-05-28 14:15:00+03:00,15.829999923706055,15.850000381469727,15.8100004196167,15.829999923706055,15.829999923706055,5542034.0
2024-05-28 14:20:00+03:00,15.819999694824219,15.829999923706055,15.800000190734863,15.800000190734863,15.800000190734863,617664.0
2024-05-28 14:25:00+03:00,15.8100004196167,15.819999694824219,15.770000457763672,15.789999961853027,15.789999961853027,4132628.0
2024-05-28 14:30:00+03:00,15.789999961853027,15.800000190734863,15.779999732971191,15.800000190734863,15.800000190734863,826708.0
2024-05-28 14:35:00+03:00,15.800000190734863,15.800000190734863,15.779999732971191,15.800000190734863,15.800000190734863,748637.0
2024-05-28 14:40:00+03:00,15.789999961853027,15.800000190734863,15.779999732971191,15.800000190734863,15.800000190734863,721937.0
2024-05-28 14:45:00+03:00,15.800000190734863,15.84000015258789,15.789999961853027,15.829999923706055,15.829999923706055,2151597.0
2024-05-28 14:50:00+03:00,15.829999923706055,15.84000015258789,15.8100004196167,15.84000015258789,15.84000015258789,2314953.0
2024-05-28 14:55:00+03:00,15.84000015258789,15.84000015258789,15.8100004196167,15.829999923706055,15.829999923706055,775396.0
2024-05-28 15:00:00+03:00,15.829999923706055,15.850000381469727,15.819999694824219,15.84000015258789,15.84000015258789,2351568.0
2024-05-28 15:05:00+03:00,15.829999923706055,15.90999984741211,15.829999923706055,15.859999656677246,15.859999656677246,4747994.0
2024-05-28 15:10:00+03:00,15.859999656677246,15.869999885559082,15.829999923706055,15.84000015258789,15.84000015258789,1753212.0
2024-05-28 15:15:00+03:00,15.84000015258789,15.890000343322754,15.84000015258789,15.869999885559082,15.869999885559082,3154428.0
2024-05-28 15:20:00+03:00,15.869999885559082,15.869999885559082,15.8100004196167,15.84000015258789,15.84000015258789,1933329.0
2024-05-28 15:25:00+03:00,15.84000015258789,15.850000381469727,15.829999923706055,15.829999923706055,15.829999923706055,1432193.0
2024-05-28 15:30:00+03:00,15.84000015258789,15.869999885559082,15.829999923706055,15.859999656677246,15.859999656677246,925078.0
2024-05-28 15:35:00+03:00,15.859999656677246,15.899999618530273,15.859999656677246,15.880000114440918,15.880000114440918,4535587.0
2024-05-28 15:40:00+03:00,15.880000114440918,15.880000114440918,15.84000015258789,15.850000381469727,15.850000381469727,2322016.0
2024-05-28 15:45:00+03:00,15.850000381469727,15.880000114440918,15.829999923706055,15.850000381469727,15.850000381469727,2170015.0
2024-05-28 15:50:00+03:00,15.859999656677246,15.869999885559082,15.84000015258789,15.84000015258789,15.84000015258789,599871.0
2024-05-28 15:55:00+03:00,15.84000015258789,15.850000381469727,15.829999923706055,15.850000381469727,15.850000381469727,886737.0
2024-05-28 16:00:00+03:00,15.850000381469727,15.869999885559082,15.819999694824219,15.869999885559082,15.869999885559082,1636163.0
2024-05-28 16:05:00+03:00,15.859999656677246,15.869999885559082,15.850000381469727,15.869999885559082,15.869999885559082,685351.0
2024-05-28 16:10:00+03:00,15.869999885559082,15.890000343322754,15.859999656677246,15.869999885559082,15.869999885559082,2047139.0
2024-05-28 16:15:00+03:00,15.869999885559082,15.880000114440918,15.819999694824219,15.850000381469727,15.850000381469727,2935643.0
2024-05-28 16:20:00+03:00,15.850000381469727,15.859999656677246,15.84000015258789,15.850000381469727,15.850000381469727,863711.0
2024-05-28 16:25:00+03:00,15.84000015258789,15.869999885559082,15.84000015258789,15.869999885559082,15.869999885559082,1475550.0
2024-05-28 16:30:00+03:00,15.869999885559082,15.930000305175781,15.859999656677246,15.930000305175781,15.930000305175781,8333682.0
2024-05-28 16:35:00+03:00,15.920000076293945,15.9399995803833,15.859999656677246,15.869999885559082,15.869999885559082,8683222.0
2024-05-28 16:40:00+03:00,15.869999885559082,15.890000343322754,15.850000381469727,15.869999885559082,15.869999885559082,2712742.0
2024-05-28 16:45:00+03:00,15.869999885559082,15.890000343322754,15.850000381469727,15.869999885559082,15.869999885559082,3286354.0
2024-05-28 16:50:00+03:00,15.869999885559082,15.880000114440918,15.84000015258789,15.859999656677246,15.859999656677246,2449547.0
2024-05-28 16:55:00+03:00,15.859999656677246,15.859999656677246,15.8100004196167,15.829999923706055,15.829999923706055,3667424.0
2024-05-28 17:00:00+03:00,15.819999694824219,15.850000381469727,15.8100004196167,15.829999923706055,15.829999923706055,1574308.0
2024-05-28 17:05:00+03:00,15.819999694824219,15.84000015258789,15.819999694824219,15.84000015258789,15.84000015258789,1336636.0
2024-05-28 17:10:00+03:00,15.84000015258789,15.84000015258789,15.779999732971191,15.800000190734863,15.800000190734863,3109518.0
2024-05-28 17:15:00+03:00,15.800000190734863,15.800000190734863,15.770000457763672,15.789999961853027,15.789999961853027,3089877.0
2024-05-28 17:20:00+03:00,15.779999732971191,15.819999694824219,15.779999732971191,15.8100004196167,15.8100004196167,2886813.0
2024-05-28 17:25:00+03:00,15.800000190734863,15.8100004196167,15.75,15.770000457763672,15.770000457763672,2570539.0
2024-05-28 17:30:00+03:00,15.779999732971191,15.779999732971191,15.760000228881836,15.779999732971191,15.779999732971191,1446566.0
2024-05-28 17:35:00+03:00,15.770000457763672,15.789999961853027,15.739999771118164,15.760000228881836,15.760000228881836,2627359.0
2024-05-28 17:40:00+03:00,15.760000228881836,15.789999961853027,15.739999771118164,15.779999732971191,15.779999732971191,1931866.0
2024-05-28 17:45:00+03:00,15.779999732971191,15.789999961853027,15.739999771118164,15.75,15.75,3270696.0
2024-05-28 17:50:00+03:00,15.760000228881836,15.819999694824219,15.75,15.800000190734863,15.800000190734863,4927599.0
2024-05-28 17:55:00+03:00,15.800000190734863,15.819999694824219,15.789999961853027,15.800000190734863,15.800000190734863,7106704.0
2024-05-29 09:55:00+03:00,15.890000343322754,15.890000343322754,15.890000343322754,15.890000343322754,15.890000343322754,0.0
2024-05-29 10:00:00+03:00,15.890000343322754,15.90999984741211,15.84000015258789,15.859999656677246,15.859999656677246,14213474.0
2024-05-29 10:05:00+03:00,15.859999656677246,15.90999984741211,15.84000015258789,15.869999885559082,15.869999885559082,3953368.0
2024-05-29 10:10:00+03:00,15.869999885559082,15.899999618530273,15.850000381469727,15.890000343322754,15.890000343322754,6057832.0
2024-05-29 10:15:00+03:00,15.880000114440918,15.890000343322754,15.850000381469727,15.869999885559082,15.869999885559082,1831312.0
2024-05-29 10:20:00+03:00,15.869999885559082,15.899999618530273,15.859999656677246,15.880000114440918,15.880000114440918,5547934.0
2024-05-29 10:25:00+03:00,15.880000114440918,15.890000343322754,15.850000381469727,15.859999656677246,15.859999656677246,3483477.0
2024-05-29 10:30:00+03:00,15.850000381469727,15.869999885559082,15.829999923706055,15.84000015258789,15.84000015258789,3654285.0
2024-05-29 10:35:00+03:00,15.84000015258789,15.850000381469727,15.819999694824219,15.829999923706055,15.829999923706055,2124407.0
2024-05-29 10:40:00+03:00,15.819999694824219,15.84000015258789,15.760000228881836,15.770000457763672,15.770000457763672,3157862.0
2024-05-29 10:45:00+03:00,15.770000457763672,15.800000190734863,15.75,15.779999732971191,15.779999732971191,4479874.0
2024-05-29 10:50:00+03:00,15.789999961853027,15.800000190734863,15.760000228881836,15.779999732971191,15.779999732971191,2403549.0
2024-05-29 10:55:00+03:00,15.779999732971191,15.779999732971191,15.75,15.770000457763672,15.770000457763672,2000925.0
2024-05-29 11:00:00+03:00,15.770000457763672,15.850000381469727,15.770000457763672,15.829999923706055,15.829999923706055,2490824.0
2024-05-29 11:05:00+03:00,15.829999923706055,15.84000015258789,15.800000190734863,15.819999694824219,15.819999694824219,1343187.0
2024-05-29 11:10:00+03:00,15.819999694824219,15.829999923706055,15.800000190734863,15.8100004196167,15.8100004196167,916937.0
2024-05-29 11:15:00+03:00,15.8100004196167,15.8100004196167,15.760000228881836,15.779999732971191,15.779999732971191,4098842.0
2024-05-29 11:20:00+03:00,15.789999961853027,15.800000190734863,15.779999732971191,15.779999732971191,15.779999732971191,789412.0
2024-05-29 11:25:00+03:00,15.779999732971191,15.800000190734863,15.720000267028809,15.739999771118164,15.739999771118164,6271042.0
2024-05-29 11:30:00+03:00,15.739999771118164,15.779999732971191,15.729999542236328,15.770000457763672,15.770000457763672,1580377.0
2024-05-29 11:35:00+03:00,15.779999732971191,15.819999694824219,15.770000457763672,15.789999961853027,15.789999961853027,2348219.0
2024-05-29 11:40:00+03:00,15.789999961853027,15.800000190734863,15.779999732971191,15.779999732971191,15.779999732971191,1498239.0
2024-05-29 11:45:00+03:00,15.789999961853027,15.819999694824219,15.779999732971191,15.800000190734863,15.800000190734863,1417570.0
2024-05-29 11:50:00+03:00,15.800000190734863,15.84000015258789,15.800000190734863,15.84000015258789,15.84000015258789,1356987.0
2024-05-29 11:55:00+03:00,15.829999923706055,15.850000381469727,15.800000190734863,15.819999694824219,15.819999694824219,1567008.0
2024-05-29 12:00:00+03:00,15.819999694824219,15.829999923706055,15.800000190734863,15.819999694824219,15.819999694824219,838916.0
2024-05-29 12:05:00+03:00,15.8100004196167,15.829999923706055,15.800000190734863,15.8100004196167,15.8100004196167,1337872.0
2024-05-29 12:10:00+03:00,15.8100004196167,15.819999694824219,15.789999961853027,15.800000190734863,15.800000190734863,550391.0
2024-05-29 12:15:00+03:00,15.8100004196167,15.829999923706055,15.800000190734863,15.819999694824219,15.819999694824219,702271.0
2024-05-29 12:20:00+03:00,15.819999694824219,15.829999923706055,15.800000190734863,15.8100004196167,15.8100004196167,845238.0
2024-05-29 12:25:00+03:00,15.8100004196167,15.819999694824219,15.800000190734863,15.819999694824219,15.819999694824219,344243.0
2024-05-29 12:30:00+03:00,15.8100004196167,15.819999694824219,15.800000190734863,15.800000190734863,15.800000190734863,310591.0
2024-05-29 12:35:00+03:00,15.800000190734863,15.819999694824219,15.800000190734863,15.819999694824219,15.819999694824219,401823.0
2024-05-29 12:40:00+03:00,15.8100004196167,15.84000015258789,15.8100004196167,15.829999923706055,15.829999923706055,1131277.0
2024-05-29 12:45:00+03:00,15.819999694824219,15.829999923706055,15.8100004196167,15.819999694824219,15.819999694824219,284807.0
2024-05-29 12:50:00+03:00,15.8100004196167,15.819999694824219,15.8100004196167,15.8100004196167,15.8100004196167,302076.0
2024-05-29 12:55:00+03:00,15.819999694824219,15.850000381469727,15.8100004196167,15.84000015258789,15.84000015258789,1670753.0
2024-05-29 13:00:00+03:00,15.829999923706055,15.84000015258789,15.819999694824219,15.829999923706055,15.829999923706055,635891.0
2024-05-29 13:05:00+03:00,15.829999923706055,15.84000015258789,15.8100004196167,15.829999923706055,15.829999923706055,1092391.0
2024-05-29 13:10:00+03:00,15.819999694824219,15.850000381469727,15.819999694824219,15.84000015258789,15.84000015258789,1503011.0
2024-05-29 13:15:00+03:00,15.84000015258789,15.850000381469727,15.819999694824219,15.829999923706055,15.829999923706055,578094.0
2024-05-29 13:20:00+03:00,15.829999923706055,15.880000114440918,15.829999923706055,15.869999885559082,15.869999885559082,4104057.0
2024-05-29 13:25:00+03:00,15.859999656677246,15.890000343322754,15.859999656677246,15.880000114440918,15.880000114440918,7058399.0
2024-05-29 13:30:00+03:00,15.880000114440918,15.899999618530273,15.869999885559082,15.890000343322754,15.890000343322754,1993942.0
2024-05-29 13:35:00+03:00,15.899999618530273,15.949999809265137,15.880000114440918,15.9399995803833,15.9399995803833,12845474.0
2024-05-29 13:40:00+03:00,15.949999809265137,15.960000038146973,15.890000343322754,15.90999984741211,15.90999984741211,8168804.0
2024-05-29 13:45:00+03:00,15.920000076293945,15.920000076293945,15.890000343322754,15.890000343322754,15.890000343322754,1017200.0
2024-05-29 13:50:00+03:00,15.890000343322754,15.899999618530273,15.859999656677246,15.869999885559082,15.869999885559082,1700149.0
2024-05-29 13:55:00+03:00,15.859999656677246,15.869999885559082,15.84000015258789,15.850000381469727,15.850000381469727,2402419.0
2024-05-29 14:00:00+03:00,15.850000381469727,15.869999885559082,15.84000015258789,15.859999656677246,15.859999656677246,958284.0
2024-05-29 14:05:00+03:00,15.859999656677246,15.859999656677246,15.819999694824219,15.850000381469727,15.850000381469727,1805595.0
2024-05-29 14:10:00+03:00,15.84000015258789,15.850000381469727,15.819999694824219,15.84000015258789,15.84000015258789,1308985.0
2024-05-29 14:15:00+03:00,15.829999923706055,15.850000381469727,15.8100004196167,15.819999694824219,15.819999694824219,1839102.0
2024-05-29 14:20:00+03:00,15.819999694824219,15.829999923706055,15.8100004196167,15.819999694824219,15.819999694824219,939245.0
2024-05-29 14:25:00+03:00,15.819999694824219,15.829999923706055,15.800000190734863,15.8100004196167,15.8100004196167,1177892.0
2024-05-29 14:30:00+03:00,15.800000190734863,15.829999923706055,15.789999961853027,15.819999694824219,15.819999694824219,4025405.0
2024-05-29 14:35:00+03:00,15.8100004196167,15.829999923706055,15.800000190734863,15.829999923706055,15.829999923706055,781943.0
2024-05-29 14:40:00+03:00,15.819999694824219,15.829999923706055,15.8100004196167,15.8100004196167,15.8100004196167,1050019.0
2024-05-29 14:45:00+03:00,15.819999694824219,15.84000015258789,15.800000190734863,15.829999923706055,15.829999923706055,800109.0
2024-05-29 14:50:00+03:00,15.829999923706055,15.84000015258789,15.8100004196167,15.8100004196167,15.8100004196167,414501.0
2024-05-29 14:55:00+03:00,15.819999694824219,15.819999694824219,15.800000190734863,15.819999694824219,15.819999694824219,701317.0
2024-05-29 15:00:00+03:00,15.819999694824219,15.819999694824219,15.65999984741211,15.720000267028809,15.720000267028809,7805629.0
2024-05-29 15:05:00+03:00,15.710000038146973,15.739999771118164,15.6899995803833,15.720000267028809,15.720000267028809,5541465.0
2024-05-29 15:10:00+03:00,15.720000267028809,15.729999542236328,15.710000038146973,15.720000267028809,15.720000267028809,1686236.0
2024-05-29 15:15:00+03:00,15.710000038146973,15.739999771118164,15.699999809265137,15.729999542236328,15.729999542236328,2620438.0
2024-05-29 15:20:00+03:00,15.720000267028809,15.729999542236328,15.699999809265137,15.710000038146973,15.710000038146973,2477455.0
2024-05-29 15:25:00+03:00,15.699999809265137,15.720000267028809,15.670000076293945,15.720000267028809,15.720000267028809,2064894.0
2024-05-29 15:30:00+03:00,15.710000038146973,15.739999771118164,15.6899995803833,15.699999809265137,15.699999809265137,1771909.0
2024-05-29 15:35:00+03:00,15.699999809265137,15.710000038146973,15.649999618530273,15.680000305175781,15.680000305175781,5731522.0
2024-05-29 15:40:00+03:00,15.670000076293945,15.670000076293945,15.619999885559082,15.670000076293945,15.670000076293945,5070721.0
2024-05-29 15:45:00+03:00,15.65999984741211,15.680000305175781,15.630000114440918,15.649999618530273,15.649999618530273,2258258.0
2024-05-29 15:50:00+03:00,15.649999618530273,15.670000076293945,15.619999885559082,15.65999984741211,15.65999984741211,3829647.0
2024-05-29 15:55:00+03:00,15.65999984741211,15.699999809265137,15.640000343322754,15.640000343322754,15.640000343322754,5349546.0
2024-05-29 16:00:00+03:00,15.649999618530273,15.680000305175781,15.630000114440918,15.65999984741211,15.65999984741211,2789019.0
2024-05-29 16:05:00+03:00,15.670000076293945,15.680000305175781,15.619999885559082,15.649999618530273,15.649999618530273,1978006.0
2024-05-29 16:10:00+03:00,15.649999618530273,15.680000305175781,15.649999618530273,15.680000305175781,15.680000305175781,1410835.0
2024-05-29 16:15:00+03:00,15.680000305175781,15.699999809265137,15.65999984741211,15.680000305175781,15.680000305175781,2563665.0
2024-05-29 16:20:00+03:00,15.680000305175781,15.699999809265137,15.670000076293945,15.680000305175781,15.680000305175781,1148838.0
2024-05-29 16:25:00+03:00,15.680000305175781,15.6899995803833,15.630000114440918,15.649999618530273,15.649999618530273,1601900.0
2024-05-29 16:30:00+03:00,15.640000343322754,15.649999618530273,15.619999885559082,15.649999618530273,15.649999618530273,1071383.0
2024-05-29 16:35:00+03:00,15.649999618530273,15.670000076293945,15.640000343322754,15.65999984741211,15.65999984741211,1213898.0
2024-05-29 16:40:00+03:00,15.649999618530273,15.6899995803833,15.649999618530273,15.6899995803833,15.6899995803833,1557296.0
2024-05-29 16:45:00+03:00,15.680000305175781,15.6899995803833,15.65999984741211,15.680000305175781,15.680000305175781,1833392.0
2024-05-29 16:50:00+03:00,15.680000305175781,15.6899995803833,15.65999984741211,15.65999984741211,15.65999984741211,933941.0
2024-05-29 16:55:00+03:00,15.65999984741211,15.6899995803833,15.649999618530273,15.670000076293945,15.670000076293945,605941.0
2024-05-29 17:00:00+03:00,15.670000076293945,15.699999809265137,15.649999618530273,15.699999809265137,15.699999809265137,2952981.0
2024-05-29 17:05:00+03:00,15.6899995803833,15.699999809265137,15.680000305175781,15.699999809265137,15.699999809265137,997457.0
2024-05-29 17:10:00+03:00,15.6899995803833,15.699999809265137,15.640000343322754,15.649999618530273,15.649999618530273,2965986.0
2024-05-29 17:15:00+03:00,15.649999618530273,15.649999618530273,15.609999656677246,15.619999885559082,15.619999885559082,1911535.0
2024-05-29 17:20:00+03:00,15.619999885559082,15.640000343322754,15.600000381469727,15.630000114440918,15.630000114440918,5350941.0
2024-05-29 17:25:00+03:00,15.640000343322754,15.640000343322754,15.600000381469727,15.609999656677246,15.609999656677246,1494528.0
2024-05-29 17:30:00+03:00,15.619999885559082,15.65999984741211,15.609999656677246,15.640000343322754,15.640000343322754,2791627.0
2024-05-29 17:35:00+03:00,15.649999618530273,15.670000076293945,15.550000190734863,15.5600004196167,15.5600004196167,6409909.0
2024-05-29 17:40:00+03:00,15.5600004196167,15.600000381469727,15.539999961853027,15.59000015258789,15.59000015258789,5620047.0
2024-05-29 17:45:00+03:00,15.59000015258789,15.640000343322754,15.5600004196167,15.630000114440918,15.630000114440918,3449233.0
2024-05-29 17:50:00+03:00,15.630000114440918,15.630000114440918,15.550000190734863,15.600000381469727,15.600000381469727,4888156.0
2024-05-29 17:55:00+03:00,15.600000381469727,15.619999885559082,15.550000190734863,15.579999923706055,15.579999923706055,6068847.0
2024-05-30 09:55:00+03:00,15.710000038146973,15.710000038146973,15.710000038146973,15.710000038146973,15.710000038146973,0.0
2024-05-30 10:00:00+03:00,15.720000267028809,15.819999694824219,15.710000038146973,15.819999694824219,15.819999694824219,18527542.0
2024-05-30 10:05:00+03:00,15.829999923706055,15.989999771118164,15.770000457763672,15.890000343322754,15.890000343322754,25658185.0
2024-05-30 10:10:00+03:00,15.880000114440918,15.960000038146973,15.859999656677246,15.890000343322754,15.890000343322754,13970143.0
2024-05-30 10:15:00+03:00,15.880000114440918,15.930000305175781,15.859999656677246,15.930000305175781,15.930000305175781,11728384.0
2024-05-30 10:20:00+03:00,15.920000076293945,16.0,15.90999984741211,15.979999542236328,15.979999542236328,13543839.0
2024-05-30 10:25:00+03:00,15.989999771118164,15.989999771118164,15.899999618530273,15.9399995803833,15.9399995803833,8505207.0
2024-05-30 10:30:00+03:00,15.949999809265137,15.949999809265137,15.850000381469727,15.869999885559082,15.869999885559082,5477814.0
2024-05-30 10:35:00+03:00,15.869999885559082,15.899999618530273,15.850000381469727,15.880000114440918,15.880000114440918,5178588.0
2024-05-30 10:40:00+03:00,15.869999885559082,15.890000343322754,15.8100004196167,15.819999694824219,15.819999694824219,4915795.0
2024-05-30 10:45:00+03:00,15.819999694824219,15.869999885559082,15.819999694824219,15.869999885559082,15.869999885559082,3689764.0
2024-05-30 10:50:00+03:00,15.869999885559082,15.880000114440918,15.84000015258789,15.859999656677246,15.859999656677246,4345353.0
2024-05-30 10:55:00+03:00,15.859999656677246,15.899999618530273,15.850000381469727,15.890000343322754,15.890000343322754,1962720.0
2024-05-30 11:00:00+03:00,15.890000343322754,15.979999542236328,15.890000343322754,15.9399995803833,15.9399995803833,9000193.0
2024-05-30 11:05:00+03:00,15.949999809265137,16.059999465942383,15.9399995803833,16.040000915527344,16.040000915527344,28149766.0
2024-05-30 11:10:00+03:00,16.040000915527344,16.049999237060547,16.0,16.0,16.0,6181584.0
2024-05-30 11:15:00+03:00,16.010000228881836,16.040000915527344,15.970000267028809,16.0,16.0,5531544.0
2024-05-30 11:20:00+03:00,16.010000228881836,16.010000228881836,15.960000038146973,15.989999771118164,15.989999771118164,2741547.0
2024-05-30 11:25:00+03:00,15.989999771118164,16.040000915527344,15.979999542236328,16.020000457763672,16.020000457763672,3407677.0
2024-05-30 11:30:00+03:00,16.030000686645508,16.040000915527344,15.970000267028809,15.970000267028809,15.970000267028809,2314370.0
2024-05-30 11:35:00+03:00,15.970000267028809,15.979999542236328,15.9399995803833,15.960000038146973,15.960000038146973,2814892.0
2024-05-30 11:40:00+03:00,15.960000038146973,15.960000038146973,15.869999885559082,15.880000114440918,15.880000114440918,5818049.0
2024-05-30 11:45:00+03:00,15.880000114440918,15.899999618530273,15.84000015258789,15.890000343322754,15.890000343322754,5370946.0
2024-05-30 11:50:00+03:00,15.890000343322754,15.930000305175781,15.880000114440918,15.90999984741211,15.90999984741211,1883754.0
2024-05-30 11:55:00+03:00,15.920000076293945,15.970000267028809,15.90999984741211,15.960000038146973,15.960000038146973,4587677.0
2024-05-30 12:00:00+03:00,15.960000038146973,15.960000038146973,15.920000076293945,15.960000038146973,15.960000038146973,4058703.0
2024-05-30 12:05:00+03:00,15.949999809265137,15.960000038146973,15.9399995803833,15.9399995803833,15.9399995803833,1161303.0
2024-05-30 12:10:00+03:00,15.949999809265137,15.949999809265137,15.930000305175781,15.949999809265137,15.949999809265137,757640.0
2024-05-30 12:15:00+03:00,15.949999809265137,15.989999771118164,15.9399995803833,15.979999542236328,15.979999542236328,3142018.0
2024-05-30 12:20:00+03:00,15.979999542236328,16.0,15.960000038146973,15.989999771118164,15.989999771118164,2212185.0
2024-05-30 12:25:00+03:00,15.989999771118164,16.010000228881836,15.970000267028809,15.979999542236328,15.979999542236328,2504858.0
2024-05-30 12:30:00+03:00,15.970000267028809,15.989999771118164,15.930000305175781,15.949999809265137,15.949999809265137,1790957.0
2024-05-30 12:35:00+03:00,15.949999809265137,15.979999542236328,15.9399995803833,15.960000038146973,15.960000038146973,847194.0
2024-05-30 12:40:00+03:00,15.960000038146973,15.960000038146973,15.930000305175781,15.949999809265137,15.949999809265137,715245.0
2024-05-30 12:45:00+03:00,15.9399995803833,15.949999809265137,15.930000305175781,15.930000305175781,15.930000305175781,1071808.0
2024-05-30 12:50:00+03:00,15.930000305175781,15.960000038146973,15.930000305175781,15.949999809265137,15.949999809265137,972370.0
2024-05-30 12:55:00+03:00,15.949999809265137,15.949999809265137,15.920000076293945,15.949999809265137,15.949999809265137,1550659.0
2024-05-30 13:00:00+03:00,15.9399995803833,15.960000038146973,15.930000305175781,15.9399995803833,15.9399995803833,1075431.0
2024-05-30 13:05:00+03:00,15.9399995803833,15.960000038146973,15.930000305175781,15.9399995803833,15.9399995803833,1243309.0
2024-05-30 13:10:00+03:00,15.9399995803833,15.960000038146973,15.920000076293945,15.960000038146973,15.960000038146973,1451700.0
2024-05-30 13:15:00+03:00,15.949999809265137,15.970000267028809,15.930000305175781,15.949999809265137,15.949999809265137,1550490.0
2024-05-30 13:20:00+03:00,15.9399995803833,15.949999809265137,15.890000343322754,15.899999618530273,15.899999618530273,2614520.0
2024-05-30 13:25:00+03:00,15.899999618530273,15.920000076293945,15.859999656677246,15.869999885559082,15.869999885559082,2187873.0
2024-05-30 13:30:00+03:00,15.869999885559082,15.869999885559082,15.84000015258789,15.859999656677246,15.859999656677246,2859020.0
2024-05-30 13:35:00+03:00,15.859999656677246,15.899999618530273,15.850000381469727,15.880000114440918,15.880000114440918,1486520.0
2024-05-30 13:40:00+03:00,15.869999885559082,15.880000114440918,15.850000381469727,15.859999656677246,15.859999656677246,1415777.0
2024-05-30 13:45:00+03:00,15.859999656677246,15.859999656677246,15.829999923706055,15.850000381469727,15.850000381469727,1756345.0
2024-05-30 13:50:00+03:00,15.850000381469727,15.850000381469727,15.819999694824219,15.829999923706055,15.829999923706055,3241063.0
2024-05-30 13:55:00+03:00,15.829999923706055,15.859999656677246,15.819999694824219,15.850000381469727,15.850000381469727,1535498.0
2024-05-30 14:00:00+03:00,15.850000381469727,15.850000381469727,15.8100004196167,15.819999694824219,15.819999694824219,1967542.0
2024-05-30 14:05:00+03:00,15.829999923706055,15.850000381469727,15.819999694824219,15.850000381469727,15.850000381469727,1116642.0
2024-05-30 14:10:00+03:00,15.850000381469727,15.859999656677246,15.819999694824219,15.850000381469727,15.850000381469727,1431514.0
2024-05-30 14:15:00+03:00,15.850000381469727,15.869999885559082,15.84000015258789,15.850000381469727,15.850000381469727,1431317.0
2024-05-30 14:20:00+03:00,15.859999656677246,15.930000305175781,15.850000381469727,15.920000076293945,15.920000076293945,8987778.0
2024-05-30 14:25:00+03:00,15.920000076293945,15.9399995803833,15.899999618530273,15.920000076293945,15.920000076293945,4792604.0
2024-05-30 14:30:00+03:00,15.920000076293945,15.920000076293945,15.890000343322754,15.899999618530273,15.899999618530273,3301300.0
2024-05-30 14:35:00+03:00,15.899999618530273,15.899999618530273,15.84000015258789,15.84000015258789,15.84000015258789,5077862.0
2024-05-30 14:40:00+03:00,15.850000381469727,15.890000343322754,15.829999923706055,15.890000343322754,15.890000343322754,2520892.0
2024-05-30 14:45:00+03:00,15.880000114440918,15.899999618530273,15.869999885559082,15.890000343322754,15.890000343322754,4377509.0
2024-05-30 14:50:00+03:00,15.899999618530273,15.930000305175781,15.869999885559082,15.920000076293945,15.920000076293945,4383863.0
2024-05-30 14:55:00+03:00,15.930000305175781,15.960000038146973,15.899999618530273,15.9399995803833,15.9399995803833,4660563.0
2024-05-30 15:00:00+03:00,15.9399995803833,15.9399995803833,15.899999618530273,15.899999618530273,15.899999618530273,2684257.0
2024-05-30 15:05:00+03:00,15.90999984741211,15.949999809265137,15.890000343322754,15.930000305175781,15.930000305175781,2671365.0
2024-05-30 15:10:00+03:00,15.930000305175781,15.949999809265137,15.899999618530273,15.90999984741211,15.90999984741211,1854871.0
2024-05-30 15:15:00+03:00,15.920000076293945,15.960000038146973,15.899999618530273,15.930000305175781,15.930000305175781,1471956.0
2024-05-30 15:20:00+03:00,15.930000305175781,15.9399995803833,15.850000381469727,15.880000114440918,15.880000114440918,3568519.0
2024-05-30 15:25:00+03:00,15.880000114440918,15.899999618530273,15.869999885559082,15.890000343322754,15.890000343322754,1352916.0
2024-05-30 15:30:00+03:00,15.890000343322754,15.890000343322754,15.850000381469727,15.859999656677246,15.859999656677246,1972701.0
2024-05-30 15:35:00+03:00,15.850000381469727,15.869999885559082,15.819999694824219,15.869999885559082,15.869999885559082,4177005.0
2024-05-30 15:40:00+03:00,15.869999885559082,15.899999618530273,15.850000381469727,15.869999885559082,15.869999885559082,1445914.0
2024-05-30 15:45:00+03:00,15.859999656677246,15.869999885559082,15.84000015258789,15.850000381469727,15.850000381469727,1609918.0
2024-05-30 15:50:00+03:00,15.850000381469727,15.880000114440918,15.8100004196167,15.84000015258789,15.84000015258789,3327318.0
2024-05-30 15:55:00+03:00,15.84000015258789,15.84000015258789,15.770000457763672,15.789999961853027,15.789999961853027,9157167.0
2024-05-30 16:00:00+03:00,15.789999961853027,15.789999961853027,15.729999542236328,15.75,15.75,6070579.0
2024-05-30 16:05:00+03:00,15.760000228881836,15.800000190734863,15.739999771118164,15.75,15.75,5705010.0
2024-05-30 16:10:00+03:00,15.75,15.779999732971191,15.739999771118164,15.760000228881836,15.760000228881836,1694485.0
2024-05-30 16:15:00+03:00,15.760000228881836,15.779999732971191,15.739999771118164,15.760000228881836,15.760000228881836,1373654.0
2024-05-30 16:20:00+03:00,15.760000228881836,15.770000457763672,15.710000038146973,15.75,15.75,2968156.0
2024-05-30 16:25:00+03:00,15.739999771118164,15.800000190734863,15.729999542236328,15.729999542236328,15.729999542236328,2375545.0
2024-05-30 16:30:00+03:00,15.729999542236328,15.779999732971191,15.729999542236328,15.779999732971191,15.779999732971191,1588887.0
2024-05-30 16:35:00+03:00,15.779999732971191,15.800000190734863,15.760000228881836,15.789999961853027,15.789999961853027,2008235.0
2024-05-30 16:40:00+03:00,15.800000190734863,15.84000015258789,15.789999961853027,15.819999694824219,15.819999694824219,3895438.0
2024-05-30 16:45:00+03:00,15.829999923706055,15.859999656677246,15.8100004196167,15.829999923706055,15.829999923706055,3511705.0
2024-05-30 16:50:00+03:00,15.829999923706055,15.84000015258789,15.800000190734863,15.8100004196167,15.8100004196167,1838092.0
2024-05-30 16:55:00+03:00,15.819999694824219,15.84000015258789,15.800000190734863,15.84000015258789,15.84000015258789,1561745.0
2024-05-30 17:00:00+03:00,15.84000015258789,15.84000015258789,15.8100004196167,15.84000015258789,15.84000015258789,1655305.0
2024-05-30 17:05:00+03:00,15.829999923706055,15.859999656677246,15.8100004196167,15.84000015258789,15.84000015258789,1895906.0
2024-05-30 17:10:00+03:00,15.84000015258789,15.84000015258789,15.779999732971191,15.800000190734863,15.800000190734863,2083960.0
2024-05-30 17:15:00+03:00,15.800000190734863,15.829999923706055,15.789999961853027,15.819999694824219,15.819999694824219,1232269.0
2024-05-30 17:20:00+03:00,15.819999694824219,15.829999923706055,15.779999732971191,15.789999961853027,15.789999961853027,3747092.0
2024-05-30 17:25:00+03:00,15.789999961853027,15.8100004196167,15.770000457763672,15.789999961853027,15.789999961853027,2265174.0
2024-05-30 17:30:00+03:00,15.789999961853027,15.819999694824219,15.770000457763672,15.779999732971191,15.779999732971191,3548437.0
2024-05-30 17:35:00+03:00,15.779999732971191,15.8100004196167,15.770000457763672,15.789999961853027,15.789999961853027,2009851.0
2024-05-30 17:40:00+03:00,15.789999961853027,15.8100004196167,15.760000228881836,15.770000457763672,15.770000457763672,2568654.0
2024-05-30 17:45:00+03:00,15.770000457763672,15.8100004196167,15.760000228881836,15.800000190734863,15.800000190734863,2896461.0
2024-05-30 17:50:00+03:00,15.800000190734863,15.850000381469727,15.800000190734863,15.84000015258789,15.84000015258789,4350061.0
2024-05-30 17:55:00+03:00,15.829999923706055,15.890000343322754,15.8100004196167,15.8100004196167,15.8100004196167,13288240.0
2024-05-31 09:55:00+03:00,15.90999984741211,15.90999984741211,15.90999984741211,15.90999984741211,15.90999984741211,0.0
2024-05-31 10:00:00+03:00,15.90999984741211,15.989999771118164,15.90999984741211,15.920000076293945,15.920000076293945,14989984.0
2024-05-31 10:05:00+03:00,15.920000076293945,15.979999542236328,15.880000114440918,15.970000267028809,15.970000267028809,14550399.0
2024-05-31 10:10:00+03:00,15.970000267028809,16.280000686645508,15.970000267028809,16.219999313354492,16.219999313354492,27563398.0
2024-05-31 10:15:00+03:00,16.209999084472656,16.260000228881836,16.15999984741211,16.229999542236328,16.229999542236328,12236302.0
2024-05-31 10:20:00+03:00,16.229999542236328,16.290000915527344,16.209999084472656,16.219999313354492,16.219999313354492,16546472.0
2024-05-31 10:25:00+03:00,16.219999313354492,16.290000915527344,16.200000762939453,16.239999771118164,16.239999771118164,9751589.0
2024-05-31 10:30:00+03:00,16.239999771118164,16.280000686645508,16.200000762939453,16.280000686645508,16.280000686645508,5749803.0
2024-05-31 10:35:00+03:00,16.280000686645508,16.350000381469727,16.270000457763672,16.309999465942383,16.309999465942383,12899135.0
2024-05-31 10:40:00+03:00,16.309999465942383,16.329999923706055,16.280000686645508,16.309999465942383,16.309999465942383,6526525.0
2024-05-31 10:45:00+03:00,16.309999465942383,16.34000015258789,16.280000686645508,16.31999969482422,16.31999969482422,6336969.0
2024-05-31 10:50:00+03:00,16.309999465942383,16.3700008392334,16.299999237060547,16.3700008392334,16.3700008392334,7919745.0
2024-05-31 10:55:00+03:00,16.3700008392334,16.450000762939453,16.360000610351562,16.43000030517578,16.43000030517578,14451581.0
2024-05-31 11:00:00+03:00,16.43000030517578,16.510000228881836,16.43000030517578,16.479999542236328,16.479999542236328,12280350.0
2024-05-31 11:05:00+03:00,16.440000534057617,16.440000534057617,16.389999389648438,16.420000076293945,16.420000076293945,10013188.0
2024-05-31 11:10:00+03:00,16.43000030517578,16.459999084472656,16.40999984741211,16.440000534057617,16.440000534057617,4941541.0
2024-05-31 11:15:00+03:00,16.450000762939453,16.469999313354492,16.43000030517578,16.459999084472656,16.459999084472656,2798173.0
2024-05-31 11:20:00+03:00,16.459999084472656,16.479999542236328,16.40999984741211,16.420000076293945,16.420000076293945,5005888.0
2024-05-31 11:25:00+03:00,16.420000076293945,16.5,16.420000076293945,16.489999771118164,16.489999771118164,5649339.0
2024-05-31 11:30:00+03:00,16.489999771118164,16.540000915527344,16.469999313354492,16.479999542236328,16.479999542236328,9811622.0
2024-05-31 11:35:00+03:00,16.469999313354492,16.530000686645508,16.469999313354492,16.530000686645508,16.530000686645508,4630694.0
2024-05-31 11:40:00+03:00,16.530000686645508,16.549999237060547,16.5,16.510000228881836,16.510000228881836,6246127.0
2024-05-31 11:45:00+03:00,16.510000228881836,16.510000228881836,16.450000762939453,16.469999313354492,16.469999313354492,5179085.0
2024-05-31 11:50:00+03:00,16.469999313354492,16.489999771118164,16.299999237060547,16.299999237060547,16.299999237060547,16183422.0
2024-05-31 11:55:00+03:00,16.299999237060547,16.389999389648438,16.290000915527344,16.329999923706055,16.329999923706055,7391279.0
2024-05-31 12:00:00+03:00,16.329999923706055,16.34000015258789,16.290000915527344,16.299999237060547,16.299999237060547,5246652.0
2024-05-31 12:05:00+03:00,16.299999237060547,16.309999465942383,16.260000228881836,16.309999465942383,16.309999465942383,2356906.0
2024-05-31 12:10:00+03:00,16.309999465942383,16.31999969482422,16.260000228881836,16.280000686645508,16.280000686645508,1811543.0
2024-05-31 12:15:00+03:00,16.270000457763672,16.280000686645508,16.190000534057617,16.200000762939453,16.200000762939453,4784869.0
2024-05-31 12:20:00+03:00,16.200000762939453,16.229999542236328,16.139999389648438,16.170000076293945,16.170000076293945,5527877.0
2024-05-31 12:25:00+03:00,16.170000076293945,16.200000762939453,16.139999389648438,16.149999618530273,16.149999618530273,5827587.0
2024-05-31 12:30:00+03:00,16.149999618530273,16.190000534057617,16.1200008392334,16.139999389648438,16.139999389648438,5982433.0
2024-05-31 12:35:00+03:00,16.149999618530273,16.149999618530273,16.110000610351562,16.139999389648438,16.139999389648438,2738198.0
2024-05-31 12:40:00+03:00,16.139999389648438,16.15999984741211,16.1299991607666,16.149999618530273,16.149999618530273,1951925.0
2024-05-31 12:45:00+03:00,16.149999618530273,16.149999618530273,16.06999969482422,16.079999923706055,16.079999923706055,4170757.0
2024-05-31 12:50:00+03:00,16.079999923706055,16.139999389648438,16.06999969482422,16.1299991607666,16.1299991607666,4444470.0
2024-05-31 12:55:00+03:00,16.1299991607666,16.139999389648438,16.079999923706055,16.1200008392334,16.1200008392334,5938356.0
2024-05-31 13:00:00+03:00,16.1200008392334,16.15999984741211,16.100000381469727,16.1299991607666,16.1299991607666,5925406.0
2024-05-31 13:05:00+03:00,16.139999389648438,16.15999984741211,16.1200008392334,16.139999389648438,16.139999389648438,2083080.0
2024-05-31 13:10:00+03:00,16.1299991607666,16.139999389648438,16.100000381469727,16.1200008392334,16.1200008392334,4014936.0
2024-05-31 13:15:00+03:00,16.110000610351562,16.1299991607666,16.100000381469727,16.1200008392334,16.1200008392334,1515200.0
2024-05-31 13:20:00+03:00,16.1200008392334,16.1299991607666,16.100000381469727,16.1299991607666,16.1299991607666,2077115.0
2024-05-31 13:25:00+03:00,16.1299991607666,16.15999984741211,16.1200008392334,16.15999984741211,16.15999984741211,1714338.0
2024-05-31 13:30:00+03:00,16.15999984741211,16.25,16.15999984741211,16.239999771118164,16.239999771118164,11840469.0
2024-05-31 13:35:00+03:00,16.229999542236328,16.280000686645508,16.209999084472656,16.229999542236328,16.229999542236328,8893129.0
2024-05-31 13:40:00+03:00,16.219999313354492,16.260000228881836,16.190000534057617,16.219999313354492,16.219999313354492,5722058.0
2024-05-31 13:45:00+03:00,16.219999313354492,16.239999771118164,16.209999084472656,16.229999542236328,16.229999542236328,2025474.0
2024-05-31 13:50:00+03:00,16.219999313354492,16.239999771118164,16.190000534057617,16.200000762939453,16.200000762939453,4224733.0
2024-05-31 13:55:00+03:00,16.190000534057617,16.229999542236328,16.170000076293945,16.18000030517578,16.18000030517578,5458039.0
2024-05-31 14:00:00+03:00,16.18000030517578,16.190000534057617,16.139999389648438,16.149999618530273,16.149999618530273,2787612.0
2024-05-31 14:05:00+03:00,16.139999389648438,16.18000030517578,16.1299991607666,16.149999618530273,16.149999618530273,2186657.0
2024-05-31 14:10:00+03:00,16.149999618530273,16.18000030517578,16.139999389648438,16.149999618530273,16.149999618530273,3679897.0
2024-05-31 14:15:00+03:00,16.149999618530273,16.18000030517578,16.139999389648438,16.149999618530273,16.149999618530273,1910724.0
2024-05-31 14:20:00+03:00,16.15999984741211,16.15999984741211,16.1299991607666,16.139999389648438,16.139999389648438,1992840.0
2024-05-31 14:25:00+03:00,16.139999389648438,16.15999984741211,16.1200008392334,16.149999618530273,16.149999618530273,1398529.0
2024-05-31 14:30:00+03:00,16.149999618530273,16.149999618530273,16.1299991607666,16.149999618530273,16.149999618530273,1004497.0
2024-05-31 14:35:00+03:00,16.149999618530273,16.149999618530273,16.09000015258789,16.100000381469727,16.100000381469727,2566145.0
2024-05-31 14:40:00+03:00,16.100000381469727,16.110000610351562,16.079999923706055,16.100000381469727,16.100000381469727,2060767.0
2024-05-31 14:45:00+03:00,16.09000015258789,16.100000381469727,16.059999465942383,16.079999923706055,16.079999923706055,4164376.0
2024-05-31 14:50:00+03:00,16.06999969482422,16.100000381469727,16.049999237060547,16.09000015258789,16.09000015258789,6458788.0
2024-05-31 14:55:00+03:00,16.079999923706055,16.09000015258789,16.030000686645508,16.040000915527344,16.040000915527344,3350050.0
2024-05-31 15:00:00+03:00,16.040000915527344,16.06999969482422,16.010000228881836,16.030000686645508,16.030000686645508,5228800.0
2024-05-31 15:05:00+03:00,16.020000457763672,16.040000915527344,16.010000228881836,16.020000457763672,16.020000457763672,2286306.0
2024-05-31 15:10:00+03:00,16.020000457763672,16.049999237060547,16.010000228881836,16.049999237060547,16.049999237060547,1879535.0
2024-05-31 15:15:00+03:00,16.049999237060547,16.100000381469727,16.040000915527344,16.079999923706055,16.079999923706055,1925156.0
2024-05-31 15:20:00+03:00,16.079999923706055,16.079999923706055,16.040000915527344,16.079999923706055,16.079999923706055,1796181.0
2024-05-31 15:25:00+03:00,16.079999923706055,16.079999923706055,16.049999237060547,16.059999465942383,16.059999465942383,883788.0
2024-05-31 15:30:00+03:00,16.06999969482422,16.09000015258789,16.040000915527344,16.049999237060547,16.049999237060547,1307973.0
2024-05-31 15:35:00+03:00,16.049999237060547,16.09000015258789,16.010000228881836,16.09000015258789,16.09000015258789,2143985.0
2024-05-31 15:40:00+03:00,16.09000015258789,16.1200008392334,16.06999969482422,16.079999923706055,16.079999923706055,2544163.0
2024-05-31 15:45:00+03:00,16.09000015258789,16.110000610351562,16.06999969482422,16.079999923706055,16.079999923706055,2244820.0
2024-05-31 15:50:00+03:00,16.09000015258789,16.09000015258789,16.020000457763672,16.020000457763672,16.020000457763672,2023626.0
2024-05-31 15:55:00+03:00,16.020000457763672,16.049999237060547,15.960000038146973,15.970000267028809,15.970000267028809,6824595.0
2024-05-31 16:00:00+03:00,15.960000038146973,15.970000267028809,15.899999618530273,15.920000076293945,15.920000076293945,7137124.0
2024-05-31 16:05:00+03:00,15.920000076293945,15.949999809265137,15.880000114440918,15.930000305175781,15.930000305175781,5101239.0
2024-05-31 16:10:00+03:00,15.920000076293945,15.960000038146973,15.899999618530273,15.9399995803833,15.9399995803833,5516190.0
2024-05-31 16:15:00+03:00,15.9399995803833,15.9399995803833,15.880000114440918,15.890000343322754,15.890000343322754,4101576.0
2024-05-31 16:20:00+03:00,15.890000343322754,15.920000076293945,15.859999656677246,15.890000343322754,15.890000343322754,4502196.0
2024-05-31 16:25:00+03:00,15.890000343322754,15.920000076293945,15.869999885559082,15.890000343322754,15.890000343322754,3874066.0
2024-05-31 16:30:00+03:00,15.899999618530273,16.020000457763672,15.890000343322754,16.010000228881836,16.010000228881836,6285369.0
2024-05-31 16:35:00+03:00,16.010000228881836,16.049999237060547,15.989999771118164,16.0,16.0,5402330.0
2024-05-31 16:40:00+03:00,16.0,16.040000915527344,16.0,16.020000457763672,16.020000457763672,2085551.0
2024-05-31 16:45:00+03:00,16.020000457763672,16.049999237060547,15.979999542236328,15.989999771118164,15.989999771118164,2922064.0
2024-05-31 16:50:00+03:00,15.989999771118164,16.030000686645508,15.970000267028809,16.020000457763672,16.020000457763672,1799984.0
2024-05-31 16:55:00+03:00,16.020000457763672,16.030000686645508,15.970000267028809,15.989999771118164,15.989999771118164,4034183.0
2024-05-31 17:00:00+03:00,15.989999771118164,16.010000228881836,15.960000038146973,15.979999542236328,15.979999542236328,3642702.0
2024-05-31 17:05:00+03:00,15.970000267028809,16.020000457763672,15.970000267028809,16.020000457763672,16.020000457763672,3019509.0
2024-05-31 17:10:00+03:00,16.020000457763672,16.020000457763672,15.979999542236328,16.010000228881836,16.010000228881836,2228274.0
2024-05-31 17:15:00+03:00,16.010000228881836,16.040000915527344,15.9399995803833,15.949999809265137,15.949999809265137,4401852.0
2024-05-31 17:20:00+03:00,15.949999809265137,15.979999542236328,15.899999618530273,15.90999984741211,15.90999984741211,4693492.0
2024-05-31 17:25:00+03:00,15.899999618530273,15.949999809265137,15.899999618530273,15.949999809265137,15.949999809265137,3690248.0
2024-05-31 17:30:00+03:00,15.949999809265137,15.979999542236328,15.930000305175781,15.979999542236328,15.979999542236328,3806905.0
2024-05-31 17:35:00+03:00,15.979999542236328,16.0,15.9399995803833,15.949999809265137,15.949999809265137,3202548.0
2024-05-31 17:40:00+03:00,15.949999809265137,15.970000267028809,15.90999984741211,15.920000076293945,15.920000076293945,4722957.0
2024-05-31 17:45:00+03:00,15.920000076293945,15.9399995803833,15.890000343322754,15.930000305175781,15.930000305175781,5649511.0
2024-05-31 17:50:00+03:00,15.930000305175781,15.960000038146973,15.90999984741211,15.960000038146973,15.960000038146973,3557919.0
2024-05-31 17:55:00+03:00,15.949999809265137,16.059999465942383,15.949999809265137,16.059999465942383,16.059999465942383,10569484.0
2024-06-03 09:55:00+03:00,16.239999771118164,16.239999771118164,16.239999771118164,16.239999771118164,16.239999771118164,0.0
2024-06-03 10:00:00+03:00,16.239999771118164,16.309999465942383,16.15999984741211,16.229999542236328,16.229999542236328,17729565.0
2024-06-03 10:05:00+03:00,16.229999542236328,16.329999923706055,16.209999084472656,16.290000915527344,16.290000915527344,12692861.0
2024-06-03 10:10:00+03:00,16.290000915527344,16.299999237060547,16.079999923706055,16.09000015258789,16.09000015258789,21610002.0
2024-06-03 10:15:00+03:00,16.09000015258789,16.09000015258789,15.930000305175781,15.9399995803833,15.9399995803833,9152398.0
2024-06-03 10:20:00+03:00,15.930000305175781,15.970000267028809,15.880000114440918,15.890000343322754,15.890000343322754,6652642.0
2024-06-03 10:25:00+03:00,15.880000114440918,15.890000343322754,15.779999732971191,15.8100004196167,15.8100004196167,9518659.0
2024-06-03 10:30:00+03:00,15.8100004196167,15.84000015258789,15.710000038146973,15.720000267028809,15.720000267028809,9985175.0
2024-06-03 10:35:00+03:00,15.710000038146973,15.859999656677246,15.6899995803833,15.84000015258789,15.84000015258789,11716081.0
2024-06-03 10:40:00+03:00,15.850000381469727,15.880000114440918,15.8100004196167,15.859999656677246,15.859999656677246,9370149.0
2024-06-03 10:45:00+03:00,15.859999656677246,15.9399995803833,15.819999694824219,15.869999885559082,15.869999885559082,7563243.0
2024-06-03 10:50:00+03:00,15.869999885559082,15.920000076293945,15.84000015258789,15.90999984741211,15.90999984741211,4639878.0
2024-06-03 10:55:00+03:00,15.90999984741211,15.960000038146973,15.890000343322754,15.930000305175781,15.930000305175781,4677251.0
2024-06-03 11:00:00+03:00,15.930000305175781,15.9399995803833,15.890000343322754,15.9399995803833,15.9399995803833,2134875.0
2024-06-03 11:05:00+03:00,15.930000305175781,15.989999771118164,15.930000305175781,15.9399995803833,15.9399995803833,5764438.0
2024-06-03 11:10:00+03:00,15.9399995803833,16.06999969482422,15.9399995803833,16.010000228881836,16.010000228881836,9523143.0
2024-06-03 11:15:00+03:00,16.010000228881836,16.030000686645508,15.960000038146973,16.0,16.0,5335531.0
2024-06-03 11:20:00+03:00,16.0,16.020000457763672,15.949999809265137,15.960000038146973,15.960000038146973,3172517.0
2024-06-03 11:25:00+03:00,15.960000038146973,15.979999542236328,15.899999618530273,15.920000076293945,15.920000076293945,3271981.0
2024-06-03 11:30:00+03:00,15.920000076293945,15.949999809265137,15.899999618530273,15.90999984741211,15.90999984741211,2187620.0
2024-06-03 11:35:00+03:00,15.90999984741211,16.020000457763672,15.899999618530273,16.0,16.0,3305151.0
2024-06-03 11:40:00+03:00,15.989999771118164,16.010000228881836,15.930000305175781,15.9399995803833,15.9399995803833,5453612.0
2024-06-03 11:45:00+03:00,15.9399995803833,15.949999809265137,15.899999618530273,15.920000076293945,15.920000076293945,2646608.0
2024-06-03 11:50:00+03:00,15.920000076293945,15.920000076293945,15.850000381469727,15.869999885559082,15.869999885559082,5089978.0
2024-06-03 11:55:00+03:00,15.859999656677246,15.90999984741211,15.850000381469727,15.90999984741211,15.90999984741211,1546838.0
2024-06-03 12:00:00+03:00,15.90999984741211,15.930000305175781,15.869999885559082,15.880000114440918,15.880000114440918,2406369.0
2024-06-03 12:05:00+03:00,15.890000343322754,15.899999618530273,15.859999656677246,15.880000114440918,15.880000114440918,994008.0
2024-06-03 12:10:00+03:00,15.890000343322754,15.890000343322754,15.859999656677246,15.890000343322754,15.890000343322754,904595.0
2024-06-03 12:15:00+03:00,15.890000343322754,15.899999618530273,15.869999885559082,15.890000343322754,15.890000343322754,684437.0
2024-06-03 12:20:00+03:00,15.890000343322754,15.890000343322754,15.829999923706055,15.850000381469727,15.850000381469727,2460348.0
2024-06-03 12:25:00+03:00,15.850000381469727,15.880000114440918,15.819999694824219,15.869999885559082,15.869999885559082,1845783.0
2024-06-03 12:30:00+03:00,15.869999885559082,15.890000343322754,15.859999656677246,15.880000114440918,15.880000114440918,1047259.0
2024-06-03 12:35:00+03:00,15.880000114440918,15.920000076293945,15.869999885559082,15.899999618530273,15.899999618530273,1512348.0
2024-06-03 12:40:00+03:00,15.899999618530273,15.970000267028809,15.880000114440918,15.970000267028809,15.970000267028809,2587291.0
2024-06-03 12:45:00+03:00,15.960000038146973,15.970000267028809,15.920000076293945,15.949999809265137,15.949999809265137,1907534.0
2024-06-03 12:50:00+03:00,15.949999809265137,15.960000038146973,15.920000076293945,15.930000305175781,15.930000305175781,2208510.0
2024-06-03 12:55:00+03:00,15.930000305175781,15.989999771118164,15.930000305175781,15.9399995803833,15.9399995803833,4641849.0
2024-06-03 13:00:00+03:00,15.930000305175781,15.949999809265137,15.899999618530273,15.920000076293945,15.920000076293945,1204539.0
2024-06-03 13:05:00+03:00,15.90999984741211,15.930000305175781,15.880000114440918,15.890000343322754,15.890000343322754,1682896.0
2024-06-03 13:10:00+03:00,15.880000114440918,15.899999618530273,15.859999656677246,15.880000114440918,15.880000114440918,965474.0
2024-06-03 13:15:00+03:00,15.890000343322754,15.890000343322754,15.869999885559082,15.880000114440918,15.880000114440918,464570.0
2024-06-03 13:20:00+03:00,15.890000343322754,15.920000076293945,15.869999885559082,15.90999984741211,15.90999984741211,903123.0
2024-06-03 13:25:00+03:00,15.90999984741211,15.949999809265137,15.899999618530273,15.920000076293945,15.920000076293945,1527508.0
2024-06-03 13:30:00+03:00,15.90999984741211,15.9399995803833,15.90999984741211,15.930000305175781,15.930000305175781,788156.0
2024-06-03 13:35:00+03:00,15.920000076293945,15.930000305175781,15.899999618530273,15.920000076293945,15.920000076293945,873240.0
2024-06-03 13:40:00+03:00,15.930000305175781,15.960000038146973,15.920000076293945,15.9399995803833,15.9399995803833,1809851.0
2024-06-03 13:45:00+03:00,15.9399995803833,15.960000038146973,15.9399995803833,15.949999809265137,15.949999809265137,1167126.0
2024-06-03 13:50:00+03:00,15.949999809265137,15.960000038146973,15.930000305175781,15.9399995803833,15.9399995803833,997412.0
2024-06-03 13:55:00+03:00,15.9399995803833,15.949999809265137,15.90999984741211,15.920000076293945,15.920000076293945,993446.0
2024-06-03 14:00:00+03:00,15.930000305175781,16.040000915527344,15.920000076293945,16.020000457763672,16.020000457763672,8423554.0
2024-06-03 14:05:00+03:00,16.020000457763672,16.059999465942383,15.989999771118164,16.030000686645508,16.030000686645508,7646986.0
2024-06-03 14:10:00+03:00,16.020000457763672,16.049999237060547,16.010000228881836,16.040000915527344,16.040000915527344,2889376.0
2024-06-03 14:15:00+03:00,16.030000686645508,16.040000915527344,15.970000267028809,15.979999542236328,15.979999542236328,2848561.0
2024-06-03 14:20:00+03:00,15.979999542236328,16.040000915527344,15.970000267028809,16.030000686645508,16.030000686645508,2130250.0
2024-06-03 14:25:00+03:00,16.030000686645508,16.06999969482422,16.0,16.020000457763672,16.020000457763672,5455793.0
2024-06-03 14:30:00+03:00,16.010000228881836,16.020000457763672,15.970000267028809,15.979999542236328,15.979999542236328,1562829.0
2024-06-03 14:35:00+03:00,15.979999542236328,15.989999771118164,15.960000038146973,15.979999542236328,15.979999542236328,2052897.0
2024-06-03 14:40:00+03:00,15.979999542236328,16.020000457763672,15.970000267028809,16.0,16.0,2177663.0
2024-06-03 14:45:00+03:00,15.989999771118164,16.0,15.930000305175781,15.949999809265137,15.949999809265137,3673827.0
2024-06-03 14:50:00+03:00,15.949999809265137,16.0,15.9399995803833,16.0,16.0,1199353.0
2024-06-03 14:55:00+03:00,15.989999771118164,16.1200008392334,15.989999771118164,16.100000381469727,16.100000381469727,10478192.0
2024-06-03 15:00:00+03:00,16.100000381469727,16.1299991607666,16.079999923706055,16.100000381469727,16.100000381469727,5392876.0
2024-06-03 15:05:00+03:00,16.100000381469727,16.170000076293945,16.06999969482422,16.15999984741211,16.15999984741211,5105106.0
2024-06-03 15:10:00+03:00,16.15999984741211,16.190000534057617,16.149999618530273,16.18000030517578,16.18000030517578,10887723.0
2024-06-03 15:15:00+03:00,16.190000534057617,16.239999771118164,16.170000076293945,16.200000762939453,16.200000762939453,11513075.0
2024-06-03 15:20:00+03:00,16.200000762939453,16.280000686645508,16.18000030517578,16.270000457763672,16.270000457763672,8745256.0
2024-06-03 15:25:00+03:00,16.270000457763672,16.299999237060547,16.260000228881836,16.299999237060547,16.299999237060547,14568478.0
2024-06-03 15:30:00+03:00,16.299999237060547,16.34000015258789,16.280000686645508,16.299999237060547,16.299999237060547,13305553.0
2024-06-03 15:35:00+03:00,16.299999237060547,16.399999618530273,16.290000915527344,16.389999389648438,16.389999389648438,10023209.0
2024-06-03 15:40:00+03:00,16.399999618530273,16.440000534057617,16.350000381469727,16.360000610351562,16.360000610351562,12939872.0
2024-06-03 15:45:00+03:00,16.3700008392334,16.389999389648438,16.350000381469727,16.3799991607666,16.3799991607666,3830831.0
2024-06-03 15:50:00+03:00,16.3799991607666,16.399999618530273,16.360000610351562,16.389999389648438,16.389999389648438,2713234.0
2024-06-03 15:55:00+03:00,16.389999389648438,16.399999618530273,16.350000381469727,16.389999389648438,16.389999389648438,3983415.0
2024-06-03 16:00:00+03:00,16.389999389648438,16.40999984741211,16.360000610351562,16.360000610351562,16.360000610351562,7850678.0
2024-06-03 16:05:00+03:00,16.3700008392334,16.40999984741211,16.360000610351562,16.399999618530273,16.399999618530273,3323020.0
2024-06-03 16:10:00+03:00,16.399999618530273,16.43000030517578,16.389999389648438,16.399999618530273,16.399999618530273,5518177.0
2024-06-03 16:15:00+03:00,16.399999618530273,16.40999984741211,16.25,16.260000228881836,16.260000228881836,7603773.0
2024-06-03 16:20:00+03:00,16.260000228881836,16.270000457763672,16.219999313354492,16.239999771118164,16.239999771118164,5000189.0
2024-06-03 16:25:00+03:00,16.239999771118164,16.270000457763672,16.229999542236328,16.239999771118164,16.239999771118164,2852311.0
2024-06-03 16:30:00+03:00,16.25,16.299999237060547,16.239999771118164,16.260000228881836,16.260000228881836,3759900.0
2024-06-03 16:35:00+03:00,16.260000228881836,16.270000457763672,16.200000762939453,16.219999313354492,16.219999313354492,5605868.0
2024-06-03 16:40:00+03:00,16.219999313354492,16.229999542236328,16.1200008392334,16.139999389648438,16.139999389648438,4888803.0
2024-06-03 16:45:00+03:00,16.1299991607666,16.149999618530273,16.06999969482422,16.100000381469727,16.100000381469727,4212763.0
2024-06-03 16:50:00+03:00,16.09000015258789,16.139999389648438,16.079999923706055,16.1200008392334,16.1200008392334,3806062.0
2024-06-03 16:55:00+03:00,16.1200008392334,16.149999618530273,16.09000015258789,16.1200008392334,16.1200008392334,2548208.0
2024-06-03 17:00:00+03:00,16.1299991607666,16.15999984741211,16.100000381469727,16.149999618530273,16.149999618530273,3554811.0
2024-06-03 17:05:00+03:00,16.139999389648438,16.239999771118164,16.1299991607666,16.219999313354492,16.219999313354492,4651949.0
2024-06-03 17:10:00+03:00,16.219999313354492,16.25,16.209999084472656,16.239999771118164,16.239999771118164,3697370.0
2024-06-03 17:15:00+03:00,16.239999771118164,16.299999237060547,16.229999542236328,16.270000457763672,16.270000457763672,5390098.0
2024-06-03 17:20:00+03:00,16.270000457763672,16.299999237060547,16.200000762939453,16.209999084472656,16.209999084472656,4918402.0
2024-06-03 17:25:00+03:00,16.219999313354492,16.299999237060547,16.209999084472656,16.299999237060547,16.299999237060547,4094858.0
2024-06-03 17:30:00+03:00,16.299999237060547,16.34000015258789,16.25,16.329999923706055,16.329999923706055,6508171.0
2024-06-03 17:35:00+03:00,16.329999923706055,16.360000610351562,16.31999969482422,16.350000381469727,16.350000381469727,5609405.0
2024-06-03 17:40:00+03:00,16.350000381469727,16.420000076293945,16.350000381469727,16.3799991607666,16.3799991607666,7985684.0
2024-06-03 17:45:00+03:00,16.3799991607666,16.40999984741211,16.329999923706055,16.3700008392334,16.3700008392334,7547582.0
2024-06-03 17:50:00+03:00,16.3799991607666,16.510000228881836,16.350000381469727,16.489999771118164,16.489999771118164,11899382.0
2024-06-03 17:55:00+03:00,16.489999771118164,16.510000228881836,16.459999084472656,16.479999542236328,16.479999542236328,8880057.0
2024-06-04 09:55:00+03:00,16.5,16.5,16.5,16.5,16.5,0.0
2024-06-04 10:00:00+03:00,16.5,16.600000381469727,16.459999084472656,16.510000228881836,16.510000228881836,21878886.0
2024-06-04 10:05:00+03:00,16.510000228881836,16.59000015258789,16.420000076293945,16.59000015258789,16.59000015258789,15689957.0
2024-06-04 10:10:00+03:00,16.579999923706055,16.59000015258789,16.450000762939453,16.479999542236328,16.479999542236328,10528591.0
2024-06-04 10:15:00+03:00,16.469999313354492,16.549999237060547,16.43000030517578,16.510000228881836,16.510000228881836,6696436.0
2024-06-04 10:20:00+03:00,16.520000457763672,16.520000457763672,16.469999313354492,16.510000228881836,16.510000228881836,3950352.0
2024-06-04 10:25:00+03:00,16.5,16.56999969482422,16.5,16.520000457763672,16.520000457763672,5674489.0
2024-06-04 10:30:00+03:00,16.510000228881836,16.520000457763672,16.43000030517578,16.459999084472656,16.459999084472656,7100820.0
2024-06-04 10:35:00+03:00,16.459999084472656,16.520000457763672,16.450000762939453,16.450000762939453,16.450000762939453,5155554.0
2024-06-04 10:40:00+03:00,16.450000762939453,16.479999542236328,16.450000762939453,16.459999084472656,16.459999084472656,3841832.0
2024-06-04 10:45:00+03:00,16.459999084472656,16.479999542236328,16.43000030517578,16.440000534057617,16.440000534057617,5285909.0
2024-06-04 10:50:00+03:00,16.440000534057617,16.469999313354492,16.43000030517578,16.459999084472656,16.459999084472656,2173698.0
2024-06-04 10:55:00+03:00,16.459999084472656,16.459999084472656,16.399999618530273,16.420000076293945,16.420000076293945,4142428.0
2024-06-04 11:00:00+03:00,16.43000030517578,16.43000030517578,16.40999984741211,16.420000076293945,16.420000076293945,2419224.0
2024-06-04 11:05:00+03:00,16.40999984741211,16.43000030517578,16.399999618530273,16.40999984741211,16.40999984741211,2225390.0
2024-06-04 11:10:00+03:00,16.40999984741211,16.43000030517578,16.399999618530273,16.420000076293945,16.420000076293945,2305883.0
2024-06-04 11:15:00+03:00,16.420000076293945,16.489999771118164,16.40999984741211,16.479999542236328,16.479999542236328,3665620.0
2024-06-04 11:20:00+03:00,16.489999771118164,16.489999771118164,16.459999084472656,16.479999542236328,16.479999542236328,2330220.0
2024-06-04 11:25:00+03:00,16.479999542236328,16.549999237060547,16.469999313354492,16.549999237060547,16.549999237060547,4619486.0
2024-06-04 11:30:00+03:00,16.549999237060547,16.6299991607666,16.5,16.510000228881836,16.510000228881836,11287782.0
2024-06-04 11:35:00+03:00,16.520000457763672,16.549999237060547,16.5,16.549999237060547,16.549999237060547,3342907.0
2024-06-04 11:40:00+03:00,16.540000915527344,16.559999465942383,16.520000457763672,16.540000915527344,16.540000915527344,6334927.0
2024-06-04 11:45:00+03:00,16.540000915527344,16.549999237060547,16.530000686645508,16.549999237060547,16.549999237060547,1356765.0
2024-06-04 11:50:00+03:00,16.549999237060547,16.559999465942383,16.530000686645508,16.559999465942383,16.559999465942383,3214757.0
2024-06-04 11:55:00+03:00,16.559999465942383,16.579999923706055,16.549999237060547,16.559999465942383,16.559999465942383,2936472.0
2024-06-04 12:00:00+03:00,16.549999237060547,16.56999969482422,16.540000915527344,16.559999465942383,16.559999465942383,1812076.0
2024-06-04 12:05:00+03:00,16.559999465942383,16.559999465942383,16.530000686645508,16.540000915527344,16.540000915527344,1562186.0
2024-06-04 12:10:00+03:00,16.540000915527344,16.56999969482422,16.530000686645508,16.56999969482422,16.56999969482422,1302955.0
2024-06-04 12:15:00+03:00,16.56999969482422,16.600000381469727,16.540000915527344,16.59000015258789,16.59000015258789,3485277.0
2024-06-04 12:20:00+03:00,16.59000015258789,16.600000381469727,16.559999465942383,16.56999969482422,16.56999969482422,1887590.0
2024-06-04 12:25:00+03:00,16.56999969482422,16.579999923706055,16.549999237060547,16.56999969482422,16.56999969482422,3159854.0
2024-06-04 12:30:00+03:00,16.56999969482422,16.65999984741211,16.56999969482422,16.610000610351562,16.610000610351562,10772421.0
2024-06-04 12:35:00+03:00,16.610000610351562,16.6299991607666,16.59000015258789,16.610000610351562,16.610000610351562,3190842.0
2024-06-04 12:40:00+03:00,16.600000381469727,16.6200008392334,16.56999969482422,16.59000015258789,16.59000015258789,1843297.0
2024-06-04 12:45:00+03:00,16.59000015258789,16.610000610351562,16.579999923706055,16.600000381469727,16.600000381469727,1169880.0
2024-06-04 12:50:00+03:00,16.59000015258789,16.610000610351562,16.559999465942383,16.610000610351562,16.610000610351562,1135133.0
2024-06-04 12:55:00+03:00,16.610000610351562,16.6200008392334,16.59000015258789,16.59000015258789,16.59000015258789,1399537.0
2024-06-04 13:00:00+03:00,16.59000015258789,16.6200008392334,16.59000015258789,16.610000610351562,16.610000610351562,1456816.0
2024-06-04 13:05:00+03:00,16.610000610351562,16.6200008392334,16.56999969482422,16.59000015258789,16.59000015258789,1073302.0
2024-06-04 13:10:00+03:00,16.59000015258789,16.610000610351562,16.579999923706055,16.600000381469727,16.600000381469727,1036971.0
2024-06-04 13:15:00+03:00,16.600000381469727,16.6200008392334,16.59000015258789,16.600000381469727,16.600000381469727,1028675.0
2024-06-04 13:20:00+03:00,16.600000381469727,16.600000381469727,16.579999923706055,16.600000381469727,16.600000381469727,852230.0
2024-06-04 13:25:00+03:00,16.600000381469727,16.610000610351562,16.56999969482422,16.600000381469727,16.600000381469727,1621681.0
2024-06-04 13:30:00+03:00,16.600000381469727,16.600000381469727,16.540000915527344,16.540000915527344,16.540000915527344,2241128.0
2024-06-04 13:35:00+03:00,16.549999237060547,16.549999237060547,16.440000534057617,16.459999084472656,16.459999084472656,4856058.0
2024-06-04 13:40:00+03:00,16.459999084472656,16.469999313354492,16.40999984741211,16.40999984741211,16.40999984741211,3957869.0
2024-06-04 13:45:00+03:00,16.40999984741211,16.440000534057617,16.399999618530273,16.40999984741211,16.40999984741211,3829648.0
2024-06-04 13:50:00+03:00,16.40999984741211,16.420000076293945,16.3700008392334,16.420000076293945,16.420000076293945,6535179.0
2024-06-04 13:55:00+03:00,16.420000076293945,16.420000076293945,16.34000015258789,16.389999389648438,16.389999389648438,6184419.0
2024-06-04 14:00:00+03:00,16.399999618530273,16.399999618530273,16.350000381469727,16.360000610351562,16.360000610351562,3152881.0
2024-06-04 14:05:00+03:00,16.3700008392334,16.399999618530273,16.350000381469727,16.3700008392334,16.3700008392334,2702990.0
2024-06-04 14:10:00+03:00,16.3700008392334,16.399999618530273,16.350000381469727,16.389999389648438,16.389999389648438,3336480.0
2024-06-04 14:15:00+03:00,16.389999389648438,16.40999984741211,16.3799991607666,16.389999389648438,16.389999389648438,1915705.0
2024-06-04 14:20:00+03:00,16.389999389648438,16.389999389648438,16.290000915527344,16.309999465942383,16.309999465942383,5861871.0
2024-06-04 14:25:00+03:00,16.299999237060547,16.34000015258789,16.290000915527344,16.31999969482422,16.31999969482422,3574162.0
2024-06-04 14:30:00+03:00,16.309999465942383,16.34000015258789,16.299999237060547,16.31999969482422,16.31999969482422,2524201.0
2024-06-04 14:35:00+03:00,16.31999969482422,16.34000015258789,16.299999237060547,16.34000015258789,16.34000015258789,3161221.0
2024-06-04 14:40:00+03:00,16.329999923706055,16.389999389648438,16.31999969482422,16.3799991607666,16.3799991607666,1586788.0
2024-06-04 14:45:00+03:00,16.3799991607666,16.389999389648438,16.350000381469727,16.360000610351562,16.360000610351562,1852985.0
2024-06-04 14:50:00+03:00,16.360000610351562,16.360000610351562,16.329999923706055,16.350000381469727,16.350000381469727,1356901.0
2024-06-04 14:55:00+03:00,16.34000015258789,16.3799991607666,16.31999969482422,16.360000610351562,16.360000610351562,2440001.0
2024-06-04 15:00:00+03:00,16.350000381469727,16.389999389648438,16.31999969482422,16.329999923706055,16.329999923706055,3456618.0
2024-06-04 15:05:00+03:00,16.329999923706055,16.350000381469727,16.309999465942383,16.329999923706055,16.329999923706055,2750070.0
2024-06-04 15:10:00+03:00,16.329999923706055,16.34000015258789,16.290000915527344,16.299999237060547,16.299999237060547,4049560.0
2024-06-04 15:15:00+03:00,16.299999237060547,16.309999465942383,16.25,16.270000457763672,16.270000457763672,3485538.0
2024-06-04 15:20:00+03:00,16.260000228881836,16.299999237060547,16.239999771118164,16.280000686645508,16.280000686645508,3780569.0
2024-06-04 15:25:00+03:00,16.280000686645508,16.290000915527344,16.25,16.270000457763672,16.270000457763672,4047536.0
2024-06-04 15:30:00+03:00,16.270000457763672,16.280000686645508,16.25,16.260000228881836,16.260000228881836,2310596.0
2024-06-04 15:35:00+03:00,16.260000228881836,16.270000457763672,16.25,16.260000228881836,16.260000228881836,900096.0
2024-06-04 15:40:00+03:00,16.260000228881836,16.270000457763672,16.25,16.25,16.25,1369589.0
2024-06-04 15:45:00+03:00,16.25,16.299999237060547,16.25,16.280000686645508,16.280000686645508,2722970.0
2024-06-04 15:50:00+03:00,16.280000686645508,16.290000915527344,16.25,16.260000228881836,16.260000228881836,1176586.0
2024-06-04 15:55:00+03:00,16.260000228881836,16.270000457763672,16.25,16.270000457763672,16.270000457763672,2285069.0
2024-06-04 16:00:00+03:00,16.270000457763672,16.299999237060547,16.170000076293945,16.190000534057617,16.190000534057617,7595802.0
2024-06-04 16:05:00+03:00,16.190000534057617,16.229999542236328,16.18000030517578,16.209999084472656,16.209999084472656,3513416.0
2024-06-04 16:10:00+03:00,16.200000762939453,16.239999771118164,16.18000030517578,16.219999313354492,16.219999313354492,5372443.0
2024-06-04 16:15:00+03:00,16.209999084472656,16.239999771118164,16.190000534057617,16.209999084472656,16.209999084472656,3617716.0
2024-06-04 16:20:00+03:00,16.219999313354492,16.239999771118164,16.200000762939453,16.229999542236328,16.229999542236328,1849699.0
2024-06-04 16:25:00+03:00,16.229999542236328,16.239999771118164,16.209999084472656,16.239999771118164,16.239999771118164,2003703.0
2024-06-04 16:30:00+03:00,16.229999542236328,16.239999771118164,16.200000762939453,16.200000762939453,16.200000762939453,2240540.0
2024-06-04 16:35:00+03:00,16.200000762939453,16.280000686645508,16.200000762939453,16.239999771118164,16.239999771118164,3450483.0
2024-06-04 16:40:00+03:00,16.25,16.329999923706055,16.239999771118164,16.31999969482422,16.31999969482422,5384057.0
2024-06-04 16:45:00+03:00,16.309999465942383,16.34000015258789,16.299999237060547,16.329999923706055,16.329999923706055,3737983.0
2024-06-04 16:50:00+03:00,16.329999923706055,16.399999618530273,16.31999969482422,16.360000610351562,16.360000610351562,5952469.0
2024-06-04 16:55:00+03:00,16.3700008392334,16.389999389648438,16.31999969482422,16.31999969482422,16.31999969482422,5820499.0
2024-06-04 17:00:00+03:00,16.329999923706055,16.350000381469727,16.309999465942383,16.329999923706055,16.329999923706055,3242452.0
2024-06-04 17:05:00+03:00,16.329999923706055,16.350000381469727,16.31999969482422,16.350000381469727,16.350000381469727,1961396.0
2024-06-04 17:10:00+03:00,16.34000015258789,16.350000381469727,16.290000915527344,16.34000015258789,16.34000015258789,3361627.0
2024-06-04 17:15:00+03:00,16.329999923706055,16.360000610351562,16.31999969482422,16.34000015258789,16.34000015258789,3895291.0
2024-06-04 17:20:00+03:00,16.34000015258789,16.360000610351562,16.290000915527344,16.299999237060547,16.299999237060547,2828983.0
2024-06-04 17:25:00+03:00,16.299999237060547,16.31999969482422,16.270000457763672,16.270000457763672,16.270000457763672,2964089.0
2024-06-04 17:30:00+03:00,16.270000457763672,16.31999969482422,16.25,16.270000457763672,16.270000457763672,5260831.0
2024-06-04 17:35:00+03:00,16.270000457763672,16.31999969482422,16.270000457763672,16.270000457763672,16.270000457763672,3146424.0
2024-06-04 17:40:00+03:00,16.280000686645508,16.299999237060547,16.190000534057617,16.200000762939453,16.200000762939453,6354235.0
2024-06-04 17:45:00+03:00,16.200000762939453,16.209999084472656,16.100000381469727,16.139999389648438,16.139999389648438,7391948.0
2024-06-04 17:50:00+03:00,16.149999618530273,16.190000534057617,16.0,16.030000686645508,16.030000686645508,11081753.0
2024-06-04 17:55:00+03:00,15.979999542236328,15.989999771118164,15.90999984741211,15.960000038146973,15.960000038146973,8483549.0
2024-06-05 09:55:00+03:00,16.110000610351562,16.110000610351562,16.110000610351562,16.110000610351562,16.110000610351562,0.0
2024-06-05 10:00:00+03:00,16.110000610351562,16.25,16.079999923706055,16.100000381469727,16.100000381469727,21977291.0
2024-06-05 10:05:00+03:00,16.100000381469727,16.110000610351562,16.020000457763672,16.030000686645508,16.030000686645508,10225246.0
2024-06-05 10:10:00+03:00,16.020000457763672,16.040000915527344,15.890000343322754,15.960000038146973,15.960000038146973,12132791.0
2024-06-05 10:15:00+03:00,15.949999809265137,16.020000457763672,15.920000076293945,15.949999809265137,15.949999809265137,5803806.0
2024-06-05 10:20:00+03:00,15.970000267028809,15.979999542236328,15.850000381469727,15.859999656677246,15.859999656677246,6191801.0
2024-06-05 10:25:00+03:00,15.859999656677246,15.960000038146973,15.84000015258789,15.930000305175781,15.930000305175781,3050338.0
2024-06-05 10:30:00+03:00,15.920000076293945,15.9399995803833,15.84000015258789,15.869999885559082,15.869999885559082,3988688.0
2024-06-05 10:35:00+03:00,15.880000114440918,16.040000915527344,15.880000114440918,16.030000686645508,16.030000686645508,10567324.0
2024-06-05 10:40:00+03:00,16.040000915527344,16.040000915527344,15.930000305175781,15.960000038146973,15.960000038146973,4456855.0
2024-06-05 10:45:00+03:00,15.960000038146973,16.0,15.930000305175781,15.989999771118164,15.989999771118164,3313296.0
2024-06-05 10:50:00+03:00,15.989999771118164,16.040000915527344,15.930000305175781,16.040000915527344,16.040000915527344,3934616.0
2024-06-05 10:55:00+03:00,16.040000915527344,16.1299991607666,16.020000457763672,16.049999237060547,16.049999237060547,10076672.0
2024-06-05 11:00:00+03:00,16.049999237060547,16.110000610351562,16.030000686645508,16.079999923706055,16.079999923706055,3049807.0
2024-06-05 11:05:00+03:00,16.09000015258789,16.09000015258789,16.040000915527344,16.059999465942383,16.059999465942383,1901790.0
2024-06-05 11:10:00+03:00,16.059999465942383,16.09000015258789,16.040000915527344,16.059999465942383,16.059999465942383,2105552.0
2024-06-05 11:15:00+03:00,16.059999465942383,16.1200008392334,16.059999465942383,16.100000381469727,16.100000381469727,2282536.0
2024-06-05 11:20:00+03:00,16.100000381469727,16.1200008392334,16.079999923706055,16.100000381469727,16.100000381469727,2238308.0
2024-06-05 11:25:00+03:00,16.100000381469727,16.110000610351562,16.06999969482422,16.06999969482422,16.06999969482422,1958559.0
2024-06-05 11:30:00+03:00,16.06999969482422,16.09000015258789,16.059999465942383,16.079999923706055,16.079999923706055,790428.0
2024-06-05 11:35:00+03:00,16.079999923706055,16.079999923706055,16.049999237060547,16.079999923706055,16.079999923706055,2298804.0
2024-06-05 11:40:00+03:00,16.06999969482422,16.079999923706055,16.040000915527344,16.06999969482422,16.06999969482422,1543855.0
2024-06-05 11:45:00+03:00,16.059999465942383,16.06999969482422,15.989999771118164,16.0,16.0,4913964.0
2024-06-05 11:50:00+03:00,16.0,16.010000228881836,15.970000267028809,16.0,16.0,2908629.0
2024-06-05 11:55:00+03:00,15.989999771118164,15.989999771118164,15.9399995803833,15.9399995803833,15.9399995803833,4137839.0
2024-06-05 12:00:00+03:00,15.949999809265137,15.949999809265137,15.880000114440918,15.90999984741211,15.90999984741211,4095546.0
2024-06-05 12:05:00+03:00,15.90999984741211,15.949999809265137,15.899999618530273,15.920000076293945,15.920000076293945,1398682.0
2024-06-05 12:10:00+03:00,15.930000305175781,15.960000038146973,15.90999984741211,15.930000305175781,15.930000305175781,3485913.0
2024-06-05 12:15:00+03:00,15.9399995803833,16.020000457763672,15.930000305175781,16.0,16.0,3077196.0
2024-06-05 12:20:00+03:00,16.0,16.049999237060547,15.989999771118164,16.040000915527344,16.040000915527344,1818657.0
2024-06-05 12:25:00+03:00,16.040000915527344,16.049999237060547,16.010000228881836,16.020000457763672,16.020000457763672,3561439.0
2024-06-05 12:30:00+03:00,16.020000457763672,16.030000686645508,15.989999771118164,16.010000228881836,16.010000228881836,1618224.0
2024-06-05 12:35:00+03:00,16.010000228881836,16.040000915527344,15.989999771118164,16.030000686645508,16.030000686645508,1971403.0
2024-06-05 12:40:00+03:00,16.030000686645508,16.049999237060547,15.989999771118164,16.010000228881836,16.010000228881836,1033565.0
2024-06-05 12:45:00+03:00,16.010000228881836,16.020000457763672,15.979999542236328,16.0,16.0,1189269.0
2024-06-05 12:50:00+03:00,16.0,16.0,15.949999809265137,15.979999542236328,15.979999542236328,880530.0
2024-06-05 12:55:00+03:00,15.979999542236328,16.030000686645508,15.970000267028809,16.020000457763672,16.020000457763672,1221144.0
2024-06-05 13:00:00+03:00,16.020000457763672,16.100000381469727,16.0,16.079999923706055,16.079999923706055,4333587.0
2024-06-05 13:05:00+03:00,16.079999923706055,16.09000015258789,16.030000686645508,16.040000915527344,16.040000915527344,1382254.0
2024-06-05 13:10:00+03:00,16.049999237060547,16.079999923706055,16.040000915527344,16.049999237060547,16.049999237060547,1368953.0
2024-06-05 13:15:00+03:00,16.049999237060547,16.059999465942383,16.020000457763672,16.030000686645508,16.030000686645508,1421526.0
2024-06-05 13:20:00+03:00,16.030000686645508,16.030000686645508,15.979999542236328,16.0,16.0,1265744.0
2024-06-05 13:25:00+03:00,16.0,16.010000228881836,15.949999809265137,15.970000267028809,15.970000267028809,2575209.0
2024-06-05 13:30:00+03:00,15.979999542236328,15.979999542236328,15.949999809265137,15.970000267028809,15.970000267028809,1356400.0
2024-06-05 13:35:00+03:00,15.960000038146973,16.020000457763672,15.960000038146973,16.010000228881836,16.010000228881836,2793667.0
2024-06-05 13:40:00+03:00,16.010000228881836,16.010000228881836,15.960000038146973,15.970000267028809,15.970000267028809,2398961.0
2024-06-05 13:45:00+03:00,15.970000267028809,15.979999542236328,15.949999809265137,15.960000038146973,15.960000038146973,1322302.0
2024-06-05 13:50:00+03:00,15.960000038146973,15.960000038146973,15.920000076293945,15.960000038146973,15.960000038146973,2639914.0
2024-06-05 13:55:00+03:00,15.960000038146973,15.960000038146973,15.920000076293945,15.930000305175781,15.930000305175781,3113058.0
2024-06-05 14:00:00+03:00,15.930000305175781,15.949999809265137,15.920000076293945,15.930000305175781,15.930000305175781,1888683.0
2024-06-05 14:05:00+03:00,15.9399995803833,15.9399995803833,15.90999984741211,15.920000076293945,15.920000076293945,2222024.0
2024-06-05 14:10:00+03:00,15.920000076293945,15.930000305175781,15.890000343322754,15.90999984741211,15.90999984741211,2495361.0
2024-06-05 14:15:00+03:00,15.899999618530273,15.9399995803833,15.869999885559082,15.920000076293945,15.920000076293945,2738941.0
2024-06-05 14:20:00+03:00,15.920000076293945,15.920000076293945,15.859999656677246,15.869999885559082,15.869999885559082,4361146.0
2024-06-05 14:25:00+03:00,15.880000114440918,15.899999618530273,15.869999885559082,15.880000114440918,15.880000114440918,1139644.0
2024-06-05 14:30:00+03:00,15.890000343322754,15.899999618530273,15.869999885559082,15.890000343322754,15.890000343322754,1233852.0
2024-06-05 14:35:00+03:00,15.890000343322754,15.899999618530273,15.869999885559082,15.869999885559082,15.869999885559082,1282209.0
2024-06-05 14:40:00+03:00,15.880000114440918,15.890000343322754,15.869999885559082,15.890000343322754,15.890000343322754,810888.0
2024-06-05 14:45:00+03:00,15.890000343322754,15.949999809265137,15.869999885559082,15.949999809265137,15.949999809265137,2906352.0
2024-06-05 14:50:00+03:00,15.9399995803833,15.949999809265137,15.890000343322754,15.899999618530273,15.899999618530273,1026771.0
2024-06-05 14:55:00+03:00,15.90999984741211,15.90999984741211,15.890000343322754,15.899999618530273,15.899999618530273,740286.0
2024-06-05 15:00:00+03:00,15.899999618530273,15.90999984741211,15.859999656677246,15.890000343322754,15.890000343322754,2096737.0
2024-06-05 15:05:00+03:00,15.880000114440918,15.920000076293945,15.880000114440918,15.90999984741211,15.90999984741211,737491.0
2024-06-05 15:10:00+03:00,15.920000076293945,15.960000038146973,15.920000076293945,15.949999809265137,15.949999809265137,2582028.0
2024-06-05 15:15:00+03:00,15.949999809265137,16.0,15.930000305175781,15.960000038146973,15.960000038146973,3253507.0
2024-06-05 15:20:00+03:00,15.960000038146973,15.960000038146973,15.930000305175781,15.949999809265137,15.949999809265137,615528.0
2024-06-05 15:25:00+03:00,15.9399995803833,15.949999809265137,15.90999984741211,15.9399995803833,15.9399995803833,1084184.0
2024-06-05 15:30:00+03:00,15.930000305175781,15.970000267028809,15.90999984741211,15.960000038146973,15.960000038146973,1436522.0
2024-06-05 15:35:00+03:00,15.970000267028809,15.979999542236328,15.9399995803833,15.960000038146973,15.960000038146973,1157721.0
2024-06-05 15:40:00+03:00,15.960000038146973,15.970000267028809,15.930000305175781,15.960000038146973,15.960000038146973,975675.0
2024-06-05 15:45:00+03:00,15.960000038146973,15.970000267028809,15.930000305175781,15.949999809265137,15.949999809265137,661295.0
2024-06-05 15:50:00+03:00,15.949999809265137,15.960000038146973,15.930000305175781,15.9399995803833,15.9399995803833,907686.0
2024-06-05 15:55:00+03:00,15.9399995803833,15.949999809265137,15.920000076293945,15.930000305175781,15.930000305175781,1017684.0
2024-06-05 16:00:00+03:00,15.9399995803833,15.960000038146973,15.930000305175781,15.949999809265137,15.949999809265137,578799.0
2024-06-05 16:05:00+03:00,15.960000038146973,15.979999542236328,15.949999809265137,15.960000038146973,15.960000038146973,1212799.0
2024-06-05 16:10:00+03:00,15.960000038146973,16.1200008392334,15.949999809265137,16.049999237060547,16.049999237060547,14831702.0
2024-06-05 16:15:00+03:00,16.059999465942383,16.1200008392334,16.030000686645508,16.049999237060547,16.049999237060547,7343088.0
2024-06-05 16:20:00+03:00,16.049999237060547,16.100000381469727,15.989999771118164,16.010000228881836,16.010000228881836,5475694.0
2024-06-05 16:25:00+03:00,16.0,16.010000228881836,15.949999809265137,15.970000267028809,15.970000267028809,1941172.0
2024-06-05 16:30:00+03:00,15.960000038146973,15.970000267028809,15.869999885559082,15.899999618530273,15.899999618530273,6913169.0
2024-06-05 16:35:00+03:00,15.899999618530273,15.920000076293945,15.859999656677246,15.890000343322754,15.890000343322754,3838295.0
2024-06-05 16:40:00+03:00,15.890000343322754,15.9399995803833,15.850000381469727,15.930000305175781,15.930000305175781,3346441.0
2024-06-05 16:45:00+03:00,15.930000305175781,15.970000267028809,15.890000343322754,15.899999618530273,15.899999618530273,2382233.0
2024-06-05 16:50:00+03:00,15.90999984741211,15.949999809265137,15.890000343322754,15.930000305175781,15.930000305175781,1981318.0
2024-06-05 16:55:00+03:00,15.9399995803833,16.360000610351562,15.899999618530273,16.34000015258789,16.34000015258789,29325671.0
2024-06-05 17:00:00+03:00,16.329999923706055,16.40999984741211,16.139999389648438,16.270000457763672,16.270000457763672,26909779.0
2024-06-05 17:05:00+03:00,16.260000228881836,16.280000686645508,16.190000534057617,16.200000762939453,16.200000762939453,11987763.0
2024-06-05 17:10:00+03:00,16.200000762939453,16.200000762939453,15.970000267028809,15.989999771118164,15.989999771118164,13658237.0
2024-06-05 17:15:00+03:00,15.989999771118164,16.1200008392334,15.930000305175781,16.06999969482422,16.06999969482422,9165751.0
2024-06-05 17:20:00+03:00,16.059999465942383,16.09000015258789,16.030000686645508,16.049999237060547,16.049999237060547,4528794.0
2024-06-05 17:25:00+03:00,16.040000915527344,16.079999923706055,15.960000038146973,16.0,16.0,4464809.0
2024-06-05 17:30:00+03:00,16.0,16.059999465942383,15.970000267028809,16.049999237060547,16.049999237060547,4916904.0
2024-06-05 17:35:00+03:00,16.049999237060547,16.079999923706055,16.010000228881836,16.010000228881836,16.010000228881836,4342644.0
2024-06-05 17:40:00+03:00,16.010000228881836,16.079999923706055,16.010000228881836,16.040000915527344,16.040000915527344,4719167.0
2024-06-05 17:45:00+03:00,16.049999237060547,16.079999923706055,16.0,16.06999969482422,16.06999969482422,4435302.0
2024-06-05 17:50:00+03:00,16.06999969482422,16.079999923706055,15.989999771118164,15.989999771118164,15.989999771118164,4743704.0
2024-06-05 17:55:00+03:00,15.989999771118164,16.0,15.949999809265137,15.979999542236328,15.979999542236328,6605874.0
2024-06-06 09:55:00+03:00,16.139999389648438,16.139999389648438,16.139999389648438,16.139999389648438,16.139999389648438,0.0
2024-06-06 10:00:00+03:00,16.1299991607666,16.18000030517578,16.100000381469727,16.110000610351562,16.110000610351562,10822577.0
2024-06-06 10:05:00+03:00,16.100000381469727,16.139999389648438,16.09000015258789,16.1299991607666,16.1299991607666,7210130.0
2024-06-06 10:10:00+03:00,16.1299991607666,16.229999542236328,16.1200008392334,16.200000762939453,16.200000762939453,9013403.0
2024-06-06 10:15:00+03:00,16.190000534057617,16.200000762939453,16.149999618530273,16.170000076293945,16.170000076293945,3447878.0
2024-06-06 10:20:00+03:00,16.170000076293945,16.229999542236328,16.1299991607666,16.190000534057617,16.190000534057617,6820405.0
2024-06-06 10:25:00+03:00,16.18000030517578,16.229999542236328,16.18000030517578,16.200000762939453,16.200000762939453,2385841.0
2024-06-06 10:30:00+03:00,16.190000534057617,16.200000762939453,16.139999389648438,16.170000076293945,16.170000076293945,1698730.0
2024-06-06 10:35:00+03:00,16.170000076293945,16.18000030517578,16.149999618530273,16.15999984741211,16.15999984741211,1056827.0
2024-06-06 10:40:00+03:00,16.149999618530273,16.15999984741211,16.100000381469727,16.1200008392334,16.1200008392334,3506744.0
2024-06-06 10:45:00+03:00,16.1200008392334,16.139999389648438,16.100000381469727,16.1200008392334,16.1200008392334,1786263.0
2024-06-06 10:50:00+03:00,16.1200008392334,16.139999389648438,16.110000610351562,16.1299991607666,16.1299991607666,512785.0
2024-06-06 10:55:00+03:00,16.139999389648438,16.139999389648438,16.110000610351562,16.1299991607666,16.1299991607666,912984.0
2024-06-06 11:00:00+03:00,16.1299991607666,16.139999389648438,16.079999923706055,16.079999923706055,16.079999923706055,2075196.0
2024-06-06 11:05:00+03:00,16.09000015258789,16.1299991607666,16.06999969482422,16.1299991607666,16.1299991607666,2050744.0
2024-06-06 11:10:00+03:00,16.1200008392334,16.1299991607666,16.110000610351562,16.1200008392334,16.1200008392334,1040658.0
2024-06-06 11:15:00+03:00,16.1200008392334,16.1299991607666,16.079999923706055,16.09000015258789,16.09000015258789,1901371.0
2024-06-06 11:20:00+03:00,16.09000015258789,16.100000381469727,16.079999923706055,16.09000015258789,16.09000015258789,1080131.0
2024-06-06 11:25:00+03:00,16.079999923706055,16.110000610351562,16.079999923706055,16.100000381469727,16.100000381469727,561618.0
2024-06-06 11:30:00+03:00,16.09000015258789,16.1299991607666,16.09000015258789,16.1200008392334,16.1200008392334,2062844.0
2024-06-06 11:35:00+03:00,16.1200008392334,16.149999618530273,16.100000381469727,16.1299991607666,16.1299991607666,1782392.0
2024-06-06 11:40:00+03:00,16.139999389648438,16.139999389648438,16.110000610351562,16.1299991607666,16.1299991607666,1392178.0
2024-06-06 11:45:00+03:00,16.1200008392334,16.149999618530273,16.110000610351562,16.1299991607666,16.1299991607666,1667310.0
2024-06-06 11:50:00+03:00,16.1299991607666,16.139999389648438,16.110000610351562,16.1299991607666,16.1299991607666,1509401.0
2024-06-06 11:55:00+03:00,16.1299991607666,16.219999313354492,16.1299991607666,16.18000030517578,16.18000030517578,6407576.0
2024-06-06 12:00:00+03:00,16.18000030517578,16.190000534057617,16.15999984741211,16.18000030517578,16.18000030517578,1866312.0
2024-06-06 12:05:00+03:00,16.18000030517578,16.18000030517578,16.15999984741211,16.170000076293945,16.170000076293945,816780.0
2024-06-06 12:10:00+03:00,16.15999984741211,16.18000030517578,16.139999389648438,16.15999984741211,16.15999984741211,1059321.0
2024-06-06 12:15:00+03:00,16.170000076293945,16.200000762939453,16.15999984741211,16.18000030517578,16.18000030517578,1194702.0
2024-06-06 12:20:00+03:00,16.18000030517578,16.18000030517578,16.15999984741211,16.170000076293945,16.170000076293945,580017.0
2024-06-06 12:25:00+03:00,16.18000030517578,16.239999771118164,16.170000076293945,16.229999542236328,16.229999542236328,3785306.0
2024-06-06 12:30:00+03:00,16.229999542236328,16.34000015258789,16.229999542236328,16.299999237060547,16.299999237060547,12623085.0
2024-06-06 12:35:00+03:00,16.309999465942383,16.3700008392334,16.280000686645508,16.290000915527344,16.290000915527344,10728561.0
2024-06-06 12:40:00+03:00,16.290000915527344,16.299999237060547,16.260000228881836,16.270000457763672,16.270000457763672,3927642.0
2024-06-06 12:45:00+03:00,16.270000457763672,16.280000686645508,16.239999771118164,16.260000228881836,16.260000228881836,3073730.0
2024-06-06 12:50:00+03:00,16.270000457763672,16.280000686645508,16.209999084472656,16.229999542236328,16.229999542236328,1359527.0
2024-06-06 12:55:00+03:00,16.229999542236328,16.239999771118164,16.190000534057617,16.219999313354492,16.219999313354492,2109288.0
2024-06-06 13:00:00+03:00,16.219999313354492,16.219999313354492,16.190000534057617,16.200000762939453,16.200000762939453,1189063.0
2024-06-06 13:05:00+03:00,16.200000762939453,16.219999313354492,16.18000030517578,16.200000762939453,16.200000762939453,2179563.0
2024-06-06 13:10:00+03:00,16.200000762939453,16.219999313354492,16.200000762939453,16.219999313354492,16.219999313354492,821098.0
2024-06-06 13:15:00+03:00,16.219999313354492,16.219999313354492,16.190000534057617,16.219999313354492,16.219999313354492,757004.0
2024-06-06 13:20:00+03:00,16.209999084472656,16.219999313354492,16.190000534057617,16.209999084472656,16.209999084472656,632551.0
2024-06-06 13:25:00+03:00,16.209999084472656,16.209999084472656,16.18000030517578,16.18000030517578,16.18000030517578,814267.0
2024-06-06 13:30:00+03:00,16.18000030517578,16.200000762939453,16.170000076293945,16.18000030517578,16.18000030517578,1051850.0
2024-06-06 13:35:00+03:00,16.190000534057617,16.200000762939453,16.18000030517578,16.200000762939453,16.200000762939453,636459.0
2024-06-06 13:40:00+03:00,16.190000534057617,16.200000762939453,16.149999618530273,16.170000076293945,16.170000076293945,2356384.0
2024-06-06 13:45:00+03:00,16.18000030517578,16.18000030517578,16.15999984741211,16.18000030517578,16.18000030517578,266827.0
2024-06-06 13:50:00+03:00,16.18000030517578,16.18000030517578,16.149999618530273,16.15999984741211,16.15999984741211,897033.0
2024-06-06 13:55:00+03:00,16.170000076293945,16.18000030517578,16.149999618530273,16.170000076293945,16.170000076293945,1248584.0
2024-06-06 14:00:00+03:00,16.170000076293945,16.200000762939453,16.15999984741211,16.200000762939453,16.200000762939453,1546940.0
2024-06-06 14:05:00+03:00,16.200000762939453,16.239999771118164,16.190000534057617,16.229999542236328,16.229999542236328,2928359.0
2024-06-06 14:10:00+03:00,16.229999542236328,16.260000228881836,16.209999084472656,16.219999313354492,16.219999313354492,1296250.0
2024-06-06 14:15:00+03:00,16.219999313354492,16.229999542236328,16.209999084472656,16.209999084472656,16.209999084472656,1138921.0
2024-06-06 14:20:00+03:00,16.209999084472656,16.209999084472656,16.190000534057617,16.200000762939453,16.200000762939453,785813.0
2024-06-06 14:25:00+03:00,16.209999084472656,16.239999771118164,16.200000762939453,16.209999084472656,16.209999084472656,1334928.0
2024-06-06 14:30:00+03:00,16.219999313354492,16.219999313354492,16.190000534057617,16.209999084472656,16.209999084472656,1774751.0
2024-06-06 14:35:00+03:00,16.209999084472656,16.209999084472656,16.190000534057617,16.190000534057617,16.190000534057617,259605.0
2024-06-06 14:40:00+03:00,16.190000534057617,16.200000762939453,16.15999984741211,16.190000534057617,16.190000534057617,1483686.0
2024-06-06 14:45:00+03:00,16.18000030517578,16.190000534057617,16.170000076293945,16.170000076293945,16.170000076293945,489943.0
2024-06-06 14:50:00+03:00,16.18000030517578,16.190000534057617,16.15999984741211,16.170000076293945,16.170000076293945,1172978.0
2024-06-06 14:55:00+03:00,16.170000076293945,16.209999084472656,16.149999618530273,16.190000534057617,16.190000534057617,2552729.0
2024-06-06 15:00:00+03:00,16.200000762939453,16.200000762939453,16.190000534057617,16.200000762939453,16.200000762939453,129107.0
2024-06-06 15:05:00+03:00,16.200000762939453,16.200000762939453,16.18000030517578,16.18000030517578,16.18000030517578,437909.0
2024-06-06 15:10:00+03:00,16.190000534057617,16.190000534057617,16.170000076293945,16.190000534057617,16.190000534057617,599537.0
2024-06-06 15:15:00+03:00,16.190000534057617,16.190000534057617,16.149999618530273,16.170000076293945,16.170000076293945,945498.0
2024-06-06 15:20:00+03:00,16.170000076293945,16.18000030517578,16.15999984741211,16.170000076293945,16.170000076293945,595024.0
2024-06-06 15:25:00+03:00,16.170000076293945,16.200000762939453,16.15999984741211,16.190000534057617,16.190000534057617,874902.0
2024-06-06 15:30:00+03:00,16.190000534057617,16.200000762939453,16.139999389648438,16.149999618530273,16.149999618530273,2168878.0
2024-06-06 15:35:00+03:00,16.149999618530273,16.149999618530273,16.1200008392334,16.139999389648438,16.139999389648438,2217818.0
2024-06-06 15:40:00+03:00,16.149999618530273,16.149999618530273,16.100000381469727,16.110000610351562,16.110000610351562,3344754.0
2024-06-06 15:45:00+03:00,16.1200008392334,16.170000076293945,16.100000381469727,16.139999389648438,16.139999389648438,3194683.0
2024-06-06 15:50:00+03:00,16.1299991607666,16.15999984741211,16.1200008392334,16.1299991607666,16.1299991607666,1500261.0
2024-06-06 15:55:00+03:00,16.1299991607666,16.149999618530273,16.110000610351562,16.1299991607666,16.1299991607666,1144640.0
2024-06-06 16:00:00+03:00,16.1299991607666,16.139999389648438,16.110000610351562,16.1299991607666,16.1299991607666,1369371.0
2024-06-06 16:05:00+03:00,16.1299991607666,16.139999389648438,16.100000381469727,16.1200008392334,16.1200008392334,1995205.0
2024-06-06 16:10:00+03:00,16.110000610351562,16.139999389648438,16.110000610351562,16.1299991607666,16.1299991607666,2235323.0
2024-06-06 16:15:00+03:00,16.1200008392334,16.1200008392334,16.100000381469727,16.1200008392334,16.1200008392334,3932030.0
2024-06-06 16:20:00+03:00,16.110000610351562,16.1299991607666,16.110000610351562,16.110000610351562,16.110000610351562,647979.0
2024-06-06 16:25:00+03:00,16.110000610351562,16.1200008392334,16.100000381469727,16.110000610351562,16.110000610351562,1038777.0
2024-06-06 16:30:00+03:00,16.110000610351562,16.1299991607666,16.100000381469727,16.1299991607666,16.1299991607666,814697.0
2024-06-06 16:35:00+03:00,16.1299991607666,16.1299991607666,16.100000381469727,16.100000381469727,16.100000381469727,1737392.0
2024-06-06 16:40:00+03:00,16.100000381469727,16.110000610351562,16.030000686645508,16.049999237060547,16.049999237060547,9981085.0
2024-06-06 16:45:00+03:00,16.049999237060547,16.100000381469727,16.030000686645508,16.09000015258789,16.09000015258789,1721362.0
2024-06-06 16:50:00+03:00,16.09000015258789,16.110000610351562,16.079999923706055,16.100000381469727,16.100000381469727,1567338.0
2024-06-06 16:55:00+03:00,16.09000015258789,16.110000610351562,16.059999465942383,16.09000015258789,16.09000015258789,1751456.0
2024-06-06 17:00:00+03:00,16.09000015258789,16.100000381469727,16.049999237060547,16.09000015258789,16.09000015258789,1045571.0
2024-06-06 17:05:00+03:00,16.09000015258789,16.139999389648438,16.079999923706055,16.139999389648438,16.139999389648438,2140709.0
2024-06-06 17:10:00+03:00,16.139999389648438,16.139999389648438,16.079999923706055,16.09000015258789,16.09000015258789,1574425.0
2024-06-06 17:15:00+03:00,16.079999923706055,16.110000610351562,16.06999969482422,16.110000610351562,16.110000610351562,520663.0
2024-06-06 17:20:00+03:00,16.100000381469727,16.1200008392334,16.079999923706055,16.110000610351562,16.110000610351562,1047611.0
2024-06-06 17:25:00+03:00,16.1200008392334,16.1200008392334,16.079999923706055,16.100000381469727,16.100000381469727,597033.0
2024-06-06 17:30:00+03:00,16.09000015258789,16.1200008392334,16.079999923706055,16.09000015258789,16.09000015258789,685871.0
2024-06-06 17:35:00+03:00,16.100000381469727,16.100000381469727,16.06999969482422,16.09000015258789,16.09000015258789,1166119.0
2024-06-06 17:40:00+03:00,16.079999923706055,16.15999984741211,16.079999923706055,16.1200008392334,16.1200008392334,3443941.0
2024-06-06 17:45:00+03:00,16.1200008392334,16.1299991607666,16.06999969482422,16.079999923706055,16.079999923706055,2822943.0
2024-06-06 17:50:00+03:00,16.079999923706055,16.100000381469727,16.049999237060547,16.06999969482422,16.06999969482422,2361462.0
2024-06-06 17:55:00+03:00,16.059999465942383,16.06999969482422,16.020000457763672,16.059999465942383,16.059999465942383,4525671.0
2024-06-07 09:55:00+03:00,16.1299991607666,16.1299991607666,16.1299991607666,16.1299991607666,16.1299991607666,0.0
2024-06-07 10:00:00+03:00,16.1200008392334,16.149999618530273,16.100000381469727,16.100000381469727,16.100000381469727,8811056.0
2024-06-07 10:05:00+03:00,16.110000610351562,16.110000610351562,16.079999923706055,16.100000381469727,16.100000381469727,4343733.0
2024-06-07 10:10:00+03:00,16.100000381469727,16.1200008392334,16.079999923706055,16.079999923706055,16.079999923706055,3214088.0
2024-06-07 10:15:00+03:00,16.079999923706055,16.079999923706055,15.979999542236328,15.989999771118164,15.989999771118164,3516340.0
2024-06-07 10:20:00+03:00,15.989999771118164,15.989999771118164,15.899999618530273,15.90999984741211,15.90999984741211,6800193.0
2024-06-07 10:25:00+03:00,15.899999618530273,15.930000305175781,15.869999885559082,15.890000343322754,15.890000343322754,3285603.0
2024-06-07 10:30:00+03:00,15.890000343322754,15.890000343322754,15.84000015258789,15.859999656677246,15.859999656677246,5882683.0
2024-06-07 10:35:00+03:00,15.850000381469727,15.859999656677246,15.789999961853027,15.800000190734863,15.800000190734863,4492095.0
2024-06-07 10:40:00+03:00,15.800000190734863,15.829999923706055,15.720000267028809,15.739999771118164,15.739999771118164,4953169.0
2024-06-07 10:45:00+03:00,15.729999542236328,15.770000457763672,15.710000038146973,15.770000457763672,15.770000457763672,4346341.0
2024-06-07 10:50:00+03:00,15.760000228881836,15.819999694824219,15.739999771118164,15.75,15.75,5559381.0
2024-06-07 10:55:00+03:00,15.75,15.779999732971191,15.6899995803833,15.699999809265137,15.699999809265137,5117227.0
2024-06-07 11:00:00+03:00,15.699999809265137,15.739999771118164,15.670000076293945,15.729999542236328,15.729999542236328,2837319.0
2024-06-07 11:05:00+03:00,15.729999542236328,15.729999542236328,15.6899995803833,15.699999809265137,15.699999809265137,1601349.0
2024-06-07 11:10:00+03:00,15.6899995803833,15.720000267028809,15.670000076293945,15.670000076293945,15.670000076293945,2279688.0
2024-06-07 11:15:00+03:00,15.680000305175781,15.6899995803833,15.649999618530273,15.670000076293945,15.670000076293945,1746324.0
2024-06-07 11:20:00+03:00,15.65999984741211,15.720000267028809,15.630000114440918,15.710000038146973,15.710000038146973,3107014.0
2024-06-07 11:25:00+03:00,15.710000038146973,15.720000267028809,15.65999984741211,15.6899995803833,15.6899995803833,1695122.0
2024-06-07 11:30:00+03:00,15.680000305175781,15.6899995803833,15.609999656677246,15.630000114440918,15.630000114440918,1803266.0
2024-06-07 11:35:00+03:00,15.640000343322754,15.640000343322754,15.609999656677246,15.640000343322754,15.640000343322754,998611.0
2024-06-07 11:40:00+03:00,15.630000114440918,15.649999618530273,15.59000015258789,15.630000114440918,15.630000114440918,2330407.0
2024-06-07 11:45:00+03:00,15.630000114440918,15.649999618530273,15.609999656677246,15.640000343322754,15.640000343322754,1271598.0
2024-06-07 11:50:00+03:00,15.640000343322754,15.680000305175781,15.619999885559082,15.670000076293945,15.670000076293945,1174744.0
2024-06-07 11:55:00+03:00,15.65999984741211,15.680000305175781,15.600000381469727,15.630000114440918,15.630000114440918,2629289.0
2024-06-07 12:00:00+03:00,15.630000114440918,15.729999542236328,15.619999885559082,15.65999984741211,15.65999984741211,2493107.0
2024-06-07 12:05:00+03:00,15.65999984741211,15.670000076293945,15.630000114440918,15.640000343322754,15.640000343322754,955316.0
2024-06-07 12:10:00+03:00,15.630000114440918,15.670000076293945,15.630000114440918,15.65999984741211,15.65999984741211,778734.0
2024-06-07 12:15:00+03:00,15.670000076293945,15.670000076293945,15.640000343322754,15.670000076293945,15.670000076293945,478081.0
2024-06-07 12:20:00+03:00,15.670000076293945,15.670000076293945,15.59000015258789,15.649999618530273,15.649999618530273,3375585.0
2024-06-07 12:25:00+03:00,15.640000343322754,15.649999618530273,15.619999885559082,15.630000114440918,15.630000114440918,846056.0
2024-06-07 12:30:00+03:00,15.630000114440918,15.640000343322754,15.609999656677246,15.630000114440918,15.630000114440918,683242.0
2024-06-07 12:35:00+03:00,15.640000343322754,15.640000343322754,15.579999923706055,15.600000381469727,15.600000381469727,1125201.0
2024-06-07 12:40:00+03:00,15.600000381469727,15.600000381469727,15.569999694824219,15.579999923706055,15.579999923706055,1419182.0
2024-06-07 12:45:00+03:00,15.579999923706055,15.59000015258789,15.520000457763672,15.529999732971191,15.529999732971191,2923840.0
2024-06-07 12:50:00+03:00,15.529999732971191,15.539999961853027,15.510000228881836,15.510000228881836,15.510000228881836,1724478.0
2024-06-07 12:55:00+03:00,15.520000457763672,15.670000076293945,15.510000228881836,15.59000015258789,15.59000015258789,3145929.0
2024-06-07 13:00:00+03:00,15.59000015258789,15.649999618530273,15.5600004196167,15.569999694824219,15.569999694824219,2064137.0
2024-06-07 13:05:00+03:00,15.5600004196167,15.579999923706055,15.539999961853027,15.550000190734863,15.550000190734863,1061074.0
2024-06-07 13:10:00+03:00,15.550000190734863,15.569999694824219,15.529999732971191,15.539999961853027,15.539999961853027,1173962.0
2024-06-07 13:15:00+03:00,15.539999961853027,15.5600004196167,15.520000457763672,15.539999961853027,15.539999961853027,1964521.0
2024-06-07 13:20:00+03:00,15.539999961853027,15.550000190734863,15.489999771118164,15.529999732971191,15.529999732971191,2184732.0
2024-06-07 13:25:00+03:00,15.520000457763672,15.550000190734863,15.510000228881836,15.520000457763672,15.520000457763672,787702.0
2024-06-07 13:30:00+03:00,15.529999732971191,15.550000190734863,15.520000457763672,15.550000190734863,15.550000190734863,923688.0
2024-06-07 13:35:00+03:00,15.550000190734863,15.579999923706055,15.539999961853027,15.579999923706055,15.579999923706055,942692.0
2024-06-07 13:40:00+03:00,15.579999923706055,15.59000015258789,15.520000457763672,15.539999961853027,15.539999961853027,1379112.0
2024-06-07 13:45:00+03:00,15.529999732971191,15.539999961853027,15.479999542236328,15.510000228881836,15.510000228881836,2577426.0
2024-06-07 13:50:00+03:00,15.510000228881836,15.510000228881836,15.460000038146973,15.5,15.5,2111052.0
2024-06-07 13:55:00+03:00,15.489999771118164,15.5,15.460000038146973,15.470000267028809,15.470000267028809,935540.0
2024-06-07 14:00:00+03:00,15.479999542236328,15.539999961853027,15.460000038146973,15.520000457763672,15.520000457763672,1892060.0
2024-06-07 14:05:00+03:00,15.520000457763672,15.529999732971191,15.5,15.529999732971191,15.529999732971191,665317.0
2024-06-07 14:10:00+03:00,15.529999732971191,15.529999732971191,15.5,15.510000228881836,15.510000228881836,643299.0
2024-06-07 14:15:00+03:00,15.510000228881836,15.520000457763672,15.5,15.510000228881836,15.510000228881836,463748.0
2024-06-07 14:20:00+03:00,15.510000228881836,15.529999732971191,15.489999771118164,15.489999771118164,15.489999771118164,1334478.0
2024-06-07 14:25:00+03:00,15.5,15.520000457763672,15.489999771118164,15.510000228881836,15.510000228881836,437583.0
2024-06-07 14:30:00+03:00,15.510000228881836,15.529999732971191,15.5,15.529999732971191,15.529999732971191,949069.0
2024-06-07 14:35:00+03:00,15.529999732971191,15.579999923706055,15.520000457763672,15.550000190734863,15.550000190734863,2858799.0
2024-06-07 14:40:00+03:00,15.550000190734863,15.5600004196167,15.520000457763672,15.539999961853027,15.539999961853027,636264.0
2024-06-07 14:45:00+03:00,15.539999961853027,15.550000190734863,15.520000457763672,15.550000190734863,15.550000190734863,511362.0
2024-06-07 14:50:00+03:00,15.550000190734863,15.5600004196167,15.539999961853027,15.550000190734863,15.550000190734863,306186.0
2024-06-07 14:55:00+03:00,15.5600004196167,15.579999923706055,15.550000190734863,15.579999923706055,15.579999923706055,924041.0
2024-06-07 15:00:00+03:00,15.579999923706055,15.640000343322754,15.569999694824219,15.619999885559082,15.619999885559082,2241734.0
2024-06-07 15:05:00+03:00,15.619999885559082,15.630000114440918,15.539999961853027,15.5600004196167,15.5600004196167,1548457.0
2024-06-07 15:10:00+03:00,15.550000190734863,15.569999694824219,15.529999732971191,15.539999961853027,15.539999961853027,927190.0
2024-06-07 15:15:00+03:00,15.539999961853027,15.550000190734863,15.520000457763672,15.529999732971191,15.529999732971191,875072.0
2024-06-07 15:20:00+03:00,15.529999732971191,15.550000190734863,15.510000228881836,15.529999732971191,15.529999732971191,656668.0
2024-06-07 15:25:00+03:00,15.539999961853027,15.539999961853027,15.520000457763672,15.539999961853027,15.539999961853027,512868.0
2024-06-07 15:30:00+03:00,15.539999961853027,15.539999961853027,15.489999771118164,15.489999771118164,15.489999771118164,1923156.0
2024-06-07 15:35:00+03:00,15.489999771118164,15.510000228881836,15.449999809265137,15.460000038146973,15.460000038146973,3264663.0
2024-06-07 15:40:00+03:00,15.460000038146973,15.489999771118164,15.449999809265137,15.479999542236328,15.479999542236328,2558032.0
2024-06-07 15:45:00+03:00,15.470000267028809,15.489999771118164,15.430000305175781,15.449999809265137,15.449999809265137,2977654.0
2024-06-07 15:50:00+03:00,15.449999809265137,15.489999771118164,15.4399995803833,15.479999542236328,15.479999542236328,1064455.0
2024-06-07 15:55:00+03:00,15.470000267028809,15.5,15.460000038146973,15.470000267028809,15.470000267028809,1268948.0
2024-06-07 16:00:00+03:00,15.470000267028809,15.5,15.460000038146973,15.5,15.5,1070184.0
2024-06-07 16:05:00+03:00,15.5,15.539999961853027,15.489999771118164,15.510000228881836,15.510000228881836,2191188.0
2024-06-07 16:10:00+03:00,15.520000457763672,15.520000457763672,15.479999542236328,15.489999771118164,15.489999771118164,1003236.0
2024-06-07 16:15:00+03:00,15.489999771118164,15.539999961853027,15.489999771118164,15.520000457763672,15.520000457763672,993274.0
2024-06-07 16:20:00+03:00,15.520000457763672,15.529999732971191,15.479999542236328,15.479999542236328,15.479999542236328,1005819.0
2024-06-07 16:25:00+03:00,15.489999771118164,15.520000457763672,15.460000038146973,15.470000267028809,15.470000267028809,1635323.0
2024-06-07 16:30:00+03:00,15.470000267028809,15.479999542236328,15.430000305175781,15.460000038146973,15.460000038146973,1789284.0
2024-06-07 16:35:00+03:00,15.470000267028809,15.470000267028809,15.420000076293945,15.430000305175781,15.430000305175781,2347769.0
2024-06-07 16:40:00+03:00,15.420000076293945,15.460000038146973,15.420000076293945,15.460000038146973,15.460000038146973,2723608.0
2024-06-07 16:45:00+03:00,15.460000038146973,15.5,15.449999809265137,15.470000267028809,15.470000267028809,1742277.0
2024-06-07 16:50:00+03:00,15.470000267028809,15.529999732971191,15.449999809265137,15.460000038146973,15.460000038146973,1426138.0
2024-06-07 16:55:00+03:00,15.460000038146973,15.479999542236328,15.420000076293945,15.4399995803833,15.4399995803833,1704447.0
2024-06-07 17:00:00+03:00,15.4399995803833,15.470000267028809,15.430000305175781,15.4399995803833,15.4399995803833,601236.0
2024-06-07 17:05:00+03:00,15.4399995803833,15.470000267028809,15.430000305175781,15.470000267028809,15.470000267028809,2468629.0
2024-06-07 17:10:00+03:00,15.460000038146973,15.460000038146973,15.4399995803833,15.4399995803833,15.4399995803833,1498947.0
2024-06-07 17:15:00+03:00,15.4399995803833,15.460000038146973,15.359999656677246,15.390000343322754,15.390000343322754,5657589.0
2024-06-07 17:20:00+03:00,15.390000343322754,15.430000305175781,15.380000114440918,15.430000305175781,15.430000305175781,2529577.0
2024-06-07 17:25:00+03:00,15.430000305175781,15.470000267028809,15.40999984741211,15.449999809265137,15.449999809265137,893974.0
2024-06-07 17:30:00+03:00,15.4399995803833,15.460000038146973,15.430000305175781,15.430000305175781,15.430000305175781,1281191.0
2024-06-07 17:35:00+03:00,15.4399995803833,15.449999809265137,15.399999618530273,15.40999984741211,15.40999984741211,1790671.0
2024-06-07 17:40:00+03:00,15.40999984741211,15.520000457763672,15.399999618530273,15.470000267028809,15.470000267028809,6740977.0
2024-06-07 17:45:00+03:00,15.479999542236328,15.529999732971191,15.460000038146973,15.479999542236328,15.479999542236328,6711625.0
2024-06-07 17:50:00+03:00,15.479999542236328,15.520000457763672,15.470000267028809,15.510000228881836,15.510000228881836,3463193.0
2024-06-07 17:55:00+03:00,15.5,15.529999732971191,15.489999771118164,15.510000228881836,15.510000228881836,8584500.0
2024-06-10 09:55:00+03:00,15.510000228881836,15.510000228881836,15.510000228881836,15.510000228881836,15.510000228881836,0.0
2024-06-10 10:00:00+03:00,15.510000228881836,15.520000457763672,15.289999961853027,15.289999961853027,15.289999961853027,12964796.0
2024-06-10 10:05:00+03:00,15.289999961853027,15.470000267028809,15.180000305175781,15.399999618530273,15.399999618530273,12174153.0
2024-06-10 10:10:00+03:00,15.399999618530273,15.40999984741211,15.3100004196167,15.319999694824219,15.319999694824219,3416315.0
2024-06-10 10:15:00+03:00,15.329999923706055,15.350000381469727,15.239999771118164,15.270000457763672,15.270000457763672,2599433.0
2024-06-10 10:20:00+03:00,15.270000457763672,15.399999618530273,15.260000228881836,15.359999656677246,15.359999656677246,3077468.0
2024-06-10 10:25:00+03:00,15.359999656677246,15.369999885559082,15.270000457763672,15.300000190734863,15.300000190734863,3437255.0
2024-06-10 10:30:00+03:00,15.3100004196167,15.329999923706055,15.289999961853027,15.3100004196167,15.3100004196167,1594516.0
2024-06-10 10:35:00+03:00,15.3100004196167,15.359999656677246,15.289999961853027,15.350000381469727,15.350000381469727,1803435.0
2024-06-10 10:40:00+03:00,15.34000015258789,15.359999656677246,15.329999923706055,15.350000381469727,15.350000381469727,780358.0
2024-06-10 10:45:00+03:00,15.350000381469727,15.380000114440918,15.329999923706055,15.329999923706055,15.329999923706055,1715165.0
2024-06-10 10:50:00+03:00,15.34000015258789,15.34000015258789,15.300000190734863,15.319999694824219,15.319999694824219,1232926.0
2024-06-10 10:55:00+03:00,15.319999694824219,15.34000015258789,15.300000190734863,15.329999923706055,15.329999923706055,1202777.0
2024-06-10 11:00:00+03:00,15.329999923706055,15.329999923706055,15.229999542236328,15.25,15.25,3796986.0
2024-06-10 11:05:00+03:00,15.25,15.260000228881836,15.039999961853027,15.09000015258789,15.09000015258789,11945079.0
2024-06-10 11:10:00+03:00,15.09000015258789,15.119999885559082,15.050000190734863,15.109999656677246,15.109999656677246,4278670.0
2024-06-10 11:15:00+03:00,15.109999656677246,15.350000381469727,15.109999656677246,15.329999923706055,15.329999923706055,8634614.0
2024-06-10 11:20:00+03:00,15.329999923706055,15.479999542236328,15.319999694824219,15.399999618530273,15.399999618530273,10508878.0
2024-06-10 11:25:00+03:00,15.40999984741211,15.430000305175781,15.289999961853027,15.350000381469727,15.350000381469727,7435155.0
2024-06-10 11:30:00+03:00,15.350000381469727,15.359999656677246,15.289999961853027,15.34000015258789,15.34000015258789,1569690.0
2024-06-10 11:35:00+03:00,15.34000015258789,15.390000343322754,15.329999923706055,15.350000381469727,15.350000381469727,2669690.0
2024-06-10 11:40:00+03:00,15.329999923706055,15.369999885559082,15.319999694824219,15.359999656677246,15.359999656677246,962371.0
2024-06-10 11:45:00+03:00,15.350000381469727,15.449999809265137,15.34000015258789,15.380000114440918,15.380000114440918,3115205.0
2024-06-10 11:50:00+03:00,15.369999885559082,15.40999984741211,15.359999656677246,15.390000343322754,15.390000343322754,1485450.0
2024-06-10 11:55:00+03:00,15.390000343322754,15.430000305175781,15.369999885559082,15.40999984741211,15.40999984741211,1536390.0
2024-06-10 12:00:00+03:00,15.399999618530273,15.420000076293945,15.380000114440918,15.380000114440918,15.380000114440918,1389435.0
2024-06-10 12:05:00+03:00,15.380000114440918,15.40999984741211,15.369999885559082,15.369999885559082,15.369999885559082,1019787.0
2024-06-10 12:10:00+03:00,15.380000114440918,15.399999618530273,15.380000114440918,15.390000343322754,15.390000343322754,513404.0
2024-06-10 12:15:00+03:00,15.390000343322754,15.399999618530273,15.350000381469727,15.359999656677246,15.359999656677246,1887377.0
2024-06-10 12:20:00+03:00,15.350000381469727,15.359999656677246,15.319999694824219,15.350000381469727,15.350000381469727,923264.0
2024-06-10 12:25:00+03:00,15.350000381469727,15.420000076293945,15.34000015258789,15.390000343322754,15.390000343322754,1662515.0
2024-06-10 12:30:00+03:00,15.399999618530273,15.489999771118164,15.380000114440918,15.390000343322754,15.390000343322754,6080092.0
2024-06-10 12:35:00+03:00,15.390000343322754,15.420000076293945,15.380000114440918,15.399999618530273,15.399999618530273,1206516.0
2024-06-10 12:40:00+03:00,15.40999984741211,15.430000305175781,15.380000114440918,15.430000305175781,15.430000305175781,780310.0
2024-06-10 12:45:00+03:00,15.420000076293945,15.4399995803833,15.390000343322754,15.420000076293945,15.420000076293945,1287003.0
2024-06-10 12:50:00+03:00,15.420000076293945,15.420000076293945,15.399999618530273,15.40999984741211,15.40999984741211,704075.0
2024-06-10 12:55:00+03:00,15.420000076293945,15.449999809265137,15.40999984741211,15.40999984741211,15.40999984741211,1593896.0
2024-06-10 13:00:00+03:00,15.40999984741211,15.460000038146973,15.399999618530273,15.420000076293945,15.420000076293945,3088309.0
2024-06-10 13:05:00+03:00,15.420000076293945,15.4399995803833,15.390000343322754,15.399999618530273,15.399999618530273,3177810.0
2024-06-10 13:10:00+03:00,15.399999618530273,15.430000305175781,15.380000114440918,15.40999984741211,15.40999984741211,1149092.0
2024-06-10 13:15:00+03:00,15.40999984741211,15.4399995803833,15.390000343322754,15.40999984741211,15.40999984741211,1692354.0
2024-06-10 13:20:00+03:00,15.40999984741211,15.430000305175781,15.390000343322754,15.390000343322754,15.390000343322754,969895.0
2024-06-10 13:25:00+03:00,15.399999618530273,15.40999984741211,15.34000015258789,15.359999656677246,15.359999656677246,2025373.0
2024-06-10 13:30:00+03:00,15.369999885559082,15.420000076293945,15.350000381469727,15.420000076293945,15.420000076293945,1056623.0
2024-06-10 13:35:00+03:00,15.420000076293945,15.449999809265137,15.390000343322754,15.40999984741211,15.40999984741211,2556363.0
2024-06-10 13:40:00+03:00,15.40999984741211,15.4399995803833,15.40999984741211,15.420000076293945,15.420000076293945,946526.0
2024-06-10 13:45:00+03:00,15.40999984741211,15.420000076293945,15.390000343322754,15.399999618530273,15.399999618530273,577588.0
2024-06-10 13:50:00+03:00,15.40999984741211,15.420000076293945,15.390000343322754,15.399999618530273,15.399999618530273,449985.0
2024-06-10 13:55:00+03:00,15.399999618530273,15.4399995803833,15.399999618530273,15.40999984741211,15.40999984741211,1306272.0
2024-06-10 14:00:00+03:00,15.420000076293945,15.4399995803833,15.399999618530273,15.420000076293945,15.420000076293945,533417.0
2024-06-10 14:05:00+03:00,15.430000305175781,15.430000305175781,15.399999618530273,15.40999984741211,15.40999984741211,529105.0
2024-06-10 14:10:00+03:00,15.40999984741211,15.420000076293945,15.369999885559082,15.380000114440918,15.380000114440918,1246316.0
2024-06-10 14:15:00+03:00,15.380000114440918,15.40999984741211,15.380000114440918,15.40999984741211,15.40999984741211,373078.0
2024-06-10 14:20:00+03:00,15.399999618530273,15.40999984741211,15.380000114440918,15.390000343322754,15.390000343322754,334094.0
2024-06-10 14:25:00+03:00,15.380000114440918,15.40999984741211,15.380000114440918,15.380000114440918,15.380000114440918,700110.0
2024-06-10 14:30:00+03:00,15.380000114440918,15.399999618530273,15.369999885559082,15.369999885559082,15.369999885559082,729282.0
2024-06-10 14:35:00+03:00,15.380000114440918,15.470000267028809,15.369999885559082,15.420000076293945,15.420000076293945,5002548.0
2024-06-10 14:40:00+03:00,15.430000305175781,15.4399995803833,15.369999885559082,15.380000114440918,15.380000114440918,1730682.0
2024-06-10 14:45:00+03:00,15.390000343322754,15.399999618530273,15.369999885559082,15.390000343322754,15.390000343322754,718844.0
2024-06-10 14:50:00+03:00,15.390000343322754,15.40999984741211,15.380000114440918,15.380000114440918,15.380000114440918,1182155.0
2024-06-10 14:55:00+03:00,15.380000114440918,15.399999618530273,15.369999885559082,15.390000343322754,15.390000343322754,677866.0
2024-06-10 15:00:00+03:00,15.380000114440918,15.399999618530273,15.369999885559082,15.380000114440918,15.380000114440918,413193.0
2024-06-10 15:05:00+03:00,15.380000114440918,15.390000343322754,15.369999885559082,15.380000114440918,15.380000114440918,773405.0
2024-06-10 15:10:00+03:00,15.369999885559082,15.390000343322754,15.34000015258789,15.350000381469727,15.350000381469727,1061645.0
2024-06-10 15:15:00+03:00,15.34000015258789,15.369999885559082,15.329999923706055,15.34000015258789,15.34000015258789,1634860.0
2024-06-10 15:20:00+03:00,15.34000015258789,15.350000381469727,15.329999923706055,15.350000381469727,15.350000381469727,544008.0
2024-06-10 15:25:00+03:00,15.350000381469727,15.380000114440918,15.319999694824219,15.369999885559082,15.369999885559082,1041041.0
2024-06-10 15:30:00+03:00,15.369999885559082,15.390000343322754,15.34000015258789,15.350000381469727,15.350000381469727,617021.0
2024-06-10 15:35:00+03:00,15.350000381469727,15.420000076293945,15.350000381469727,15.369999885559082,15.369999885559082,1344956.0
2024-06-10 15:40:00+03:00,15.380000114440918,15.40999984741211,15.369999885559082,15.390000343322754,15.390000343322754,899117.0
2024-06-10 15:45:00+03:00,15.390000343322754,15.4399995803833,15.380000114440918,15.40999984741211,15.40999984741211,2595801.0
2024-06-10 15:50:00+03:00,15.40999984741211,15.40999984741211,15.359999656677246,15.369999885559082,15.369999885559082,805933.0
2024-06-10 15:55:00+03:00,15.369999885559082,15.390000343322754,15.359999656677246,15.369999885559082,15.369999885559082,368770.0
2024-06-10 16:00:00+03:00,15.369999885559082,15.399999618530273,15.359999656677246,15.380000114440918,15.380000114440918,803849.0
2024-06-10 16:05:00+03:00,15.380000114440918,15.40999984741211,15.380000114440918,15.380000114440918,15.380000114440918,757370.0
2024-06-10 16:10:00+03:00,15.380000114440918,15.40999984741211,15.380000114440918,15.399999618530273,15.399999618530273,764789.0
2024-06-10 16:15:00+03:00,15.40999984741211,15.40999984741211,15.380000114440918,15.390000343322754,15.390000343322754,985650.0
2024-06-10 16:20:00+03:00,15.399999618530273,15.529999732971191,15.390000343322754,15.520000457763672,15.520000457763672,9327942.0
2024-06-10 16:25:00+03:00,15.529999732971191,15.569999694824219,15.399999618530273,15.430000305175781,15.430000305175781,6289601.0
2024-06-10 16:30:00+03:00,15.430000305175781,15.4399995803833,15.369999885559082,15.390000343322754,15.390000343322754,2287268.0
2024-06-10 16:35:00+03:00,15.380000114440918,15.399999618530273,15.369999885559082,15.380000114440918,15.380000114440918,893614.0
2024-06-10 16:40:00+03:00,15.380000114440918,15.420000076293945,15.369999885559082,15.40999984741211,15.40999984741211,1080072.0
2024-06-10 16:45:00+03:00,15.40999984741211,15.470000267028809,15.399999618530273,15.4399995803833,15.4399995803833,2220129.0
2024-06-10 16:50:00+03:00,15.4399995803833,15.449999809265137,15.40999984741211,15.430000305175781,15.430000305175781,891125.0
2024-06-10 16:55:00+03:00,15.4399995803833,15.449999809265137,15.420000076293945,15.430000305175781,15.430000305175781,551182.0
2024-06-10 17:00:00+03:00,15.420000076293945,15.4399995803833,15.380000114440918,15.399999618530273,15.399999618530273,1415022.0
2024-06-10 17:05:00+03:00,15.40999984741211,15.4399995803833,15.399999618530273,15.40999984741211,15.40999984741211,1425694.0
2024-06-10 17:10:00+03:00,15.40999984741211,15.4399995803833,15.369999885559082,15.380000114440918,15.380000114440918,1778230.0
2024-06-10 17:15:00+03:00,15.369999885559082,15.4399995803833,15.369999885559082,15.40999984741211,15.40999984741211,1451495.0
2024-06-10 17:20:00+03:00,15.399999618530273,15.420000076293945,15.380000114440918,15.390000343322754,15.390000343322754,1833243.0
2024-06-10 17:25:00+03:00,15.399999618530273,15.40999984741211,15.369999885559082,15.380000114440918,15.380000114440918,2227817.0
2024-06-10 17:30:00+03:00,15.380000114440918,15.399999618530273,15.329999923706055,15.34000015258789,15.34000015258789,3518873.0
2024-06-10 17:35:00+03:00,15.34000015258789,15.350000381469727,15.289999961853027,15.300000190734863,15.300000190734863,3564552.0
2024-06-10 17:40:00+03:00,15.300000190734863,15.319999694824219,15.279999732971191,15.3100004196167,15.3100004196167,1792227.0
2024-06-10 17:45:00+03:00,15.3100004196167,15.34000015258789,15.279999732971191,15.329999923706055,15.329999923706055,2192590.0
2024-06-10 17:50:00+03:00,15.329999923706055,15.34000015258789,15.260000228881836,15.260000228881836,15.260000228881836,3069125.0
2024-06-10 17:55:00+03:00,15.260000228881836,15.289999961853027,15.25,15.279999732971191,15.279999732971191,2619919.0
2024-06-11 09:55:00+03:00,15.239999771118164,15.239999771118164,15.239999771118164,15.239999771118164,15.239999771118164,0.0
2024-06-11 10:00:00+03:00,15.239999771118164,15.489999771118164,15.210000038146973,15.399999618530273,15.399999618530273,17090312.0
2024-06-11 10:05:00+03:00,15.399999618530273,15.4399995803833,15.390000343322754,15.430000305175781,15.430000305175781,4861400.0
2024-06-11 10:10:00+03:00,15.420000076293945,15.430000305175781,15.34000015258789,15.369999885559082,15.369999885559082,2737733.0
2024-06-11 10:15:00+03:00,15.369999885559082,15.390000343322754,15.34000015258789,15.350000381469727,15.350000381469727,2105597.0
2024-06-11 10:20:00+03:00,15.350000381469727,15.359999656677246,15.300000190734863,15.329999923706055,15.329999923706055,1985005.0
2024-06-11 10:25:00+03:00,15.319999694824219,15.390000343322754,15.3100004196167,15.359999656677246,15.359999656677246,3459304.0
2024-06-11 10:30:00+03:00,15.359999656677246,15.380000114440918,15.329999923706055,15.369999885559082,15.369999885559082,1877150.0
2024-06-11 10:35:00+03:00,15.369999885559082,15.430000305175781,15.369999885559082,15.399999618530273,15.399999618530273,3441064.0
2024-06-11 10:40:00+03:00,15.399999618530273,15.420000076293945,15.359999656677246,15.369999885559082,15.369999885559082,3116695.0
2024-06-11 10:45:00+03:00,15.380000114440918,15.5600004196167,15.369999885559082,15.529999732971191,15.529999732971191,14924078.0
2024-06-11 10:50:00+03:00,15.529999732971191,15.609999656677246,15.510000228881836,15.600000381469727,15.600000381469727,11369300.0
2024-06-11 10:55:00+03:00,15.600000381469727,15.609999656677246,15.539999961853027,15.5600004196167,15.5600004196167,4250185.0
2024-06-11 11:00:00+03:00,15.5600004196167,15.600000381469727,15.550000190734863,15.579999923706055,15.579999923706055,5075300.0
2024-06-11 11:05:00+03:00,15.579999923706055,15.579999923706055,15.529999732971191,15.550000190734863,15.550000190734863,3680284.0
2024-06-11 11:10:00+03:00,15.550000190734863,15.5600004196167,15.510000228881836,15.550000190734863,15.550000190734863,2130837.0
2024-06-11 11:15:00+03:00,15.550000190734863,15.569999694824219,15.520000457763672,15.5600004196167,15.5600004196167,1724164.0
2024-06-11 11:20:00+03:00,15.550000190734863,15.579999923706055,15.529999732971191,15.550000190734863,15.550000190734863,2323493.0
2024-06-11 11:25:00+03:00,15.539999961853027,15.550000190734863,15.479999542236328,15.5,15.5,2010346.0
2024-06-11 11:30:00+03:00,15.489999771118164,15.550000190734863,15.479999542236328,15.529999732971191,15.529999732971191,2655616.0
2024-06-11 11:35:00+03:00,15.529999732971191,15.539999961853027,15.489999771118164,15.5,15.5,1500649.0
2024-06-11 11:40:00+03:00,15.510000228881836,15.520000457763672,15.489999771118164,15.5,15.5,1049923.0
2024-06-11 11:45:00+03:00,15.510000228881836,15.5600004196167,15.489999771118164,15.510000228881836,15.510000228881836,2894105.0
2024-06-11 11:50:00+03:00,15.510000228881836,15.539999961853027,15.489999771118164,15.520000457763672,15.520000457763672,1223120.0
2024-06-11 11:55:00+03:00,15.529999732971191,15.5600004196167,15.520000457763672,15.550000190734863,15.550000190734863,1559106.0
2024-06-11 12:00:00+03:00,15.550000190734863,15.5600004196167,15.529999732971191,15.539999961853027,15.539999961853027,947760.0
2024-06-11 12:05:00+03:00,15.539999961853027,15.550000190734863,15.529999732971191,15.529999732971191,15.529999732971191,445907.0
2024-06-11 12:10:00+03:00,15.529999732971191,15.550000190734863,15.520000457763672,15.539999961853027,15.539999961853027,928267.0
2024-06-11 12:15:00+03:00,15.529999732971191,15.550000190734863,15.5,15.539999961853027,15.539999961853027,1585504.0
2024-06-11 12:20:00+03:00,15.550000190734863,15.5600004196167,15.520000457763672,15.539999961853027,15.539999961853027,1514511.0
2024-06-11 12:25:00+03:00,15.529999732971191,15.550000190734863,15.520000457763672,15.529999732971191,15.529999732971191,1103393.0
2024-06-11 12:30:00+03:00,15.529999732971191,15.539999961853027,15.510000228881836,15.529999732971191,15.529999732971191,1576575.0
2024-06-11 12:35:00+03:00,15.529999732971191,15.5600004196167,15.510000228881836,15.550000190734863,15.550000190734863,1225670.0
2024-06-11 12:40:00+03:00,15.550000190734863,15.619999885559082,15.539999961853027,15.619999885559082,15.619999885559082,7493020.0
2024-06-11 12:45:00+03:00,15.619999885559082,15.729999542236328,15.609999656677246,15.710000038146973,15.710000038146973,15420703.0
2024-06-11 12:50:00+03:00,15.710000038146973,15.739999771118164,15.640000343322754,15.720000267028809,15.720000267028809,6977462.0
2024-06-11 12:55:00+03:00,15.720000267028809,15.850000381469727,15.710000038146973,15.829999923706055,15.829999923706055,9889961.0
2024-06-11 13:00:00+03:00,15.829999923706055,15.859999656677246,15.8100004196167,15.84000015258789,15.84000015258789,6129302.0
2024-06-11 13:05:00+03:00,15.84000015258789,15.979999542236328,15.829999923706055,15.869999885559082,15.869999885559082,13675339.0
2024-06-11 13:10:00+03:00,15.859999656677246,15.9399995803833,15.859999656677246,15.869999885559082,15.869999885559082,5154928.0
2024-06-11 13:15:00+03:00,15.880000114440918,15.890000343322754,15.850000381469727,15.859999656677246,15.859999656677246,2344931.0
2024-06-11 13:20:00+03:00,15.859999656677246,15.90999984741211,15.84000015258789,15.899999618530273,15.899999618530273,3537971.0
2024-06-11 13:25:00+03:00,15.90999984741211,15.9399995803833,15.84000015258789,15.84000015258789,15.84000015258789,4760171.0
2024-06-11 13:30:00+03:00,15.850000381469727,15.920000076293945,15.829999923706055,15.880000114440918,15.880000114440918,5104017.0
2024-06-11 13:35:00+03:00,15.880000114440918,15.890000343322754,15.829999923706055,15.859999656677246,15.859999656677246,2623285.0
2024-06-11 13:40:00+03:00,15.859999656677246,15.859999656677246,15.789999961853027,15.789999961853027,15.789999961853027,3537877.0
2024-06-11 13:45:00+03:00,15.800000190734863,15.819999694824219,15.75,15.760000228881836,15.760000228881836,3036689.0
2024-06-11 13:50:00+03:00,15.75,15.770000457763672,15.75,15.75,15.75,3113657.0
2024-06-11 13:55:00+03:00,15.75,15.760000228881836,15.729999542236328,15.75,15.75,2228752.0
2024-06-11 14:00:00+03:00,15.75,15.789999961853027,15.739999771118164,15.770000457763672,15.770000457763672,3282458.0
2024-06-11 14:05:00+03:00,15.760000228881836,15.789999961853027,15.760000228881836,15.789999961853027,15.789999961853027,895412.0
2024-06-11 14:10:00+03:00,15.779999732971191,15.84000015258789,15.779999732971191,15.8100004196167,15.8100004196167,2406425.0
2024-06-11 14:15:00+03:00,15.8100004196167,15.819999694824219,15.729999542236328,15.75,15.75,3494165.0
2024-06-11 14:20:00+03:00,15.760000228881836,15.779999732971191,15.720000267028809,15.760000228881836,15.760000228881836,4263310.0
2024-06-11 14:25:00+03:00,15.75,15.789999961853027,15.739999771118164,15.789999961853027,15.789999961853027,2151949.0
2024-06-11 14:30:00+03:00,15.779999732971191,15.8100004196167,15.760000228881836,15.800000190734863,15.800000190734863,1777439.0
2024-06-11 14:35:00+03:00,15.800000190734863,15.819999694824219,15.779999732971191,15.779999732971191,15.779999732971191,1892178.0
2024-06-11 14:40:00+03:00,15.779999732971191,15.84000015258789,15.779999732971191,15.829999923706055,15.829999923706055,980788.0
2024-06-11 14:45:00+03:00,15.829999923706055,15.930000305175781,15.829999923706055,15.859999656677246,15.859999656677246,7198266.0
2024-06-11 14:50:00+03:00,15.850000381469727,15.869999885559082,15.800000190734863,15.819999694824219,15.819999694824219,3312293.0
2024-06-11 14:55:00+03:00,15.819999694824219,15.829999923706055,15.770000457763672,15.800000190734863,15.800000190734863,1989501.0
2024-06-11 15:00:00+03:00,15.8100004196167,15.829999923706055,15.779999732971191,15.789999961853027,15.789999961853027,2419425.0
2024-06-11 15:05:00+03:00,15.789999961853027,15.800000190734863,15.729999542236328,15.739999771118164,15.739999771118164,2422250.0
2024-06-11 15:10:00+03:00,15.739999771118164,15.800000190734863,15.720000267028809,15.800000190734863,15.800000190734863,2681215.0
2024-06-11 15:15:00+03:00,15.800000190734863,15.819999694824219,15.760000228881836,15.8100004196167,15.8100004196167,1707690.0
2024-06-11 15:20:00+03:00,15.819999694824219,15.819999694824219,15.760000228881836,15.779999732971191,15.779999732971191,961402.0
2024-06-11 15:25:00+03:00,15.789999961853027,15.829999923706055,15.75,15.819999694824219,15.819999694824219,2818776.0
2024-06-11 15:30:00+03:00,15.8100004196167,15.819999694824219,15.779999732971191,15.779999732971191,15.779999732971191,1204149.0
2024-06-11 15:35:00+03:00,15.789999961853027,15.789999961853027,15.720000267028809,15.729999542236328,15.729999542236328,2405339.0
2024-06-11 15:40:00+03:00,15.729999542236328,15.850000381469727,15.699999809265137,15.819999694824219,15.819999694824219,6505894.0
2024-06-11 15:45:00+03:00,15.819999694824219,15.829999923706055,15.720000267028809,15.739999771118164,15.739999771118164,3007520.0
2024-06-11 15:50:00+03:00,15.75,15.760000228881836,15.729999542236328,15.75,15.75,864904.0
2024-06-11 15:55:00+03:00,15.75,15.760000228881836,15.720000267028809,15.729999542236328,15.729999542236328,771312.0
2024-06-11 16:00:00+03:00,15.739999771118164,15.800000190734863,15.720000267028809,15.800000190734863,15.800000190734863,2287553.0
2024-06-11 16:05:00+03:00,15.800000190734863,15.819999694824219,15.75,15.800000190734863,15.800000190734863,2117505.0
2024-06-11 16:10:00+03:00,15.800000190734863,15.819999694824219,15.779999732971191,15.8100004196167,15.8100004196167,1640025.0
2024-06-11 16:15:00+03:00,15.8100004196167,15.869999885559082,15.800000190734863,15.84000015258789,15.84000015258789,3423836.0
2024-06-11 16:20:00+03:00,15.850000381469727,15.850000381469727,15.770000457763672,15.800000190734863,15.800000190734863,1947366.0
2024-06-11 16:25:00+03:00,15.8100004196167,15.819999694824219,15.779999732971191,15.819999694824219,15.819999694824219,1677731.0
2024-06-11 16:30:00+03:00,15.819999694824219,15.829999923706055,15.800000190734863,15.829999923706055,15.829999923706055,1181243.0
2024-06-11 16:35:00+03:00,15.829999923706055,15.850000381469727,15.760000228881836,15.760000228881836,15.760000228881836,2732206.0
2024-06-11 16:40:00+03:00,15.770000457763672,15.829999923706055,15.75,15.829999923706055,15.829999923706055,3313704.0
2024-06-11 16:45:00+03:00,15.829999923706055,15.84000015258789,15.800000190734863,15.8100004196167,15.8100004196167,1311907.0
2024-06-11 16:50:00+03:00,15.8100004196167,15.8100004196167,15.760000228881836,15.800000190734863,15.800000190734863,2259381.0
2024-06-11 16:55:00+03:00,15.800000190734863,15.8100004196167,15.770000457763672,15.8100004196167,15.8100004196167,990453.0
2024-06-11 17:00:00+03:00,15.8100004196167,15.829999923706055,15.789999961853027,15.789999961853027,15.789999961853027,2334847.0
2024-06-11 17:05:00+03:00,15.789999961853027,15.800000190734863,15.779999732971191,15.789999961853027,15.789999961853027,742301.0
2024-06-11 17:10:00+03:00,15.800000190734863,15.90999984741211,15.779999732971191,15.890000343322754,15.890000343322754,11557633.0
2024-06-11 17:15:00+03:00,15.890000343322754,15.899999618530273,15.859999656677246,15.880000114440918,15.880000114440918,2736040.0
2024-06-11 17:20:00+03:00,15.880000114440918,15.899999618530273,15.859999656677246,15.869999885559082,15.869999885559082,3909155.0
2024-06-11 17:25:00+03:00,15.859999656677246,15.899999618530273,15.84000015258789,15.850000381469727,15.850000381469727,2813425.0
2024-06-11 17:30:00+03:00,15.84000015258789,15.859999656677246,15.770000457763672,15.819999694824219,15.819999694824219,5019605.0
2024-06-11 17:35:00+03:00,15.819999694824219,15.829999923706055,15.779999732971191,15.800000190734863,15.800000190734863,1523488.0
2024-06-11 17:40:00+03:00,15.800000190734863,15.829999923706055,15.789999961853027,15.819999694824219,15.819999694824219,2652226.0
2024-06-11 17:45:00+03:00,15.8100004196167,15.829999923706055,15.770000457763672,15.800000190734863,15.800000190734863,2763940.0
2024-06-11 17:50:00+03:00,15.800000190734863,15.800000190734863,15.760000228881836,15.800000190734863,15.800000190734863,2060603.0
2024-06-11 17:55:00+03:00,15.800000190734863,15.84000015258789,15.779999732971191,15.8100004196167,15.8100004196167,5086278.0
2024-06-12 09:55:00+03:00,15.779999732971191,15.779999732971191,15.779999732971191,15.779999732971191,15.779999732971191,0.0
2024-06-12 10:00:00+03:00,15.770000457763672,15.819999694824219,15.6899995803833,15.800000190734863,15.800000190734863,16112910.0
2024-06-12 10:05:00+03:00,15.800000190734863,15.920000076293945,15.779999732971191,15.899999618530273,15.899999618530273,9284109.0
2024-06-12 10:10:00+03:00,15.90999984741211,15.9399995803833,15.869999885559082,15.899999618530273,15.899999618530273,3408514.0
2024-06-12 10:15:00+03:00,15.890000343322754,16.059999465942383,15.869999885559082,16.040000915527344,16.040000915527344,12945390.0
2024-06-12 10:20:00+03:00,16.040000915527344,16.059999465942383,15.960000038146973,16.0,16.0,11107851.0
2024-06-12 10:25:00+03:00,16.0,16.010000228881836,15.890000343322754,15.949999809265137,15.949999809265137,5405228.0
2024-06-12 10:30:00+03:00,15.9399995803833,15.970000267028809,15.90999984741211,15.949999809265137,15.949999809265137,2170797.0
2024-06-12 10:35:00+03:00,15.9399995803833,15.989999771118164,15.920000076293945,15.9399995803833,15.9399995803833,3585640.0
2024-06-12 10:40:00+03:00,15.930000305175781,15.9399995803833,15.859999656677246,15.920000076293945,15.920000076293945,3413995.0
2024-06-12 10:45:00+03:00,15.920000076293945,15.9399995803833,15.890000343322754,15.920000076293945,15.920000076293945,2277492.0
2024-06-12 10:50:00+03:00,15.930000305175781,15.9399995803833,15.890000343322754,15.890000343322754,15.890000343322754,2412332.0
2024-06-12 10:55:00+03:00,15.890000343322754,15.920000076293945,15.890000343322754,15.90999984741211,15.90999984741211,2694998.0
2024-06-12 11:00:00+03:00,15.90999984741211,15.9399995803833,15.899999618530273,15.930000305175781,15.930000305175781,2770140.0
2024-06-12 11:05:00+03:00,15.930000305175781,15.930000305175781,15.899999618530273,15.90999984741211,15.90999984741211,794000.0
2024-06-12 11:10:00+03:00,15.90999984741211,15.930000305175781,15.90999984741211,15.920000076293945,15.920000076293945,520705.0
2024-06-12 11:15:00+03:00,15.920000076293945,15.970000267028809,15.920000076293945,15.949999809265137,15.949999809265137,2911157.0
2024-06-12 11:20:00+03:00,15.949999809265137,15.989999771118164,15.90999984741211,15.930000305175781,15.930000305175781,2802522.0
2024-06-12 11:25:00+03:00,15.930000305175781,15.9399995803833,15.90999984741211,15.930000305175781,15.930000305175781,1333631.0
2024-06-12 11:30:00+03:00,15.930000305175781,15.9399995803833,15.859999656677246,15.869999885559082,15.869999885559082,2627047.0
2024-06-12 11:35:00+03:00,15.859999656677246,15.880000114440918,15.829999923706055,15.850000381469727,15.850000381469727,1990992.0
2024-06-12 11:40:00+03:00,15.850000381469727,15.859999656677246,15.829999923706055,15.84000015258789,15.84000015258789,909116.0
2024-06-12 11:45:00+03:00,15.850000381469727,15.869999885559082,15.829999923706055,15.859999656677246,15.859999656677246,1201252.0
2024-06-12 11:50:00+03:00,15.859999656677246,15.859999656677246,15.84000015258789,15.859999656677246,15.859999656677246,410845.0
2024-06-12 11:55:00+03:00,15.859999656677246,15.859999656677246,15.800000190734863,15.819999694824219,15.819999694824219,3781189.0
2024-06-12 12:00:00+03:00,15.819999694824219,15.84000015258789,15.8100004196167,15.84000015258789,15.84000015258789,857585.0
2024-06-12 12:05:00+03:00,15.84000015258789,15.859999656677246,15.8100004196167,15.829999923706055,15.829999923706055,1646119.0
2024-06-12 12:10:00+03:00,15.829999923706055,15.84000015258789,15.819999694824219,15.829999923706055,15.829999923706055,488582.0
2024-06-12 12:15:00+03:00,15.829999923706055,15.84000015258789,15.819999694824219,15.84000015258789,15.84000015258789,238151.0
2024-06-12 12:20:00+03:00,15.829999923706055,15.84000015258789,15.819999694824219,15.829999923706055,15.829999923706055,524478.0
2024-06-12 12:25:00+03:00,15.84000015258789,15.84000015258789,15.819999694824219,15.829999923706055,15.829999923706055,386541.0
2024-06-12 12:30:00+03:00,15.819999694824219,15.829999923706055,15.8100004196167,15.829999923706055,15.829999923706055,591936.0
2024-06-12 12:35:00+03:00,15.829999923706055,15.829999923706055,15.8100004196167,15.8100004196167,15.8100004196167,239002.0
2024-06-12 12:40:00+03:00,15.819999694824219,15.819999694824219,15.760000228881836,15.760000228881836,15.760000228881836,2561289.0
2024-06-12 12:45:00+03:00,15.760000228881836,15.8100004196167,15.760000228881836,15.789999961853027,15.789999961853027,1116611.0
2024-06-12 12:50:00+03:00,15.789999961853027,15.8100004196167,15.779999732971191,15.8100004196167,15.8100004196167,425725.0
2024-06-12 12:55:00+03:00,15.8100004196167,15.8100004196167,15.779999732971191,15.800000190734863,15.800000190734863,508298.0
2024-06-12 13:00:00+03:00,15.800000190734863,15.819999694824219,15.779999732971191,15.819999694824219,15.819999694824219,520645.0
2024-06-12 13:05:00+03:00,15.819999694824219,15.819999694824219,15.8100004196167,15.819999694824219,15.819999694824219,278264.0
2024-06-12 13:10:00+03:00,15.819999694824219,15.819999694824219,15.800000190734863,15.8100004196167,15.8100004196167,263004.0
2024-06-12 13:15:00+03:00,15.800000190734863,15.829999923706055,15.789999961853027,15.819999694824219,15.819999694824219,906788.0
2024-06-12 13:20:00+03:00,15.819999694824219,15.869999885559082,15.8100004196167,15.869999885559082,15.869999885559082,1378003.0
2024-06-12 13:25:00+03:00,15.869999885559082,15.920000076293945,15.859999656677246,15.859999656677246,15.859999656677246,2896030.0
2024-06-12 13:30:00+03:00,15.859999656677246,15.880000114440918,15.850000381469727,15.869999885559082,15.869999885559082,931858.0
2024-06-12 13:35:00+03:00,15.869999885559082,15.890000343322754,15.859999656677246,15.859999656677246,15.859999656677246,529574.0
2024-06-12 13:40:00+03:00,15.869999885559082,15.880000114440918,15.859999656677246,15.869999885559082,15.869999885559082,523142.0
2024-06-12 13:45:00+03:00,15.869999885559082,15.890000343322754,15.850000381469727,15.869999885559082,15.869999885559082,563834.0
2024-06-12 13:50:00+03:00,15.880000114440918,15.880000114440918,15.84000015258789,15.850000381469727,15.850000381469727,1066176.0
2024-06-12 13:55:00+03:00,15.850000381469727,15.869999885559082,15.829999923706055,15.829999923706055,15.829999923706055,783710.0
2024-06-12 14:00:00+03:00,15.84000015258789,15.880000114440918,15.819999694824219,15.869999885559082,15.869999885559082,1164316.0
2024-06-12 14:05:00+03:00,15.859999656677246,15.899999618530273,15.850000381469727,15.880000114440918,15.880000114440918,780326.0
2024-06-12 14:10:00+03:00,15.880000114440918,15.90999984741211,15.859999656677246,15.899999618530273,15.899999618530273,1935279.0
2024-06-12 14:15:00+03:00,15.899999618530273,15.9399995803833,15.890000343322754,15.920000076293945,15.920000076293945,1894750.0
2024-06-12 14:20:00+03:00,15.920000076293945,15.920000076293945,15.850000381469727,15.869999885559082,15.869999885559082,817427.0
2024-06-12 14:25:00+03:00,15.869999885559082,15.880000114440918,15.859999656677246,15.869999885559082,15.869999885559082,299123.0
2024-06-12 14:30:00+03:00,15.880000114440918,15.880000114440918,15.850000381469727,15.869999885559082,15.869999885559082,411329.0
2024-06-12 14:35:00+03:00,15.869999885559082,15.899999618530273,15.859999656677246,15.899999618530273,15.899999618530273,771744.0
2024-06-12 14:40:00+03:00,15.890000343322754,15.920000076293945,15.880000114440918,15.899999618530273,15.899999618530273,1098508.0
2024-06-12 14:45:00+03:00,15.899999618530273,15.899999618530273,15.869999885559082,15.880000114440918,15.880000114440918,751780.0
2024-06-12 14:50:00+03:00,15.880000114440918,15.9399995803833,15.850000381469727,15.899999618530273,15.899999618530273,2401987.0
2024-06-12 14:55:00+03:00,15.890000343322754,15.899999618530273,15.869999885559082,15.890000343322754,15.890000343322754,865416.0
2024-06-12 15:00:00+03:00,15.890000343322754,15.90999984741211,15.880000114440918,15.899999618530273,15.899999618530273,726612.0
2024-06-12 15:05:00+03:00,15.899999618530273,15.899999618530273,15.880000114440918,15.880000114440918,15.880000114440918,424699.0
2024-06-12 15:10:00+03:00,15.880000114440918,15.920000076293945,15.880000114440918,15.899999618530273,15.899999618530273,963810.0
2024-06-12 15:15:00+03:00,15.890000343322754,15.899999618530273,15.84000015258789,15.859999656677246,15.859999656677246,2514615.0
2024-06-12 15:20:00+03:00,15.850000381469727,15.869999885559082,15.829999923706055,15.84000015258789,15.84000015258789,1019787.0
2024-06-12 15:25:00+03:00,15.850000381469727,15.869999885559082,15.8100004196167,15.859999656677246,15.859999656677246,1642522.0
2024-06-12 15:30:00+03:00,15.859999656677246,15.920000076293945,15.850000381469727,15.869999885559082,15.869999885559082,2512021.0
2024-06-12 15:35:00+03:00,15.869999885559082,15.899999618530273,15.84000015258789,15.890000343322754,15.890000343322754,1296498.0
2024-06-12 15:40:00+03:00,15.880000114440918,15.890000343322754,15.84000015258789,15.859999656677246,15.859999656677246,1249296.0
2024-06-12 15:45:00+03:00,15.859999656677246,15.890000343322754,15.850000381469727,15.869999885559082,15.869999885559082,668821.0
2024-06-12 15:50:00+03:00,15.869999885559082,15.880000114440918,15.850000381469727,15.880000114440918,15.880000114440918,662038.0
2024-06-12 15:55:00+03:00,15.869999885559082,15.90999984741211,15.869999885559082,15.899999618530273,15.899999618530273,1667487.0
2024-06-12 16:00:00+03:00,15.90999984741211,16.020000457763672,15.899999618530273,15.989999771118164,15.989999771118164,11236297.0
2024-06-12 16:05:00+03:00,15.989999771118164,16.110000610351562,15.989999771118164,16.06999969482422,16.06999969482422,10302172.0
2024-06-12 16:10:00+03:00,16.06999969482422,16.149999618530273,16.049999237060547,16.1299991607666,16.1299991607666,11524301.0
2024-06-12 16:15:00+03:00,16.1299991607666,16.149999618530273,16.06999969482422,16.09000015258789,16.09000015258789,4781600.0
2024-06-12 16:20:00+03:00,16.09000015258789,16.110000610351562,16.049999237060547,16.059999465942383,16.059999465942383,3074755.0
2024-06-12 16:25:00+03:00,16.049999237060547,16.049999237060547,16.010000228881836,16.040000915527344,16.040000915527344,1404069.0
2024-06-12 16:30:00+03:00,16.049999237060547,16.059999465942383,16.010000228881836,16.010000228881836,16.010000228881836,1564983.0
2024-06-12 16:35:00+03:00,16.020000457763672,16.020000457763672,15.949999809265137,15.970000267028809,15.970000267028809,2818059.0
2024-06-12 16:40:00+03:00,15.970000267028809,16.030000686645508,15.970000267028809,15.979999542236328,15.979999542236328,2115563.0
2024-06-12 16:45:00+03:00,15.979999542236328,16.010000228881836,15.979999542236328,16.0,16.0,554487.0
2024-06-12 16:50:00+03:00,16.0,16.040000915527344,15.989999771118164,16.0,16.0,1440125.0
2024-06-12 16:55:00+03:00,16.010000228881836,16.020000457763672,15.989999771118164,16.010000228881836,16.010000228881836,657016.0
2024-06-12 17:00:00+03:00,16.0,16.010000228881836,15.970000267028809,16.0,16.0,951437.0
2024-06-12 17:05:00+03:00,16.0,16.040000915527344,16.0,16.020000457763672,16.020000457763672,1247562.0
2024-06-12 17:10:00+03:00,16.020000457763672,16.09000015258789,16.010000228881836,16.079999923706055,16.079999923706055,2152541.0
2024-06-12 17:15:00+03:00,16.09000015258789,16.139999389648438,16.06999969482422,16.100000381469727,16.100000381469727,5312437.0
2024-06-12 17:20:00+03:00,16.100000381469727,16.15999984741211,16.100000381469727,16.149999618530273,16.149999618530273,3688757.0
2024-06-12 17:25:00+03:00,16.149999618530273,16.15999984741211,16.09000015258789,16.1299991607666,16.1299991607666,4182548.0
2024-06-12 17:30:00+03:00,16.1200008392334,16.139999389648438,16.09000015258789,16.110000610351562,16.110000610351562,4579928.0
2024-06-12 17:35:00+03:00,16.110000610351562,16.149999618530273,16.079999923706055,16.100000381469727,16.100000381469727,2887036.0
2024-06-12 17:40:00+03:00,16.09000015258789,16.110000610351562,16.06999969482422,16.100000381469727,16.100000381469727,1459601.0
2024-06-12 17:45:00+03:00,16.09000015258789,16.1299991607666,16.09000015258789,16.100000381469727,16.100000381469727,2354244.0
2024-06-12 17:50:00+03:00,16.09000015258789,16.1299991607666,16.09000015258789,16.1200008392334,16.1200008392334,2380034.0
2024-06-12 17:55:00+03:00,16.110000610351562,16.149999618530273,16.09000015258789,16.09000015258789,16.09000015258789,5977468.0
2024-06-13 09:55:00+03:00,16.25,16.25,16.25,16.25,16.25,0.0
2024-06-13 10:00:00+03:00,16.260000228881836,16.479999542236328,16.260000228881836,16.3700008392334,16.3700008392334,22921629.0
2024-06-13 10:05:00+03:00,16.3700008392334,16.579999923706055,16.360000610351562,16.559999465942383,16.559999465942383,14135019.0
2024-06-13 10:10:00+03:00,16.559999465942383,16.559999465942383,16.459999084472656,16.469999313354492,16.469999313354492,10332832.0
2024-06-13 10:15:00+03:00,16.479999542236328,16.530000686645508,16.469999313354492,16.510000228881836,16.510000228881836,3877424.0
2024-06-13 10:20:00+03:00,16.5,16.540000915527344,16.469999313354492,16.489999771118164,16.489999771118164,5433695.0
2024-06-13 10:25:00+03:00,16.5,16.510000228881836,16.479999542236328,16.489999771118164,16.489999771118164,1348315.0
2024-06-13 10:30:00+03:00,16.489999771118164,16.510000228881836,16.450000762939453,16.489999771118164,16.489999771118164,4064507.0
2024-06-13 10:35:00+03:00,16.5,16.600000381469727,16.489999771118164,16.56999969482422,16.56999969482422,12630248.0
2024-06-13 10:40:00+03:00,16.579999923706055,16.600000381469727,16.540000915527344,16.549999237060547,16.549999237060547,4848758.0
2024-06-13 10:45:00+03:00,16.559999465942383,16.559999465942383,16.520000457763672,16.549999237060547,16.549999237060547,1671481.0
2024-06-13 10:50:00+03:00,16.549999237060547,16.549999237060547,16.5,16.510000228881836,16.510000228881836,1634562.0
2024-06-13 10:55:00+03:00,16.510000228881836,16.530000686645508,16.469999313354492,16.489999771118164,16.489999771118164,2038654.0
2024-06-13 11:00:00+03:00,16.489999771118164,16.530000686645508,16.469999313354492,16.520000457763672,16.520000457763672,1798407.0
2024-06-13 11:05:00+03:00,16.520000457763672,16.530000686645508,16.469999313354492,16.469999313354492,16.469999313354492,1728218.0
2024-06-13 11:10:00+03:00,16.479999542236328,16.479999542236328,16.450000762939453,16.459999084472656,16.459999084472656,1491393.0
2024-06-13 11:15:00+03:00,16.450000762939453,16.469999313354492,16.43000030517578,16.440000534057617,16.440000534057617,1623121.0
2024-06-13 11:20:00+03:00,16.440000534057617,16.459999084472656,16.420000076293945,16.450000762939453,16.450000762939453,989907.0
2024-06-13 11:25:00+03:00,16.450000762939453,16.450000762939453,16.43000030517578,16.440000534057617,16.440000534057617,730962.0
2024-06-13 11:30:00+03:00,16.43000030517578,16.450000762939453,16.420000076293945,16.440000534057617,16.440000534057617,1199651.0
2024-06-13 11:35:00+03:00,16.450000762939453,16.450000762939453,16.399999618530273,16.40999984741211,16.40999984741211,1531470.0
2024-06-13 11:40:00+03:00,16.40999984741211,16.420000076293945,16.3799991607666,16.40999984741211,16.40999984741211,2540344.0
2024-06-13 11:45:00+03:00,16.420000076293945,16.440000534057617,16.3700008392334,16.3799991607666,16.3799991607666,1725622.0
2024-06-13 11:50:00+03:00,16.3799991607666,16.399999618530273,16.360000610351562,16.399999618530273,16.399999618530273,1474992.0
2024-06-13 11:55:00+03:00,16.389999389648438,16.399999618530273,16.34000015258789,16.360000610351562,16.360000610351562,2819463.0
2024-06-13 12:00:00+03:00,16.360000610351562,16.360000610351562,16.309999465942383,16.360000610351562,16.360000610351562,2708366.0
2024-06-13 12:05:00+03:00,16.350000381469727,16.3700008392334,16.34000015258789,16.3700008392334,16.3700008392334,757912.0
2024-06-13 12:10:00+03:00,16.3700008392334,16.3799991607666,16.350000381469727,16.360000610351562,16.360000610351562,1056231.0
2024-06-13 12:15:00+03:00,16.350000381469727,16.360000610351562,16.329999923706055,16.34000015258789,16.34000015258789,1367142.0
2024-06-13 12:20:00+03:00,16.329999923706055,16.350000381469727,16.309999465942383,16.309999465942383,16.309999465942383,1910054.0
2024-06-13 12:25:00+03:00,16.309999465942383,16.360000610351562,16.309999465942383,16.360000610351562,16.360000610351562,1141156.0
2024-06-13 12:30:00+03:00,16.360000610351562,16.3700008392334,16.34000015258789,16.34000015258789,16.34000015258789,1193490.0
2024-06-13 12:35:00+03:00,16.34000015258789,16.360000610351562,16.329999923706055,16.350000381469727,16.350000381469727,535179.0
2024-06-13 12:40:00+03:00,16.350000381469727,16.350000381469727,16.329999923706055,16.350000381469727,16.350000381469727,403242.0
2024-06-13 12:45:00+03:00,16.350000381469727,16.350000381469727,16.329999923706055,16.350000381469727,16.350000381469727,887336.0
2024-06-13 12:50:00+03:00,16.350000381469727,16.350000381469727,16.34000015258789,16.34000015258789,16.34000015258789,131307.0
2024-06-13 12:55:00+03:00,16.350000381469727,16.3700008392334,16.34000015258789,16.3700008392334,16.3700008392334,490235.0
2024-06-13 13:00:00+03:00,16.3700008392334,16.3700008392334,16.350000381469727,16.3700008392334,16.3700008392334,470189.0
2024-06-13 13:05:00+03:00,16.3700008392334,16.3700008392334,16.34000015258789,16.350000381469727,16.350000381469727,212130.0
2024-06-13 13:10:00+03:00,16.350000381469727,16.350000381469727,16.31999969482422,16.329999923706055,16.329999923706055,788092.0
2024-06-13 13:15:00+03:00,16.329999923706055,16.329999923706055,16.299999237060547,16.309999465942383,16.309999465942383,1029963.0
2024-06-13 13:20:00+03:00,16.309999465942383,16.329999923706055,16.280000686645508,16.31999969482422,16.31999969482422,1712245.0
2024-06-13 13:25:00+03:00,16.309999465942383,16.329999923706055,16.290000915527344,16.309999465942383,16.309999465942383,690001.0
2024-06-13 13:30:00+03:00,16.309999465942383,16.309999465942383,16.280000686645508,16.290000915527344,16.290000915527344,969094.0
2024-06-13 13:35:00+03:00,16.290000915527344,16.299999237060547,16.280000686645508,16.299999237060547,16.299999237060547,703140.0
2024-06-13 13:40:00+03:00,16.299999237060547,16.299999237060547,16.270000457763672,16.280000686645508,16.280000686645508,514654.0
2024-06-13 13:45:00+03:00,16.280000686645508,16.309999465942383,16.270000457763672,16.290000915527344,16.290000915527344,1127264.0
2024-06-13 13:50:00+03:00,16.290000915527344,16.34000015258789,16.280000686645508,16.31999969482422,16.31999969482422,1300067.0
2024-06-13 13:55:00+03:00,16.31999969482422,16.34000015258789,16.309999465942383,16.34000015258789,16.34000015258789,1212028.0
2024-06-13 14:00:00+03:00,16.34000015258789,16.34000015258789,16.329999923706055,16.34000015258789,16.34000015258789,686498.0
2024-06-13 14:05:00+03:00,16.34000015258789,16.350000381469727,16.280000686645508,16.299999237060547,16.299999237060547,2858129.0
2024-06-13 14:10:00+03:00,16.299999237060547,16.3700008392334,16.280000686645508,16.360000610351562,16.360000610351562,1381429.0
2024-06-13 14:15:00+03:00,16.360000610351562,16.399999618530273,16.360000610351562,16.389999389648438,16.389999389648438,2768698.0
2024-06-13 14:20:00+03:00,16.399999618530273,16.399999618530273,16.350000381469727,16.3700008392334,16.3700008392334,1485319.0
2024-06-13 14:25:00+03:00,16.360000610351562,16.3799991607666,16.34000015258789,16.350000381469727,16.350000381469727,816731.0
2024-06-13 14:30:00+03:00,16.350000381469727,16.3700008392334,16.34000015258789,16.34000015258789,16.34000015258789,624176.0
2024-06-13 14:35:00+03:00,16.350000381469727,16.360000610351562,16.309999465942383,16.329999923706055,16.329999923706055,1642671.0
2024-06-13 14:40:00+03:00,16.31999969482422,16.34000015258789,16.31999969482422,16.329999923706055,16.329999923706055,637924.0
2024-06-13 14:45:00+03:00,16.329999923706055,16.34000015258789,16.309999465942383,16.31999969482422,16.31999969482422,620581.0
2024-06-13 14:50:00+03:00,16.31999969482422,16.329999923706055,16.309999465942383,16.329999923706055,16.329999923706055,918266.0
2024-06-13 14:55:00+03:00,16.329999923706055,16.329999923706055,16.25,16.290000915527344,16.290000915527344,3295405.0
2024-06-13 15:00:00+03:00,16.290000915527344,16.329999923706055,16.280000686645508,16.31999969482422,16.31999969482422,1745241.0
2024-06-13 15:05:00+03:00,16.31999969482422,16.31999969482422,16.299999237060547,16.309999465942383,16.309999465942383,567082.0
2024-06-13 15:10:00+03:00,16.309999465942383,16.31999969482422,16.280000686645508,16.290000915527344,16.290000915527344,1415987.0
2024-06-13 15:15:00+03:00,16.290000915527344,16.329999923706055,16.280000686645508,16.329999923706055,16.329999923706055,1501462.0
2024-06-13 15:20:00+03:00,16.329999923706055,16.360000610351562,16.309999465942383,16.360000610351562,16.360000610351562,2072059.0
2024-06-13 15:25:00+03:00,16.360000610351562,16.3799991607666,16.34000015258789,16.3700008392334,16.3700008392334,1298460.0
2024-06-13 15:30:00+03:00,16.3700008392334,16.399999618530273,16.329999923706055,16.360000610351562,16.360000610351562,2337770.0
2024-06-13 15:35:00+03:00,16.360000610351562,16.360000610351562,16.309999465942383,16.31999969482422,16.31999969482422,1252323.0
2024-06-13 15:40:00+03:00,16.31999969482422,16.350000381469727,16.309999465942383,16.34000015258789,16.34000015258789,3025509.0
2024-06-13 15:45:00+03:00,16.350000381469727,16.350000381469727,16.329999923706055,16.350000381469727,16.350000381469727,548726.0
2024-06-13 15:50:00+03:00,16.350000381469727,16.3799991607666,16.34000015258789,16.3799991607666,16.3799991607666,1453846.0
2024-06-13 15:55:00+03:00,16.3700008392334,16.440000534057617,16.3700008392334,16.40999984741211,16.40999984741211,4180614.0
2024-06-13 16:00:00+03:00,16.40999984741211,16.420000076293945,16.3799991607666,16.399999618530273,16.399999618530273,1433558.0
2024-06-13 16:05:00+03:00,16.399999618530273,16.40999984741211,16.389999389648438,16.40999984741211,16.40999984741211,982022.0
2024-06-13 16:10:00+03:00,16.40999984741211,16.40999984741211,16.360000610351562,16.3700008392334,16.3700008392334,1527149.0
2024-06-13 16:15:00+03:00,16.3700008392334,16.3799991607666,16.360000610351562,16.3799991607666,16.3799991607666,434621.0
2024-06-13 16:20:00+03:00,16.3700008392334,16.389999389648438,16.3700008392334,16.3700008392334,16.3700008392334,598710.0
2024-06-13 16:25:00+03:00,16.3700008392334,16.3799991607666,16.34000015258789,16.360000610351562,16.360000610351562,1314626.0
2024-06-13 16:30:00+03:00,16.360000610351562,16.360000610351562,16.31999969482422,16.329999923706055,16.329999923706055,1215907.0
2024-06-13 16:35:00+03:00,16.34000015258789,16.350000381469727,16.329999923706055,16.34000015258789,16.34000015258789,606513.0
2024-06-13 16:40:00+03:00,16.34000015258789,16.34000015258789,16.299999237060547,16.31999969482422,16.31999969482422,1284032.0
2024-06-13 16:45:00+03:00,16.31999969482422,16.329999923706055,16.309999465942383,16.329999923706055,16.329999923706055,1011709.0
2024-06-13 16:50:00+03:00,16.329999923706055,16.329999923706055,16.280000686645508,16.299999237060547,16.299999237060547,2499759.0
2024-06-13 16:55:00+03:00,16.299999237060547,16.34000015258789,16.280000686645508,16.31999969482422,16.31999969482422,2076951.0
2024-06-13 17:00:00+03:00,16.329999923706055,16.329999923706055,16.299999237060547,16.31999969482422,16.31999969482422,989796.0
2024-06-13 17:05:00+03:00,16.31999969482422,16.360000610351562,16.299999237060547,16.34000015258789,16.34000015258789,1226201.0
2024-06-13 17:10:00+03:00,16.34000015258789,16.34000015258789,16.309999465942383,16.31999969482422,16.31999969482422,1061620.0
2024-06-13 17:15:00+03:00,16.329999923706055,16.350000381469727,16.31999969482422,16.329999923706055,16.329999923706055,755287.0
2024-06-13 17:20:00+03:00,16.329999923706055,16.34000015258789,16.309999465942383,16.329999923706055,16.329999923706055,1002799.0
2024-06-13 17:25:00+03:00,16.34000015258789,16.34000015258789,16.270000457763672,16.299999237060547,16.299999237060547,5218874.0
2024-06-13 17:30:00+03:00,16.299999237060547,16.329999923706055,16.260000228881836,16.309999465942383,16.309999465942383,2309216.0
2024-06-13 17:35:00+03:00,16.31999969482422,16.350000381469727,16.299999237060547,16.350000381469727,16.350000381469727,3109015.0
2024-06-13 17:40:00+03:00,16.350000381469727,16.350000381469727,16.280000686645508,16.309999465942383,16.309999465942383,3694733.0
2024-06-13 17:45:00+03:00,16.309999465942383,16.34000015258789,16.290000915527344,16.299999237060547,16.299999237060547,1808026.0
2024-06-13 17:50:00+03:00,16.290000915527344,16.31999969482422,16.290000915527344,16.31999969482422,16.31999969482422,1623069.0
2024-06-13 17:55:00+03:00,16.309999465942383,16.329999923706055,16.299999237060547,16.329999923706055,16.329999923706055,2309999.0
2024-06-13 18:00:00+03:00,16.309999465942383,16.309999465942383,16.309999465942383,16.309999465942383,16.309999465942383,0.0
